Workbook

Sheet 01-11-2025
A1: Dailly SMG Pick List | J1: 24AACCN5739J1ZA
A2: Supply Month | B2: 45962
A3: INVOICE NO | B3: KANBAN NO | C3: PART NUMBER | D3: Material Code | E3: PART NAME | F3: SUPPLY DATE | G3: SUPPLY TIME | H3: UNLOADING LOC | I3: Line | J3: Qty Req | K3: Packing Standerd | L3: Packed in | M3: TTL Bin | N3: TORLLY | O3: Vehicle No | P3: Remarks | Q3: Helper Name
A4: G/I/25-26/01061 | B4: 01Y584213272AC5 | C4: 55101M58U10 | D4: =VLOOKUP($C4,Sheet2!$A$2:$B$10,2,0) -> 141110-14600 | E4: CALIPER ASSY,FRONT BRAKE,R | F4: 45962 | G4: 0.35416667 | H4: CA-07 | I4: AC5 | J4: 36 | K4: =VLOOKUP($C4,Sheet2!$A$2:$D$10,4,0) -> 18 | L4: =VLOOKUP($C4,Sheet2!$A$2:$E$10,5,0) -> Trolley (H) | N4: 2 | O4: GJ01ET3377
A5: G/I/25-26/01061 | B5: 01Y584216450AC5 | C5: 55102M58U10 | D5: =VLOOKUP($C5,Sheet2!$A$2:$B$10,2,0) -> 141120-14600 | E5: CALIPER ASSY,FRONT BRAKE,L | F5: 45962 | G5: 0.35416667 | H5: CA-07 | I5: AC5 | J5: 36 | K5: =VLOOKUP($C5,Sheet2!$A$2:$D$10,4,0) -> 18 | L5: =VLOOKUP($C5,Sheet2!$A$2:$E$10,5,0) -> Trolley (H) | O5: GJ01ET3377
A6: G/I/25-26/01061 | B6: 01Y584248335AC5 | C6: 55101M58U10 | D6: =VLOOKUP($C6,Sheet2!$A$2:$B$10,2,0) -> 141110-14600 | E6: CALIPER ASSY,FRONT BRAKE,R | F6: 45962 | G6: 0.35416667 | H6: CA-07 | I6: AC5 | J6: 18 | K6: =VLOOKUP($C6,Sheet2!$A$2:$D$10,4,0) -> 18 | L6: =VLOOKUP($C6,Sheet2!$A$2:$E$10,5,0) -> Trolley (H) | N6: 1 | O6: GJ01ET3377
A7: G/I/25-26/01061 | B7: 01Y584248343AC5 | C7: 55102M58U10 | D7: =VLOOKUP($C7,Sheet2!$A$2:$B$10,2,0) -> 141120-14600 | E7: CALIPER ASSY,FRONT BRAKE,L | F7: 45962 | G7: 0.35416667 | H7: CA-07 | I7: AC5 | J7: 18 | K7: =VLOOKUP($C7,Sheet2!$A$2:$D$10,4,0) -> 18 | L7: =VLOOKUP($C7,Sheet2!$A$2:$E$10,5,0) -> Trolley (H) | O7: GJ01ET3377
A8: G/I/25-26/01061 | B8: 01Y584257091AC5 | C8: 55101M58U10 | D8: =VLOOKUP($C8,Sheet2!$A$2:$B$10,2,0) -> 141110-14600 | E8: CALIPER ASSY,FRONT BRAKE,R | F8: 45962 | G8: 0.35416667 | H8: CA-07 | I8: AC5 | J8: 18 | K8: =VLOOKUP($C8,Sheet2!$A$2:$D$10,4,0) -> 18 | L8: =VLOOKUP($C8,Sheet2!$A$2:$E$10,5,0) -> Trolley (H) | N8: 1 | O8: GJ01ET3377
A9: G/I/25-26/01061 | B9: 01Y584257032AC5 | C9: 55102M58U10 | D9: =VLOOKUP($C9,Sheet2!$A$2:$B$10,2,0) -> 141120-14600 | E9: CALIPER ASSY,FRONT BRAKE,L | F9: 45962 | G9: 0.35416667 | H9: CA-07 | I9: AC5 | J9: 18 | K9: =VLOOKUP($C9,Sheet2!$A$2:$D$10,4,0) -> 18 | L9: =VLOOKUP($C9,Sheet2!$A$2:$E$10,5,0) -> Trolley (H) | O9: GJ01ET3377
A10: G/I/25-26/01061 | B10: 01Y584216484AC5 | C10: 55311M58U00 | D10: =VLOOKUP($C10,Sheet2!$A$2:$B$10,2,0) -> 141185-74670 | E10: DISC,FRONT BRAKE | F10: 45962 | G10: 0.35416667 | H10: CA-07 | I10: AC5 | J10: 40 | K10: =VLOOKUP($C10,Sheet2!$A$2:$D$10,4,0) -> 40 | L10: =VLOOKUP($C10,Sheet2!$A$2:$E$10,5,0) -> Trolley | N10: =J10/K10 -> 1 | O10: GJ01ET3377
A11: G/I/25-26/01061 | B11: 01Y584253371AC5 | C11: 55311M58U00 | D11: =VLOOKUP($C11,Sheet2!$A$2:$B$10,2,0) -> 141185-74670 | E11: DISC,FRONT BRAKE | F11: 45962 | G11: 0.35416667 | H11: CA-07 | I11: AC5 | J11: 40 | K11: =VLOOKUP($C11,Sheet2!$A$2:$D$10,4,0) -> 40 | L11: =VLOOKUP($C11,Sheet2!$A$2:$E$10,5,0) -> Trolley | N11: =J11/K11 -> 1 | O11: GJ01ET3377
A12: G/I/25-26/01061 | B12: 01Y584216514AC5 | C12: 55401M58U00 | D12: =VLOOKUP($C12,Sheet2!$A$2:$B$10,2,0) -> 141140-91211 | E12: CALIPER ASSY,REAR BRAKE,R | F12: 45962 | G12: 0.35416667 | H12: CA-21 | I12: AC5 | J12: 12 | K12: =VLOOKUP($C12,Sheet2!$A$2:$D$10,4,0) -> 2 | L12: =VLOOKUP($C12,Sheet2!$A$2:$E$10,5,0) -> Bin | M12: =J12/K12 -> 6 | O12: GJ01ET3377
A13: G/I/25-26/01061 | B13: 01Y584256036AC5 | C13: 55401M58U00 | D13: =VLOOKUP($C13,Sheet2!$A$2:$B$10,2,0) -> 141140-91211 | E13: CALIPER ASSY,REAR BRAKE,R | F13: 45962 | G13: 0.35416667 | H13: CA-21 | I13: AC5 | J13: 12 | K13: =VLOOKUP($C13,Sheet2!$A$2:$D$10,4,0) -> 2 | L13: =VLOOKUP($C13,Sheet2!$A$2:$E$10,5,0) -> Bin | M13: =J13/K13 -> 6 | O13: GJ01ET3377
A14: G/I/25-26/01061 | B14: 01Y584216557AC5 | C14: 55402M58U00 | D14: =VLOOKUP($C14,Sheet2!$A$2:$B$10,2,0) -> 141150-91211 | E14: CALIPER ASSY,REAR BRAKE,L | F14: 45962 | G14: 0.35416667 | H14: CA-21 | I14: AC5 | J14: 12 | K14: =VLOOKUP($C14,Sheet2!$A$2:$D$10,4,0) -> 2 | L14: =VLOOKUP($C14,Sheet2!$A$2:$E$10,5,0) -> Bin | M14: =J14/K14 -> 6 | O14: GJ01ET3377
A15: G/I/25-26/01061 | B15: 01Y584248351AC5 | C15: 55402M58U00 | D15: =VLOOKUP($C15,Sheet2!$A$2:$B$10,2,0) -> 141150-91211 | E15: CALIPER ASSY,REAR BRAKE,L | F15: 45962 | G15: 0.35416667 | H15: CA-21 | I15: AC5 | J15: 4 | K15: =VLOOKUP($C15,Sheet2!$A$2:$D$10,4,0) -> 2 | L15: =VLOOKUP($C15,Sheet2!$A$2:$E$10,5,0) -> Bin | M15: =J15/K15 -> 2 | O15: GJ01ET3377
A16: G/I/25-26/01061 | B16: 01Y584254513AC5 | C16: 55402M58U00 | D16: =VLOOKUP($C16,Sheet2!$A$2:$B$10,2,0) -> 141150-91211 | E16: CALIPER ASSY,REAR BRAKE,L | F16: 45962 | G16: 0.35416667 | H16: CA-21 | I16: AC5 | J16: 12 | K16: =VLOOKUP($C16,Sheet2!$A$2:$D$10,4,0) -> 2 | L16: =VLOOKUP($C16,Sheet2!$A$2:$E$10,5,0) -> Bin | M16: =J16/K16 -> 6 | O16: GJ01ET3377
A17: G/I/25-26/01061 | B17: 01Y584216590AC5 | C17: 55611M58U00 | D17: =VLOOKUP($C17,Sheet2!$A$2:$B$10,2,0) -> 141186-74360 | E17: DISC,REAR BRAKE | F17: 45962 | G17: 0.35416667 | H17: CA-21 | I17: AC5 | J17: 40 | K17: =VLOOKUP($C17,Sheet2!$A$2:$D$10,4,0) -> 40 | L17: =VLOOKUP($C17,Sheet2!$A$2:$E$10,5,0) -> Trolley | N17: =J17/K17 -> 1 | O17: GJ01ET3377
A18: G/I/25-26/01062 | B18: 01Y584216620AC5 | C18: 56110M58UA1 | D18: =VLOOKUP($C18,Sheet2!$A$2:$B$10,2,0) -> 116040-92240 | E18: ACTUATOR ASSY,NO VARIANT ESP | F18: 45962 | G18: 0.35416667 | H18: CA-01 | I18: AC5 | J18: 12 | K18: =VLOOKUP($C18,Sheet2!$A$2:$D$10,4,0) -> 6 | L18: =VLOOKUP($C18,Sheet2!$A$2:$E$10,5,0) -> Bin | M18: =J18/K18 -> 2 | O18: GJ01ET3377
A19: G/I/25-26/01062 | B19: 01Y584248360AC5 | C19: 56110M58UA1 | D19: =VLOOKUP($C19,Sheet2!$A$2:$B$10,2,0) -> 116040-92240 | E19: ACTUATOR ASSY,NO VARIANT ESP | F19: 45962 | G19: 0.35416667 | H19: CA-01 | I19: AC5 | J19: 6 | K19: =VLOOKUP($C19,Sheet2!$A$2:$D$10,4,0) -> 6 | L19: =VLOOKUP($C19,Sheet2!$A$2:$E$10,5,0) -> Bin | M19: =J19/K19 -> 1 | O19: GJ01ET3377
A20: G/I/25-26/01062 | B20: 01Y584250887AC5 | C20: 56110M58UA1 | D20: =VLOOKUP($C20,Sheet2!$A$2:$B$10,2,0) -> 116040-92240 | E20: ACTUATOR ASSY,NO VARIANT ESP | F20: 45962 | G20: 0.35416667 | H20: CA-01 | I20: AC5 | J20: 12 | K20: =VLOOKUP($C20,Sheet2!$A$2:$D$10,4,0) -> 6 | L20: =VLOOKUP($C20,Sheet2!$A$2:$E$10,5,0) -> Bin | M20: =J20/K20 -> 2 | O20: GJ01ET3377
A21: G/I/25-26/01062 | B21: 01Y584216662AC5 | C21: 5A120M58U01 | D21: =VLOOKUP($C21,Sheet2!$A$2:$B$10,2,0) -> 114010-50820 | E21: CYLINDER ASSY,BK MASTER W/ECU | F21: 45962 | G21: 0.35416667 | H21: CA-01 | I21: AC5 | J21: 8 | K21: =VLOOKUP($C21,Sheet2!$A$2:$D$10,4,0) -> 1 | L21: =VLOOKUP($C21,Sheet2!$A$2:$E$10,5,0) -> Bin | M21: =J21/K21 -> 8 | O21: GJ01ET3377
A22: G/I/25-26/01062 | B22: 01Y584248378AC5 | C22: 5A120M58U01 | D22: =VLOOKUP($C22,Sheet2!$A$2:$B$10,2,0) -> 114010-50820 | E22: CYLINDER ASSY,BK MASTER W/ECU | F22: 45962 | G22: 0.35416667 | H22: CA-01 | I22: AC5 | J22: 6 | K22: =VLOOKUP($C22,Sheet2!$A$2:$D$10,4,0) -> 1 | L22: =VLOOKUP($C22,Sheet2!$A$2:$E$10,5,0) -> Bin | M22: =J22/K22 -> 6 | O22: GJ01ET3377
A23: G/I/25-26/01062 | B23: 01Y584255480AC5 | C23: 5A120M58U01 | D23: =VLOOKUP($C23,Sheet2!$A$2:$B$10,2,0) -> 114010-50820 | E23: CYLINDER ASSY,BK MASTER W/ECU | F23: 45962 | G23: 0.35416667 | H23: CA-01 | I23: AC5 | J23: 6 | K23: =VLOOKUP($C23,Sheet2!$A$2:$D$10,4,0) -> 1 | L23: =VLOOKUP($C23,Sheet2!$A$2:$E$10,5,0) -> Bin | M23: =J23/K23 -> 6 | O23: GJ01ET3377
A24: G/I/25-26/01062 | B24: 01Y584216700AC5 | C24: 5A120M58U50 | D24: =VLOOKUP($C24,Sheet2!$A$2:$B$10,2,0) -> 114010-50830 | E24: CYLINDER ASSY,BK MASTER W/ECU | F24: 45962 | G24: 0.35416667 | H24: CA-01 | I24: AC5 | J24: 4 | K24: =VLOOKUP($C24,Sheet2!$A$2:$D$10,4,0) -> 1 | L24: =VLOOKUP($C24,Sheet2!$A$2:$E$10,5,0) -> Bin | M24: =J24/K24 -> 4 | O24: GJ01ET3377
A25: G/I/25-26/01062 | B25: 01Y584258764AC5 | C25: 5A120M58U50 | D25: =VLOOKUP($C25,Sheet2!$A$2:$B$10,2,0) -> 114010-50830 | E25: CYLINDER ASSY,BK MASTER W/ECU | F25: 45962 | G25: 0.35416667 | H25: CA-01 | I25: AC5 | J25: 7 | K25: =VLOOKUP($C25,Sheet2!$A$2:$D$10,4,0) -> 1 | L25: =VLOOKUP($C25,Sheet2!$A$2:$E$10,5,0) -> Bin | M25: =J25/K25 -> 7 | O25: GJ01ET3377
M26: 62 | N26: 7
A27: G/I/25-26/01064 | B27: 01Y584213280AC5 | C27: 55101M58U10 | D27: =VLOOKUP($C27,Sheet2!$A$2:$B$10,2,0) -> 141110-14600 | E27: CALIPER ASSY,FRONT BRAKE,R | F27: 45962 | G27: 0.47916667 | H27: CA-07 | I27: AC5 | J27: 18 | K27: =VLOOKUP($C27,Sheet2!$A$2:$D$10,4,0) -> 18 | L27: =VLOOKUP($C27,Sheet2!$A$2:$E$10,5,0) -> Trolley (H) | N27: 1 | O27: GJ27TD4419
A28: G/I/25-26/01064 | B28: 01Y584216468AC5 | C28: 55102M58U10 | D28: =VLOOKUP($C28,Sheet2!$A$2:$B$10,2,0) -> 141120-14600 | E28: CALIPER ASSY,FRONT BRAKE,L | F28: 45962 | G28: 0.47916667 | H28: CA-07 | I28: AC5 | J28: 18 | K28: =VLOOKUP($C28,Sheet2!$A$2:$D$10,4,0) -> 18 | L28: =VLOOKUP($C28,Sheet2!$A$2:$E$10,5,0) -> Trolley (H) | O28: GJ27TD4419
A29: G/I/25-26/01064 | B29: 01Y584216492AC5 | C29: 55311M58U00 | D29: =VLOOKUP($C29,Sheet2!$A$2:$B$10,2,0) -> 141185-74670 | E29: DISC,FRONT BRAKE | F29: 45962 | G29: 0.47916667 | H29: CA-07 | I29: AC5 | J29: 40 | K29: =VLOOKUP($C29,Sheet2!$A$2:$D$10,4,0) -> 40 | L29: =VLOOKUP($C29,Sheet2!$A$2:$E$10,5,0) -> Trolley | N29: =J29/K29 -> 1 | O29: GJ27TD4419
A30: G/I/25-26/01064 | B30: 01Y584216522AC5 | C30: 55401M58U00 | D30: =VLOOKUP($C30,Sheet2!$A$2:$B$10,2,0) -> 141140-91211 | E30: CALIPER ASSY,REAR BRAKE,R | F30: 45962 | G30: 0.47916667 | H30: CA-21 | I30: AC5 | J30: 20 | K30: =VLOOKUP($C30,Sheet2!$A$2:$D$10,4,0) -> 2 | L30: =VLOOKUP($C30,Sheet2!$A$2:$E$10,5,0) -> Bin | M30: =J30/K30 -> 10 | O30: GJ27TD4419
A31: G/I/25-26/01064 | B31: 01Y584216565AC5 | C31: 55402M58U00 | D31: =VLOOKUP($C31,Sheet2!$A$2:$B$10,2,0) -> 141150-91211 | E31: CALIPER ASSY,REAR BRAKE,L | F31: 45962 | G31: 0.47916667 | H31: CA-21 | I31: AC5 | J31: 20 | K31: =VLOOKUP($C31,Sheet2!$A$2:$D$10,4,0) -> 2 | L31: =VLOOKUP($C31,Sheet2!$A$2:$E$10,5,0) -> Bin | M31: =J31/K31 -> 10 | O31: GJ27TD4419
A32: G/I/25-26/01064 | B32: 01Y584216603AC5 | C32: 55611M58U00 | D32: =VLOOKUP($C32,Sheet2!$A$2:$B$10,2,0) -> 141186-74360 | E32: DISC,REAR BRAKE | F32: 45962 | G32: 0.47916667 | H32: CA-21 | I32: AC5 | J32: 40 | K32: =VLOOKUP($C32,Sheet2!$A$2:$D$10,4,0) -> 40 | L32: =VLOOKUP($C32,Sheet2!$A$2:$E$10,5,0) -> Trolley | N32: =J32/K32 -> 1 | O32: GJ27TD4419
A33: G/I/25-26/01063 | B33: 01Y584216638AC5 | C33: 56110M58UA1 | D33: =VLOOKUP($C33,Sheet2!$A$2:$B$10,2,0) -> 116040-92240 | E33: ACTUATOR ASSY,NO VARIANT ESP | F33: 45962 | G33: 0.47916667 | H33: CA-01 | I33: AC5 | J33: 24 | K33: =VLOOKUP($C33,Sheet2!$A$2:$D$10,4,0) -> 6 | L33: =VLOOKUP($C33,Sheet2!$A$2:$E$10,5,0) -> Bin | M33: =J33/K33 -> 4 | O33: GJ27TD4419
A34: G/I/25-26/01063 | B34: 01Y584216670AC5 | C34: 5A120M58U01 | D34: =VLOOKUP($C34,Sheet2!$A$2:$B$10,2,0) -> 114010-50820 | E34: CYLINDER ASSY,BK MASTER W/ECU | F34: 45962 | G34: 0.47916667 | H34: CA-01 | I34: AC5 | J34: 9 | K34: =VLOOKUP($C34,Sheet2!$A$2:$D$10,4,0) -> 1 | L34: =VLOOKUP($C34,Sheet2!$A$2:$E$10,5,0) -> Bin | M34: =J34/K34 -> 9 | O34: GJ27TD4419
A35: G/I/25-26/01063 | B35: 01Y584216719AC5 | C35: 5A120M58U50 | D35: =VLOOKUP($C35,Sheet2!$A$2:$B$10,2,0) -> 114010-50830 | E35: CYLINDER ASSY,BK MASTER W/ECU | F35: 45962 | G35: 0.47916667 | H35: CA-01 | I35: AC5 | J35: 11 | K35: =VLOOKUP($C35,Sheet2!$A$2:$D$10,4,0) -> 1 | L35: =VLOOKUP($C35,Sheet2!$A$2:$E$10,5,0) -> Bin | M35: =J35/K35 -> 11 | O35: GJ27TD4419
M36: 44 | N36: 3
A37: G/I/25-26/01065 | B37: 01Y584213264AC5 | C37: 55101M58U10 | D37: =VLOOKUP($C37,Sheet2!$A$2:$B$10,2,0) -> 141110-14600 | E37: CALIPER ASSY,FRONT BRAKE,R | F37: 45962 | G37: 0.6875 | H37: CA-07 | I37: AC5 | J37: 18 | K37: =VLOOKUP($C37,Sheet2!$A$2:$D$10,4,0) -> 18 | L37: =VLOOKUP($C37,Sheet2!$A$2:$E$10,5,0) -> Trolley (H) | N37: 1 | O37: GJ07TU3500
A38: G/I/25-26/01065 | B38: 01Y584213299AC5 | C38: 55102M58U10 | D38: =VLOOKUP($C38,Sheet2!$A$2:$B$10,2,0) -> 141120-14600 | E38: CALIPER ASSY,FRONT BRAKE,L | F38: 45962 | G38: 0.6875 | H38: CA-07 | I38: AC5 | J38: 18 | K38: =VLOOKUP($C38,Sheet2!$A$2:$D$10,4,0) -> 18 | L38: =VLOOKUP($C38,Sheet2!$A$2:$E$10,5,0) -> Trolley (H) | O38: GJ07TU3500
A39: G/I/25-26/01065 | B39: 01Y584216476AC5 | C39: 55311M58U00 | D39: =VLOOKUP($C39,Sheet2!$A$2:$B$10,2,0) -> 141185-74670 | E39: DISC,FRONT BRAKE | F39: 45962 | G39: 0.6875 | H39: CA-07 | I39: AC5 | J39: 80 | K39: =VLOOKUP($C39,Sheet2!$A$2:$D$10,4,0) -> 40 | L39: =VLOOKUP($C39,Sheet2!$A$2:$E$10,5,0) -> Trolley | N39: =J39/K39 -> 2 | O39: GJ07TU3500
A40: G/I/25-26/01065 | B40: 01Y584216530AC5 | C40: 55401M58U00 | D40: =VLOOKUP($C40,Sheet2!$A$2:$B$10,2,0) -> 141140-91211 | E40: CALIPER ASSY,REAR BRAKE,R | F40: 45962 | G40: 0.6875 | H40: CA-21 | I40: AC5 | J40: 20 | K40: =VLOOKUP($C40,Sheet2!$A$2:$D$10,4,0) -> 2 | L40: =VLOOKUP($C40,Sheet2!$A$2:$E$10,5,0) -> Bin | M40: =J40/K40 -> 10 | O40: GJ07TU3500
A41: G/I/25-26/01065 | B41: 01Y584216573AC5 | C41: 55402M58U00 | D41: =VLOOKUP($C41,Sheet2!$A$2:$B$10,2,0) -> 141150-91211 | E41: CALIPER ASSY,REAR BRAKE,L | F41: 45962 | G41: 0.6875 | H41: CA-21 | I41: AC5 | J41: 20 | K41: =VLOOKUP($C41,Sheet2!$A$2:$D$10,4,0) -> 2 | L41: =VLOOKUP($C41,Sheet2!$A$2:$E$10,5,0) -> Bin | M41: =J41/K41 -> 10 | O41: GJ07TU3500
A42: G/I/25-26/01065 | B42: 01Y584216581AC5 | C42: 55611M58U00 | D42: =VLOOKUP($C42,Sheet2!$A$2:$B$10,2,0) -> 141186-74360 | F42: 45962 | G42: 0.6875 | H42: CA-21 | I42: AC5 | J42: 80 | K42: =VLOOKUP($C42,Sheet2!$A$2:$D$10,4,0) -> 40 | L42: =VLOOKUP($C42,Sheet2!$A$2:$E$10,5,0) -> Trolley | N42: =J42/K42 -> 2 | O42: GJ07TU3500
A43: G/I/25-26/01066 | B43: 01Y584216646AC5 | C43: 56110M58UA1 | D43: =VLOOKUP($C43,Sheet2!$A$2:$B$10,2,0) -> 116040-92240 | E43: ACTUATOR ASSY,NO VARIANT ESP | F43: 45962 | G43: 0.6875 | H43: CA-01 | I43: AC5 | J43: 18 | K43: =VLOOKUP($C43,Sheet2!$A$2:$D$10,4,0) -> 6 | L43: =VLOOKUP($C43,Sheet2!$A$2:$E$10,5,0) -> Bin | M43: =J43/K43 -> 3 | O43: GJ07TU3500
A44: G/I/25-26/01066 | B44: 01Y584216689AC5 | C44: 5A120M58U01 | D44: =VLOOKUP($C44,Sheet2!$A$2:$B$10,2,0) -> 114010-50820 | E44: CYLINDER ASSY,BK MASTER W/ECU | F44: 45962 | G44: 0.6875 | H44: CA-01 | I44: AC5 | J44: 8 | K44: =VLOOKUP($C44,Sheet2!$A$2:$D$10,4,0) -> 1 | L44: =VLOOKUP($C44,Sheet2!$A$2:$E$10,5,0) -> Bin | M44: =J44/K44 -> 8 | O44: GJ07TU3500
A45: G/I/25-26/01066 | B45: 01Y584216727AC5 | C45: 5A120M58U50 | D45: =VLOOKUP($C45,Sheet2!$A$2:$B$10,2,0) -> 114010-50830 | E45: CYLINDER ASSY,BK MASTER W/ECU | F45: 45962 | G45: 0.6875 | H45: CA-01 | I45: AC5 | J45: 9 | K45: =VLOOKUP($C45,Sheet2!$A$2:$D$10,4,0) -> 1 | L45: =VLOOKUP($C45,Sheet2!$A$2:$E$10,5,0) -> Bin | M45: =J45/K45 -> 9 | O45: GJ07TU3500
M46: 40 | N46: 5
A47: G/I/25-26/01067 | B47: 01Y584216506AC5 | C47: 55401M58U00 | D47: =VLOOKUP($C47,Sheet2!$A$2:$B$10,2,0) -> 141140-91211 | E47: CALIPER ASSY,REAR BRAKE,R | F47: 45962 | G47: 0.89583333 | H47: CA-21 | I47: AC5 | J47: 34 | K47: =VLOOKUP($C47,Sheet2!$A$2:$D$10,4,0) -> 2 | L47: =VLOOKUP($C47,Sheet2!$A$2:$E$10,5,0) -> Bin | M47: =J47/K47 -> 17 | O47: GJ07TU3500
A48: G/I/25-26/01067 | B48: 01Y584216549AC5 | C48: 55402M58U00 | D48: =VLOOKUP($C48,Sheet2!$A$2:$B$10,2,0) -> 141150-91211 | E48: CALIPER ASSY,REAR BRAKE,L | F48: 45962 | G48: 0.89583333 | H48: CA-21 | I48: AC5 | J48: 20 | K48: =VLOOKUP($C48,Sheet2!$A$2:$D$10,4,0) -> 2 | L48: =VLOOKUP($C48,Sheet2!$A$2:$E$10,5,0) -> Bin | M48: =J48/K48 -> 10 | O48: GJ07TU3500
A49: G/I/25-26/01068 | B49: 01Y584216611AC5 | C49: 56110M58UA1 | D49: =VLOOKUP($C49,Sheet2!$A$2:$B$10,2,0) -> 116040-92240 | E49: ACTUATOR ASSY,NO VARIANT ESP | F49: 45962 | G49: 0.89583333 | H49: CA-01 | I49: AC5 | J49: 18 | K49: =VLOOKUP($C49,Sheet2!$A$2:$D$10,4,0) -> 6 | L49: =VLOOKUP($C49,Sheet2!$A$2:$E$10,5,0) -> Bin | M49: =J49/K49 -> 3 | O49: GJ07TU3500
A50: G/I/25-26/01068 | B50: 01Y584216654AC5 | C50: 5A120M58U01 | D50: =VLOOKUP($C50,Sheet2!$A$2:$B$10,2,0) -> 114010-50820 | E50: CYLINDER ASSY,BK MASTER W/ECU | F50: 45962 | G50: 0.89583333 | H50: CA-01 | I50: AC5 | J50: 4 | K50: =VLOOKUP($C50,Sheet2!$A$2:$D$10,4,0) -> 1 | L50: =VLOOKUP($C50,Sheet2!$A$2:$E$10,5,0) -> Bin | M50: =J50/K50 -> 4 | O50: GJ07TU3500
A51: G/I/25-26/01068 | B51: 01Y584216697AC5 | C51: 5A120M58U50 | D51: =VLOOKUP($C51,Sheet2!$A$2:$B$10,2,0) -> 114010-50830 | E51: CYLINDER ASSY,BK MASTER W/ECU | F51: 45962 | G51: 0.89583333 | H51: CA-01 | I51: AC5 | J51: 16 | K51: =VLOOKUP($C51,Sheet2!$A$2:$D$10,4,0) -> 1 | L51: =VLOOKUP($C51,Sheet2!$A$2:$E$10,5,0) -> Bin | M51: =J51/K51 -> 16 | O51: GJ07TU3500
M52: 50

Sheet 03-11-2025
A1: Dailly SMG Pick List | J1: 24AACCN5739J1ZA
A2: Supply Month | B2: 45964
A3: INVOICE NO | B3: KANBAN NO | C3: PART NUMBER | D3: Material Code | E3: PART NAME | F3: SUPPLY DATE | G3: SUPPLY TIME | H3: UNLOADING LOC | I3: Line | J3: Qty Req | K3: Packing Standerd | L3: Packed in | M3: TTL Bin | N3: TORLLY | O3: Vehicle No | P3: Remarks | Q3: Helper Name
A4: G/I/25-26/01069 | B4: 03Y584852410AC5 | C4: 55101M58U10 | D4: =VLOOKUP($C4,Sheet2!$A$2:$B$10,2,0) -> 141110-14600 | E4: CALIPER ASSY,FRONT BRAKE,R | F4: 45964 | G4: 0.35416667 | H4: CA-07 | I4: AC5 | J4: 18 | K4: =VLOOKUP($C4,Sheet2!$A$2:$D$10,4,0) -> 18 | L4: =VLOOKUP($C4,Sheet2!$A$2:$E$10,5,0) -> Trolley (H) | N4: 1 | O4: GJ23Y8525
A5: G/I/25-26/01069 | B5: 03Y584852453AC5 | C5: 55102M58U10 | D5: =VLOOKUP($C5,Sheet2!$A$2:$B$10,2,0) -> 141120-14600 | E5: CALIPER ASSY,FRONT BRAKE,L | F5: 45964 | G5: 0.35416667 | H5: CA-07 | I5: AC5 | J5: 18 | K5: =VLOOKUP($C5,Sheet2!$A$2:$D$10,4,0) -> 18 | L5: =VLOOKUP($C5,Sheet2!$A$2:$E$10,5,0) -> Trolley (H) | O5: GJ23Y8525
A6: G/I/25-26/01069 | B6: 03Y584852488AC5 | C6: 55311M58U00 | D6: =VLOOKUP($C6,Sheet2!$A$2:$B$10,2,0) -> 141185-74670 | E6: DISC,FRONT BRAKE | F6: 45964 | G6: 0.35416667 | H6: CA-07 | I6: AC5 | J6: 40 | K6: =VLOOKUP($C6,Sheet2!$A$2:$D$10,4,0) -> 40 | L6: =VLOOKUP($C6,Sheet2!$A$2:$E$10,5,0) -> Trolley | N6: =J6/K6 -> 1 | O6: GJ23Y8525
A7: G/I/25-26/01069 | B7: 03Y584886218AC5 | C7: 55311M58U00 | D7: =VLOOKUP($C7,Sheet2!$A$2:$B$10,2,0) -> 141185-74670 | E7: DISC,FRONT BRAKE | F7: 45964 | G7: 0.35416667 | H7: CA-07 | I7: AC5 | J7: 40 | K7: =VLOOKUP($C7,Sheet2!$A$2:$D$10,4,0) -> 40 | L7: =VLOOKUP($C7,Sheet2!$A$2:$E$10,5,0) -> Trolley | N7: =J7/K7 -> 1 | O7: GJ23Y8525
A8: G/I/25-26/01069 | B8: 03Y584852526AC5 | C8: 55401M58U00 | D8: =VLOOKUP($C8,Sheet2!$A$2:$B$10,2,0) -> 141140-91211 | E8: CALIPER ASSY,REAR BRAKE,R | F8: 45964 | G8: 0.35416667 | H8: CA-21 | I8: AC5 | J8: 20 | K8: =VLOOKUP($C8,Sheet2!$A$2:$D$10,4,0) -> 2 | L8: =VLOOKUP($C8,Sheet2!$A$2:$E$10,5,0) -> Bin | M8: =J8/K8 -> 10 | O8: GJ23Y8525
A9: G/I/25-26/01069 | B9: 03Y584888768AC5 | C9: 55401M58U00 | D9: =VLOOKUP($C9,Sheet2!$A$2:$B$10,2,0) -> 141140-91211 | E9: CALIPER ASSY,REAR BRAKE,R | F9: 45964 | G9: 0.35416667 | H9: CA-21 | I9: AC5 | J9: 4 | K9: =VLOOKUP($C9,Sheet2!$A$2:$D$10,4,0) -> 2 | L9: =VLOOKUP($C9,Sheet2!$A$2:$E$10,5,0) -> Bin | M9: =J9/K9 -> 2 | O9: GJ23Y8525
A10: G/I/25-26/01069 | B10: 03Y584852569AC5 | C10: 55402M58U00 | D10: =VLOOKUP($C10,Sheet2!$A$2:$B$10,2,0) -> 141150-91211 | E10: CALIPER ASSY,REAR BRAKE,L | F10: 45964 | G10: 0.35416667 | H10: CA-21 | I10: AC5 | J10: 20 | K10: =VLOOKUP($C10,Sheet2!$A$2:$D$10,4,0) -> 2 | L10: =VLOOKUP($C10,Sheet2!$A$2:$E$10,5,0) -> Bin | M10: =J10/K10 -> 10 | O10: GJ23Y8525
A11: G/I/25-26/01069 | B11: 03Y584881259AC5 | C11: 55402M58U00 | D11: =VLOOKUP($C11,Sheet2!$A$2:$B$10,2,0) -> 141150-91211 | E11: CALIPER ASSY,REAR BRAKE,L | F11: 45964 | G11: 0.35416667 | H11: CA-21 | I11: AC5 | J11: 4 | K11: =VLOOKUP($C11,Sheet2!$A$2:$D$10,4,0) -> 2 | L11: =VLOOKUP($C11,Sheet2!$A$2:$E$10,5,0) -> Bin | M11: =J11/K11 -> 2 | O11: GJ23Y8525
A12: G/I/25-26/01069 | B12: 03Y584852607AC5 | C12: 55611M58U00 | D12: =VLOOKUP($C12,Sheet2!$A$2:$B$10,2,0) -> 141186-74360 | E12: DISC,REAR BRAKE | F12: 45964 | G12: 0.35416667 | H12: CA-21 | I12: AC5 | J12: 40 | K12: =VLOOKUP($C12,Sheet2!$A$2:$D$10,4,0) -> 40 | L12: =VLOOKUP($C12,Sheet2!$A$2:$E$10,5,0) -> Trolley | N12: =J12/K12 -> 1 | O12: GJ23Y8525
A13: G/I/25-26/01070 | B13: 03Y584852640AC5 | C13: 56110M58UA1 | D13: =VLOOKUP($C13,Sheet2!$A$2:$B$10,2,0) -> 116040-92240 | E13: ACTUATOR ASSY,NO VARIANT ESP | F13: 45964 | G13: 0.35416667 | H13: CA-01 | I13: AC5 | J13: 18 | K13: =VLOOKUP($C13,Sheet2!$A$2:$D$10,4,0) -> 6 | L13: =VLOOKUP($C13,Sheet2!$A$2:$E$10,5,0) -> Bin | M13: =J13/K13 -> 3 | O13: GJ23Y8525
A14: G/I/25-26/01070 | B14: 03Y584852682AC5 | C14: 5A120M58U01 | D14: =VLOOKUP($C14,Sheet2!$A$2:$B$10,2,0) -> 114010-50820 | E14: CYLINDER ASSY,BK MASTER W/ECU | F14: 45964 | G14: 0.35416667 | H14: CA-01 | I14: AC5 | J14: 12 | K14: =VLOOKUP($C14,Sheet2!$A$2:$D$10,4,0) -> 1 | L14: =VLOOKUP($C14,Sheet2!$A$2:$E$10,5,0) -> Bin | M14: =J14/K14 -> 12 | O14: GJ23Y8525
A15: G/I/25-26/01070 | B15: 03Y584879408AC5 | C15: 5A120M58U01 | D15: =VLOOKUP($C15,Sheet2!$A$2:$B$10,2,0) -> 114010-50820 | E15: CYLINDER ASSY,BK MASTER W/ECU | F15: 45964 | G15: 0.35416667 | H15: CA-01 | I15: AC5 | J15: 2 | K15: =VLOOKUP($C15,Sheet2!$A$2:$D$10,4,0) -> 1 | L15: =VLOOKUP($C15,Sheet2!$A$2:$E$10,5,0) -> Bin | M15: =J15/K15 -> 2 | O15: GJ23Y8525
A16: G/I/25-26/01070 | B16: 03Y584852720AC5 | C16: 5A120M58U50 | D16: =VLOOKUP($C16,Sheet2!$A$2:$B$10,2,0) -> 114010-50830 | E16: CYLINDER ASSY,BK MASTER W/ECU | F16: 45964 | G16: 0.35416667 | H16: CA-01 | I16: AC5 | J16: 8 | K16: =VLOOKUP($C16,Sheet2!$A$2:$D$10,4,0) -> 1 | L16: =VLOOKUP($C16,Sheet2!$A$2:$E$10,5,0) -> Bin | M16: =J16/K16 -> 8 | O16: GJ23Y8525
A17: G/I/25-26/01070 | B17: 03Y584884010AC5 | C17: 5A120M58U50 | D17: =VLOOKUP($C17,Sheet2!$A$2:$B$10,2,0) -> 114010-50830 | E17: CYLINDER ASSY,BK MASTER W/ECU | F17: 45964 | G17: 0.35416667 | H17: CA-01 | I17: AC5 | J17: 3 | K17: =VLOOKUP($C17,Sheet2!$A$2:$D$10,4,0) -> 1 | L17: =VLOOKUP($C17,Sheet2!$A$2:$E$10,5,0) -> Bin | M17: =J17/K17 -> 3 | O17: GJ23Y8525
M18: 52 | N18: 4
A19: G/I/25-26/01071 | B19: 03Y584852429AC5 | C19: 55101M58U10 | D19: =VLOOKUP($C19,Sheet2!$A$2:$B$10,2,0) -> 141110-14600 | E19: CALIPER ASSY,FRONT BRAKE,R | F19: 45964 | G19: 0.5625 | H19: CA-07 | I19: AC5 | J19: 18 | K19: =VLOOKUP($C19,Sheet2!$A$2:$D$10,4,0) -> 18 | L19: =VLOOKUP($C19,Sheet2!$A$2:$E$10,5,0) -> Trolley (H) | N19: 1 | O19: GJ02ZZ7144
A20: G/I/25-26/01071 | B20: 03Y584852461AC5 | C20: 55102M58U10 | D20: =VLOOKUP($C20,Sheet2!$A$2:$B$10,2,0) -> 141120-14600 | E20: CALIPER ASSY,FRONT BRAKE,L | F20: 45964 | G20: 0.5625 | H20: CA-07 | I20: AC5 | J20: 18 | K20: =VLOOKUP($C20,Sheet2!$A$2:$D$10,4,0) -> 18 | L20: =VLOOKUP($C20,Sheet2!$A$2:$E$10,5,0) -> Trolley (H) | O20: GJ02ZZ7144
A21: G/I/25-26/01071 | B21: 03Y584852496AC5 | C21: 55311M58U00 | D21: =VLOOKUP($C21,Sheet2!$A$2:$B$10,2,0) -> 141185-74670 | E21: DISC,FRONT BRAKE | F21: 45964 | G21: 0.5625 | H21: CA-07 | I21: AC5 | J21: 40 | K21: =VLOOKUP($C21,Sheet2!$A$2:$D$10,4,0) -> 40 | L21: =VLOOKUP($C21,Sheet2!$A$2:$E$10,5,0) -> Trolley | N21: =J21/K21 -> 1 | O21: GJ02ZZ7144
A22: G/I/25-26/01071 | B22: 03Y584852534AC5 | C22: 55401M58U00 | D22: =VLOOKUP($C22,Sheet2!$A$2:$B$10,2,0) -> 141140-91211 | E22: CALIPER ASSY,REAR BRAKE,R | F22: 45964 | G22: 0.5625 | H22: CA-21 | I22: AC5 | J22: 20 | K22: =VLOOKUP($C22,Sheet2!$A$2:$D$10,4,0) -> 2 | L22: =VLOOKUP($C22,Sheet2!$A$2:$E$10,5,0) -> Bin | M22: =J22/K22 -> 10 | O22: GJ02ZZ7144
A23: G/I/25-26/01071 | B23: 03Y584852577AC5 | C23: 55402M58U00 | D23: =VLOOKUP($C23,Sheet2!$A$2:$B$10,2,0) -> 141150-91211 | E23: CALIPER ASSY,REAR BRAKE,L | F23: 45964 | G23: 0.5625 | H23: CA-21 | I23: AC5 | J23: 20 | K23: =VLOOKUP($C23,Sheet2!$A$2:$D$10,4,0) -> 2 | L23: =VLOOKUP($C23,Sheet2!$A$2:$E$10,5,0) -> Bin | M23: =J23/K23 -> 10 | O23: GJ02ZZ7144
A24: G/I/25-26/01071 | B24: 03Y584852615AC5 | C24: 55611M58U00 | D24: =VLOOKUP($C24,Sheet2!$A$2:$B$10,2,0) -> 141186-74360 | E24: DISC,REAR BRAKE | F24: 45964 | G24: 0.5625 | H24: CA-21 | I24: AC5 | J24: 40 | K24: =VLOOKUP($C24,Sheet2!$A$2:$D$10,4,0) -> 40 | L24: =VLOOKUP($C24,Sheet2!$A$2:$E$10,5,0) -> Trolley | N24: =J24/K24 -> 1 | O24: GJ02ZZ7144
A25: G/I/25-26/01072 | B25: 03Y584852658AC5 | C25: 56110M58UA1 | D25: =VLOOKUP($C25,Sheet2!$A$2:$B$10,2,0) -> 116040-92240 | E25: ACTUATOR ASSY,NO VARIANT ESP | F25: 45964 | G25: 0.5625 | H25: CA-01 | I25: AC5 | J25: 18 | K25: =VLOOKUP($C25,Sheet2!$A$2:$D$10,4,0) -> 6 | L25: =VLOOKUP($C25,Sheet2!$A$2:$E$10,5,0) -> Bin | M25: =J25/K25 -> 3 | O25: GJ02ZZ7144
A26: G/I/25-26/01072 | B26: 03Y584852690AC5 | C26: 5A120M58U01 | D26: =VLOOKUP($C26,Sheet2!$A$2:$B$10,2,0) -> 114010-50820 | E26: CYLINDER ASSY,BK MASTER W/ECU | F26: 45964 | G26: 0.5625 | H26: CA-01 | I26: AC5 | J26: 10 | K26: =VLOOKUP($C26,Sheet2!$A$2:$D$10,4,0) -> 1 | L26: =VLOOKUP($C26,Sheet2!$A$2:$E$10,5,0) -> Bin | M26: =J26/K26 -> 10 | O26: GJ02ZZ7144
A27: G/I/25-26/01072 | B27: 03Y584852739AC5 | C27: 5A120M58U50 | D27: =VLOOKUP($C27,Sheet2!$A$2:$B$10,2,0) -> 114010-50830 | E27: CYLINDER ASSY,BK MASTER W/ECU | F27: 45964 | G27: 0.5625 | H27: CA-01 | I27: AC5 | J27: 10 | K27: =VLOOKUP($C27,Sheet2!$A$2:$D$10,4,0) -> 1 | L27: =VLOOKUP($C27,Sheet2!$A$2:$E$10,5,0) -> Bin | M27: =J27/K27 -> 10 | O27: GJ02ZZ7144
M28: 43 | N28: 3
A29: G/I/25-26/01074 | B29: 03Y584852437AC5 | C29: 55101M58U10 | D29: =VLOOKUP($C29,Sheet2!$A$2:$B$10,2,0) -> 141110-14600 | E29: CALIPER ASSY,FRONT BRAKE,R | F29: 45964 | G29: 0.77083333 | H29: CA-07 | I29: AC5 | J29: 18 | K29: =VLOOKUP($C29,Sheet2!$A$2:$D$10,4,0) -> 18 | L29: =VLOOKUP($C29,Sheet2!$A$2:$E$10,5,0) -> Trolley (H) | N29: 1 | O29: GJ27TD4419
A30: G/I/25-26/01074 | B30: 03Y584852470AC5 | C30: 55102M58U10 | D30: =VLOOKUP($C30,Sheet2!$A$2:$B$10,2,0) -> 141120-14600 | E30: CALIPER ASSY,FRONT BRAKE,L | F30: 45964 | G30: 0.77083333 | H30: CA-07 | I30: AC5 | J30: 18 | K30: =VLOOKUP($C30,Sheet2!$A$2:$D$10,4,0) -> 18 | L30: =VLOOKUP($C30,Sheet2!$A$2:$E$10,5,0) -> Trolley (H) | O30: GJ27TD4419
A31: G/I/25-26/01074 | B31: 03Y584852500AC5 | C31: 55311M58U00 | D31: =VLOOKUP($C31,Sheet2!$A$2:$B$10,2,0) -> 141185-74670 | E31: DISC,FRONT BRAKE | F31: 45964 | G31: 0.77083333 | H31: CA-07 | I31: AC5 | J31: 40 | K31: =VLOOKUP($C31,Sheet2!$A$2:$D$10,4,0) -> 40 | L31: =VLOOKUP($C31,Sheet2!$A$2:$E$10,5,0) -> Trolley | N31: =J31/K31 -> 1 | O31: GJ27TD4419
A32: G/I/25-26/01074 | B32: 03Y584852542AC5 | C32: 55401M58U00 | D32: =VLOOKUP($C32,Sheet2!$A$2:$B$10,2,0) -> 141140-91211 | E32: CALIPER ASSY,REAR BRAKE,R | F32: 45964 | G32: 0.77083333 | H32: CA-21 | I32: AC5 | J32: 18 | K32: =VLOOKUP($C32,Sheet2!$A$2:$D$10,4,0) -> 2 | L32: =VLOOKUP($C32,Sheet2!$A$2:$E$10,5,0) -> Bin | M32: =J32/K32 -> 9 | O32: GJ27TD4419
A33: G/I/25-26/01074 | B33: 03Y584852585AC5 | C33: 55402M58U00 | D33: =VLOOKUP($C33,Sheet2!$A$2:$B$10,2,0) -> 141150-91211 | E33: CALIPER ASSY,REAR BRAKE,L | F33: 45964 | G33: 0.77083333 | H33: CA-21 | I33: AC5 | J33: 18 | K33: =VLOOKUP($C33,Sheet2!$A$2:$D$10,4,0) -> 2 | L33: =VLOOKUP($C33,Sheet2!$A$2:$E$10,5,0) -> Bin | M33: =J33/K33 -> 9 | O33: GJ27TD4419
A34: G/I/25-26/01074 | B34: 03Y584852623AC5 | C34: 55611M58U00 | D34: =VLOOKUP($C34,Sheet2!$A$2:$B$10,2,0) -> 141186-74360 | E34: DISC,REAR BRAKE | F34: 45964 | G34: 0.77083333 | H34: CA-21 | I34: AC5 | J34: 40 | K34: =VLOOKUP($C34,Sheet2!$A$2:$D$10,4,0) -> 40 | L34: =VLOOKUP($C34,Sheet2!$A$2:$E$10,5,0) -> Trolley | N34: =J34/K34 -> 1 | O34: GJ27TD4419
A35: G/I/25-26/01075 | B35: 03Y584852666AC5 | C35: 56110M58UA1 | D35: =VLOOKUP($C35,Sheet2!$A$2:$B$10,2,0) -> 116040-92240 | E35: ACTUATOR ASSY,NO VARIANT ESP | F35: 45964 | G35: 0.77083333 | H35: CA-01 | I35: AC5 | J35: 18 | K35: =VLOOKUP($C35,Sheet2!$A$2:$D$10,4,0) -> 6 | L35: =VLOOKUP($C35,Sheet2!$A$2:$E$10,5,0) -> Bin | M35: =J35/K35 -> 3 | O35: GJ27TD4419
A36: G/I/25-26/01075 | B36: 03Y584852704AC5 | C36: 5A120M58U01 | D36: =VLOOKUP($C36,Sheet2!$A$2:$B$10,2,0) -> 114010-50820 | E36: CYLINDER ASSY,BK MASTER W/ECU | F36: 45964 | G36: 0.77083333 | H36: CA-01 | I36: AC5 | J36: 6 | K36: =VLOOKUP($C36,Sheet2!$A$2:$D$10,4,0) -> 1 | L36: =VLOOKUP($C36,Sheet2!$A$2:$E$10,5,0) -> Bin | M36: =J36/K36 -> 6 | O36: GJ27TD4419
A37: G/I/25-26/01075 | B37: 03Y584852747AC5 | C37: 5A120M58U50 | D37: =VLOOKUP($C37,Sheet2!$A$2:$B$10,2,0) -> 114010-50830 | E37: CYLINDER ASSY,BK MASTER W/ECU | F37: 45964 | G37: 0.77083333 | H37: CA-01 | I37: AC5 | J37: 12 | K37: =VLOOKUP($C37,Sheet2!$A$2:$D$10,4,0) -> 1 | L37: =VLOOKUP($C37,Sheet2!$A$2:$E$10,5,0) -> Bin | M37: =J37/K37 -> 12 | O37: GJ27TD4419
M38: 39 | N38: 3
A39: G/I/25-26/01076 | B39: 03Y584852402AC5 | C39: 55101M58U10 | D39: =VLOOKUP($C39,Sheet2!$A$2:$B$10,2,0) -> 141110-14600 | E39: CALIPER ASSY,FRONT BRAKE,R | F39: 45964 | G39: 0.97916667 | H39: CA-07 | I39: AC5 | J39: 18 | K39: =VLOOKUP($C39,Sheet2!$A$2:$D$10,4,0) -> 18 | L39: =VLOOKUP($C39,Sheet2!$A$2:$E$10,5,0) -> Trolley (H) | N39: 1 | O39: GJ23Y8525
A40: G/I/25-26/01076 | B40: 03Y584852445AC5 | C40: 55102M58U10 | D40: =VLOOKUP($C40,Sheet2!$A$2:$B$10,2,0) -> 141120-14600 | E40: CALIPER ASSY,FRONT BRAKE,L | F40: 45964 | G40: 0.97916667 | H40: CA-07 | I40: AC5 | J40: 18 | K40: =VLOOKUP($C40,Sheet2!$A$2:$D$10,4,0) -> 18 | L40: =VLOOKUP($C40,Sheet2!$A$2:$E$10,5,0) -> Trolley (H) | O40: GJ23Y8525
A41: G/I/25-26/01076 | B41: 03Y584852518AC5 | C41: 55401M58U00 | D41: =VLOOKUP($C41,Sheet2!$A$2:$B$10,2,0) -> 141140-91211 | E41: CALIPER ASSY,REAR BRAKE,R | F41: 45964 | G41: 0.97916667 | H41: CA-21 | I41: AC5 | J41: 20 | K41: =VLOOKUP($C41,Sheet2!$A$2:$D$10,4,0) -> 2 | L41: =VLOOKUP($C41,Sheet2!$A$2:$E$10,5,0) -> Bin | M41: =J41/K41 -> 10 | O41: GJ23Y8525
A42: G/I/25-26/01076 | B42: 03Y584852550AC5 | C42: 55402M58U00 | D42: =VLOOKUP($C42,Sheet2!$A$2:$B$10,2,0) -> 141150-91211 | E42: CALIPER ASSY,REAR BRAKE,L | F42: 45964 | G42: 0.97916667 | H42: CA-21 | I42: AC5 | J42: 20 | K42: =VLOOKUP($C42,Sheet2!$A$2:$D$10,4,0) -> 2 | L42: =VLOOKUP($C42,Sheet2!$A$2:$E$10,5,0) -> Bin | M42: =J42/K42 -> 10 | O42: GJ23Y8525
A43: G/I/25-26/01076 | B43: 03Y584852593AC5 | C43: 55611M58U00 | D43: =VLOOKUP($C43,Sheet2!$A$2:$B$10,2,0) -> 141186-74360 | E43: DISC,REAR BRAKE | F43: 45964 | G43: 0.97916667 | H43: CA-21 | I43: AC5 | J43: 40 | K43: =VLOOKUP($C43,Sheet2!$A$2:$D$10,4,0) -> 40 | L43: =VLOOKUP($C43,Sheet2!$A$2:$E$10,5,0) -> Trolley | N43: =J43/K43 -> 1 | O43: GJ23Y8525
A44: G/I/25-26/01077 | B44: 03Y584852631AC5 | C44: 56110M58UA1 | D44: =VLOOKUP($C44,Sheet2!$A$2:$B$10,2,0) -> 116040-92240 | E44: ACTUATOR ASSY,NO VARIANT ESP | F44: 45964 | G44: 0.97916667 | H44: CA-01 | I44: AC5 | J44: 24 | K44: =VLOOKUP($C44,Sheet2!$A$2:$D$10,4,0) -> 6 | L44: =VLOOKUP($C44,Sheet2!$A$2:$E$10,5,0) -> Bin | M44: =J44/K44 -> 4 | O44: GJ23Y8525
A45: G/I/25-26/01077 | B45: 03Y584852674AC5 | C45: 5A120M58U01 | D45: =VLOOKUP($C45,Sheet2!$A$2:$B$10,2,0) -> 114010-50820 | E45: CYLINDER ASSY,BK MASTER W/ECU | F45: 45964 | G45: 0.97916667 | H45: CA-01 | I45: AC5 | J45: 9 | K45: =VLOOKUP($C45,Sheet2!$A$2:$D$10,4,0) -> 1 | L45: =VLOOKUP($C45,Sheet2!$A$2:$E$10,5,0) -> Bin | M45: =J45/K45 -> 9 | O45: GJ23Y8525
A46: G/I/25-26/01077 | B46: 03Y584852712AC5 | C46: 5A120M58U50 | D46: =VLOOKUP($C46,Sheet2!$A$2:$B$10,2,0) -> 114010-50830 | E46: CYLINDER ASSY,BK MASTER W/ECU | F46: 45964 | G46: 0.97916667 | H46: CA-01 | I46: AC5 | J46: 10 | K46: =VLOOKUP($C46,Sheet2!$A$2:$D$10,4,0) -> 1 | L46: =VLOOKUP($C46,Sheet2!$A$2:$E$10,5,0) -> Bin | M46: =J46/K46 -> 10 | O46: GJ23Y8525
M47: 43 | N47: 2

Sheet 04-11-2025
A1: Dailly SMG Pick List | J1: 24AACCN5739J1ZA
A2: Supply Month | B2: 45965
A3: INVOICE NO | B3: KANBAN NO | C3: PART NUMBER | D3: Material Code | E3: PART NAME | F3: SUPPLY DATE | G3: SUPPLY TIME | H3: UNLOADING LOC | I3: Line | J3: Qty Req | K3: Packing Standerd | L3: Packed in | M3: TTL Bin | N3: TORLLY | O3: Vehicle No | P3: Remarks | Q3: Helper Name
A4: G/I/25-26/01078 | B4: 04Y585850039AC5 | C4: 55101M58U10 | D4: =VLOOKUP($C4,Sheet2!$A$2:$B$10,2,0) -> 141110-14600 | E4: CALIPER ASSY,FRONT BRAKE,R | F4: 45965 | G4: 0.35416667 | H4: CA-07 | I4: AC5 | J4: 18 | K4: =VLOOKUP($C4,Sheet2!$A$2:$D$10,4,0) -> 18 | L4: =VLOOKUP($C4,Sheet2!$A$2:$E$10,5,0) -> Trolley (H) | N4: 1 | O4: GJ02ZZ7144
A5: G/I/25-26/01078 | B5: 04Y585850063AC5 | C5: 55102M58U10 | D5: =VLOOKUP($C5,Sheet2!$A$2:$B$10,2,0) -> 141120-14600 | E5: CALIPER ASSY,FRONT BRAKE,L | F5: 45965 | G5: 0.35416667 | H5: CA-07 | I5: AC5 | J5: 18 | K5: =VLOOKUP($C5,Sheet2!$A$2:$D$10,4,0) -> 18 | L5: =VLOOKUP($C5,Sheet2!$A$2:$E$10,5,0) -> Trolley (H) | O5: GJ02ZZ7144
A6: G/I/25-26/01078 | B6: 04Y585850080AC5 | C6: 55311M58U00 | D6: =VLOOKUP($C6,Sheet2!$A$2:$B$10,2,0) -> 141185-74670 | E6: DISC,FRONT BRAKE | F6: 45965 | G6: 0.35416667 | H6: CA-07 | I6: AC5 | J6: 40 | K6: =VLOOKUP($C6,Sheet2!$A$2:$D$10,4,0) -> 40 | L6: =VLOOKUP($C6,Sheet2!$A$2:$E$10,5,0) -> Trolley | N6: =J6/K6 -> 1 | O6: GJ02ZZ7144
A7: G/I/25-26/01078 | B7: 04Y585850128AC5 | C7: 55401M58U00 | D7: =VLOOKUP($C7,Sheet2!$A$2:$B$10,2,0) -> 141140-91211 | E7: CALIPER ASSY,REAR BRAKE,R | F7: 45965 | G7: 0.35416667 | H7: CA-21 | I7: AC5 | J7: 20 | K7: =VLOOKUP($C7,Sheet2!$A$2:$D$10,4,0) -> 2 | L7: =VLOOKUP($C7,Sheet2!$A$2:$E$10,5,0) -> Bin | M7: =J7/K7 -> 10 | O7: GJ02ZZ7144
A8: G/I/25-26/01078 | B8: 04Y585850160AC5 | C8: 55402M58U00 | D8: =VLOOKUP($C8,Sheet2!$A$2:$B$10,2,0) -> 141150-91211 | E8: CALIPER ASSY,REAR BRAKE,L | F8: 45965 | G8: 0.35416667 | H8: CA-21 | I8: AC5 | J8: 20 | K8: =VLOOKUP($C8,Sheet2!$A$2:$D$10,4,0) -> 2 | L8: =VLOOKUP($C8,Sheet2!$A$2:$E$10,5,0) -> Bin | M8: =J8/K8 -> 10 | O8: GJ02ZZ7144
A9: G/I/25-26/01078 | B9: 04Y585850209AC5 | C9: 55611M58U00 | D9: =VLOOKUP($C9,Sheet2!$A$2:$B$10,2,0) -> 141186-74360 | E9: DISC,REAR BRAKE | F9: 45965 | G9: 0.35416667 | H9: CA-21 | I9: AC5 | J9: 40 | K9: =VLOOKUP($C9,Sheet2!$A$2:$D$10,4,0) -> 40 | L9: =VLOOKUP($C9,Sheet2!$A$2:$E$10,5,0) -> Trolley | N9: =J9/K9 -> 1 | O9: GJ02ZZ7144
A10: G/I/25-26/01079 | B10: 04Y585850241AC5 | C10: 56110M58UA1 | D10: =VLOOKUP($C10,Sheet2!$A$2:$B$10,2,0) -> 116040-92240 | E10: ACTUATOR ASSY,NO VARIANT ESP | F10: 45965 | G10: 0.35416667 | H10: CA-01 | I10: AC5 | J10: 18 | K10: =VLOOKUP($C10,Sheet2!$A$2:$D$10,4,0) -> 6 | L10: =VLOOKUP($C10,Sheet2!$A$2:$E$10,5,0) -> Bin | M10: =J10/K10 -> 3 | O10: GJ02ZZ7144
A11: G/I/25-26/01079 | B11: 04Y585850284AC5 | C11: 5A120M58U01 | D11: =VLOOKUP($C11,Sheet2!$A$2:$B$10,2,0) -> 114010-50820 | E11: CYLINDER ASSY,BK MASTER W/ECU | F11: 45965 | G11: 0.35416667 | H11: CA-01 | I11: AC5 | J11: 8 | K11: =VLOOKUP($C11,Sheet2!$A$2:$D$10,4,0) -> 1 | L11: =VLOOKUP($C11,Sheet2!$A$2:$E$10,5,0) -> Bin | M11: =J11/K11 -> 8 | O11: GJ02ZZ7144
A12: G/I/25-26/01079 | B12: 04Y585858862AC5 | C12: 5A120M58U50 | D12: =VLOOKUP($C12,Sheet2!$A$2:$B$10,2,0) -> 114010-50830 | E12: CYLINDER ASSY,BK MASTER W/ECU | F12: 45965 | G12: 0.35416667 | H12: CA-01 | I12: AC5 | J12: 12 | K12: =VLOOKUP($C12,Sheet2!$A$2:$D$10,4,0) -> 1 | L12: =VLOOKUP($C12,Sheet2!$A$2:$E$10,5,0) -> Bin | M12: =J12/K12 -> 12 | O12: GJ02ZZ7144
A13: G/I/25-26/01079 | B13: 04Y585884731AC5 | C13: 5A120M58U50 | D13: =VLOOKUP($C13,Sheet2!$A$2:$B$10,2,0) -> 114010-50830 | E13: CYLINDER ASSY,BK MASTER W/ECU | F13: 45965 | G13: 0.35416667 | H13: CA-01 | I13: AC5 | J13: 1 | K13: =VLOOKUP($C13,Sheet2!$A$2:$D$10,4,0) -> 1 | L13: =VLOOKUP($C13,Sheet2!$A$2:$E$10,5,0) -> Bin | M13: =J13/K13 -> 1 | O13: GJ02ZZ7144
M14: 44 | N14: 3
A15: G/I/25-26/01080 | B15: 04Y585850047AC5 | C15: 55101M58U10 | D15: =VLOOKUP($C15,Sheet2!$A$2:$B$10,2,0) -> 141110-14600 | E15: CALIPER ASSY,FRONT BRAKE,R | F15: 45965 | G15: 0.5625 | H15: CA-07 | I15: AC5 | J15: 36 | K15: =VLOOKUP($C15,Sheet2!$A$2:$D$10,4,0) -> 18 | L15: =VLOOKUP($C15,Sheet2!$A$2:$E$10,5,0) -> Trolley (H) | N15: 2 | O15: GJ23Y8525
A16: G/I/25-26/01080 | B16: 04Y585850071AC5 | C16: 55102M58U10 | D16: =VLOOKUP($C16,Sheet2!$A$2:$B$10,2,0) -> 141120-14600 | E16: CALIPER ASSY,FRONT BRAKE,L | F16: 45965 | G16: 0.5625 | H16: CA-07 | I16: AC5 | J16: 36 | K16: =VLOOKUP($C16,Sheet2!$A$2:$D$10,4,0) -> 18 | L16: =VLOOKUP($C16,Sheet2!$A$2:$E$10,5,0) -> Trolley (H) | O16: GJ23Y8525
A17: G/I/25-26/01080 | B17: 04Y585850098AC5 | C17: 55311M58U00 | D17: =VLOOKUP($C17,Sheet2!$A$2:$B$10,2,0) -> 141185-74670 | E17: DISC,FRONT BRAKE | F17: 45965 | G17: 0.5625 | H17: CA-07 | I17: AC5 | J17: 40 | K17: =VLOOKUP($C17,Sheet2!$A$2:$D$10,4,0) -> 40 | L17: =VLOOKUP($C17,Sheet2!$A$2:$E$10,5,0) -> Trolley | N17: =J17/K17 -> 1 | O17: GJ23Y8525
A18: G/I/25-26/01080 | B18: 04Y585850136AC5 | C18: 55401M58U00 | D18: =VLOOKUP($C18,Sheet2!$A$2:$B$10,2,0) -> 141140-91211 | E18: CALIPER ASSY,REAR BRAKE,R | F18: 45965 | G18: 0.5625 | H18: CA-21 | I18: AC5 | J18: 20 | K18: =VLOOKUP($C18,Sheet2!$A$2:$D$10,4,0) -> 2 | L18: =VLOOKUP($C18,Sheet2!$A$2:$E$10,5,0) -> Bin | M18: =J18/K18 -> 10 | O18: GJ23Y8525
A19: G/I/25-26/01080 | B19: 04Y585850179AC5 | C19: 55402M58U00 | D19: =VLOOKUP($C19,Sheet2!$A$2:$B$10,2,0) -> 141150-91211 | E19: CALIPER ASSY,REAR BRAKE,L | F19: 45965 | G19: 0.5625 | H19: CA-21 | I19: AC5 | J19: 20 | K19: =VLOOKUP($C19,Sheet2!$A$2:$D$10,4,0) -> 2 | L19: =VLOOKUP($C19,Sheet2!$A$2:$E$10,5,0) -> Bin | M19: =J19/K19 -> 10 | O19: GJ23Y8525
A20: G/I/25-26/01080 | B20: 04Y585850217AC5 | C20: 55611M58U00 | D20: =VLOOKUP($C20,Sheet2!$A$2:$B$10,2,0) -> 141186-74360 | E20: DISC,REAR BRAKE | F20: 45965 | G20: 0.5625 | H20: CA-21 | I20: AC5 | J20: 40 | K20: =VLOOKUP($C20,Sheet2!$A$2:$D$10,4,0) -> 40 | L20: =VLOOKUP($C20,Sheet2!$A$2:$E$10,5,0) -> Trolley | N20: =J20/K20 -> 1 | O20: GJ23Y8525
A21: G/I/25-26/01081 | B21: 04Y585850250AC5 | C21: 56110M58UA1 | D21: =VLOOKUP($C21,Sheet2!$A$2:$B$10,2,0) -> 116040-92240 | E21: ACTUATOR ASSY,NO VARIANT ESP | F21: 45965 | G21: 0.5625 | H21: CA-01 | I21: AC5 | J21: 24 | K21: =VLOOKUP($C21,Sheet2!$A$2:$D$10,4,0) -> 6 | L21: =VLOOKUP($C21,Sheet2!$A$2:$E$10,5,0) -> Bin | M21: =J21/K21 -> 4 | O21: GJ23Y8525
A22: G/I/25-26/01081 | B22: 04Y585850292AC5 | C22: 5A120M58U01 | D22: =VLOOKUP($C22,Sheet2!$A$2:$B$10,2,0) -> 114010-50820 | E22: CYLINDER ASSY,BK MASTER W/ECU | F22: 45965 | G22: 0.5625 | H22: CA-01 | I22: AC5 | J22: 9 | K22: =VLOOKUP($C22,Sheet2!$A$2:$D$10,4,0) -> 1 | L22: =VLOOKUP($C22,Sheet2!$A$2:$E$10,5,0) -> Bin | M22: =J22/K22 -> 9 | O22: GJ23Y8525
A23: G/I/25-26/01081 | B23: 04Y585858870AC5 | C23: 5A120M58U50 | D23: =VLOOKUP($C23,Sheet2!$A$2:$B$10,2,0) -> 114010-50830 | E23: CYLINDER ASSY,BK MASTER W/ECU | F23: 45965 | G23: 0.5625 | H23: CA-01 | I23: AC5 | J23: 11 | K23: =VLOOKUP($C23,Sheet2!$A$2:$D$10,4,0) -> 1 | L23: =VLOOKUP($C23,Sheet2!$A$2:$E$10,5,0) -> Bin | M23: =J23/K23 -> 11 | O23: GJ23Y8525
M24: 44 | N24: 4
A25: G/I/25-26/01082 | B25: 04Y585850020AC5 | C25: 55101M58U10 | D25: =VLOOKUP($C25,Sheet2!$A$2:$B$10,2,0) -> 141110-14600 | E25: CALIPER ASSY,FRONT BRAKE,R | F25: 45965 | G25: 0.77083333 | H25: CA-07 | I25: AC5 | J25: 36 | K25: =VLOOKUP($C25,Sheet2!$A$2:$D$10,4,0) -> 18 | L25: =VLOOKUP($C25,Sheet2!$A$2:$E$10,5,0) -> Trolley (H) | N25: 2 | O25: GJ27TD4419
A26: G/I/25-26/01082 | B26: 04Y585850055AC5 | C26: 55102M58U10 | D26: =VLOOKUP($C26,Sheet2!$A$2:$B$10,2,0) -> 141120-14600 | E26: CALIPER ASSY,FRONT BRAKE,L | F26: 45965 | G26: 0.77083333 | H26: CA-07 | I26: AC5 | J26: 36 | K26: =VLOOKUP($C26,Sheet2!$A$2:$D$10,4,0) -> 18 | L26: =VLOOKUP($C26,Sheet2!$A$2:$E$10,5,0) -> Trolley (H) | O26: GJ27TD4419
A27: G/I/25-26/01082 | B27: 04Y585850101AC5 | C27: 55311M58U00 | D27: =VLOOKUP($C27,Sheet2!$A$2:$B$10,2,0) -> 141185-74670 | E27: DISC,FRONT BRAKE | F27: 45965 | G27: 0.77083333 | H27: CA-07 | I27: AC5 | J27: 40 | K27: =VLOOKUP($C27,Sheet2!$A$2:$D$10,4,0) -> 40 | L27: =VLOOKUP($C27,Sheet2!$A$2:$E$10,5,0) -> Trolley | N27: =J27/K27 -> 1 | O27: GJ27TD4419
A28: G/I/25-26/01082 | B28: 04Y585850144AC5 | C28: 55401M58U00 | D28: =VLOOKUP($C28,Sheet2!$A$2:$B$10,2,0) -> 141140-91211 | E28: CALIPER ASSY,REAR BRAKE,R | F28: 45965 | G28: 0.77083333 | H28: CA-21 | I28: AC5 | J28: 12 | K28: =VLOOKUP($C28,Sheet2!$A$2:$D$10,4,0) -> 2 | L28: =VLOOKUP($C28,Sheet2!$A$2:$E$10,5,0) -> Bin | M28: =J28/K28 -> 6 | O28: GJ27TD4419
A29: G/I/25-26/01082 | B29: 04Y585850187AC5 | C29: 55402M58U00 | D29: =VLOOKUP($C29,Sheet2!$A$2:$B$10,2,0) -> 141150-91211 | E29: CALIPER ASSY,REAR BRAKE,L | F29: 45965 | G29: 0.77083333 | H29: CA-21 | I29: AC5 | J29: 12 | K29: =VLOOKUP($C29,Sheet2!$A$2:$D$10,4,0) -> 2 | L29: =VLOOKUP($C29,Sheet2!$A$2:$E$10,5,0) -> Bin | M29: =J29/K29 -> 6 | O29: GJ27TD4419
A30: G/I/25-26/01082 | B30: 04Y585850225AC5 | C30: 55611M58U00 | D30: =VLOOKUP($C30,Sheet2!$A$2:$B$10,2,0) -> 141186-74360 | E30: DISC,REAR BRAKE | F30: 45965 | G30: 0.77083333 | H30: CA-21 | I30: AC5 | J30: 40 | K30: =VLOOKUP($C30,Sheet2!$A$2:$D$10,4,0) -> 40 | L30: =VLOOKUP($C30,Sheet2!$A$2:$E$10,5,0) -> Trolley | N30: =J30/K30 -> 1 | O30: GJ27TD4419
A31: G/I/25-26/01083 | B31: 04Y585850268AC5 | C31: 56110M58UA1 | D31: =VLOOKUP($C31,Sheet2!$A$2:$B$10,2,0) -> 116040-92240 | E31: ACTUATOR ASSY,NO VARIANT ESP | F31: 45965 | G31: 0.77083333 | H31: CA-01 | I31: AC5 | J31: 12 | K31: =VLOOKUP($C31,Sheet2!$A$2:$D$10,4,0) -> 6 | L31: =VLOOKUP($C31,Sheet2!$A$2:$E$10,5,0) -> Bin | M31: =J31/K31 -> 2 | O31: GJ27TD4419
A32: G/I/25-26/01083 | B32: 04Y585850306AC5 | C32: 5A120M58U01 | D32: =VLOOKUP($C32,Sheet2!$A$2:$B$10,2,0) -> 114010-50820 | E32: CYLINDER ASSY,BK MASTER W/ECU | F32: 45965 | G32: 0.77083333 | H32: CA-01 | I32: AC5 | J32: 5 | K32: =VLOOKUP($C32,Sheet2!$A$2:$D$10,4,0) -> 1 | L32: =VLOOKUP($C32,Sheet2!$A$2:$E$10,5,0) -> Bin | M32: =J32/K32 -> 5 | O32: GJ27TD4419
A33: G/I/25-26/01083 | B33: 04Y585858889AC5 | C33: 5A120M58U50 | D33: =VLOOKUP($C33,Sheet2!$A$2:$B$10,2,0) -> 114010-50830 | E33: CYLINDER ASSY,BK MASTER W/ECU | F33: 45965 | G33: 0.77083333 | H33: CA-01 | I33: AC5 | J33: 8 | K33: =VLOOKUP($C33,Sheet2!$A$2:$D$10,4,0) -> 1 | L33: =VLOOKUP($C33,Sheet2!$A$2:$E$10,5,0) -> Bin | M33: =J33/K33 -> 8 | O33: GJ27TD4419
A34: G/I/25-26/01087 | B34: 05Y586502190AC5 | C34: 55101M58U10 | D34: =VLOOKUP($C34,Sheet2!$A$2:$B$10,2,0) -> 141110-14600 | E34: CALIPER ASSY,FRONT BRAKE,R | F34: 45965 | G34: 0.78125 | H34: CA-07 | I34: AC5 | J34: 18 | K34: =VLOOKUP($C34,Sheet2!$A$2:$D$10,4,0) -> 18 | L34: =VLOOKUP($C34,Sheet2!$A$2:$E$10,5,0) -> Trolley (H) | N34: 1 | O34: GJ27TD4419
A35: G/I/25-26/01087 | B35: 05Y586502271AC5 | C35: 55102M58U10 | D35: =VLOOKUP($C35,Sheet2!$A$2:$B$10,2,0) -> 141120-14600 | E35: CALIPER ASSY,FRONT BRAKE,L | F35: 45965 | G35: 0.78125 | H35: CA-07 | I35: AC5 | J35: 18 | K35: =VLOOKUP($C35,Sheet2!$A$2:$D$10,4,0) -> 18 | L35: =VLOOKUP($C35,Sheet2!$A$2:$E$10,5,0) -> Trolley (H) | O35: GJ27TD4419
A36: G/I/25-26/01087 | B36: 05Y586500155AC5 | C36: 55311M58U00 | D36: =VLOOKUP($C36,Sheet2!$A$2:$B$10,2,0) -> 141185-74670 | E36: DISC,FRONT BRAKE | F36: 45965 | G36: 0.78125 | H36: CA-07 | I36: AC5 | J36: 40 | K36: =VLOOKUP($C36,Sheet2!$A$2:$D$10,4,0) -> 40 | L36: =VLOOKUP($C36,Sheet2!$A$2:$E$10,5,0) -> Trolley | N36: 1 | O36: GJ27TD4419
A37: G/I/25-26/01087 | B37: 05Y586499742AC5 | C37: 55401M58U00 | D37: =VLOOKUP($C37,Sheet2!$A$2:$B$10,2,0) -> 141140-91211 | E37: CALIPER ASSY,REAR BRAKE,R | F37: 45965 | G37: 0.78125 | H37: CA-21 | I37: AC5 | J37: 12 | K37: =VLOOKUP($C37,Sheet2!$A$2:$D$10,4,0) -> 2 | L37: =VLOOKUP($C37,Sheet2!$A$2:$E$10,5,0) -> Bin | M37: =J37/K37 -> 6 | O37: GJ27TD4419
A38: G/I/25-26/01087 | B38: 05Y586499696AC5 | C38: 55402M58U00 | D38: =VLOOKUP($C38,Sheet2!$A$2:$B$10,2,0) -> 141150-91211 | E38: CALIPER ASSY,REAR BRAKE,L | F38: 45965 | G38: 0.78125 | H38: CA-21 | I38: AC5 | J38: 12 | K38: =VLOOKUP($C38,Sheet2!$A$2:$D$10,4,0) -> 2 | L38: =VLOOKUP($C38,Sheet2!$A$2:$E$10,5,0) -> Bin | M38: =J38/K38 -> 6 | O38: GJ27TD4419
A39: G/I/25-26/01087 | B39: 05Y586498690AC5 | C39: 55611M58U00 | D39: =VLOOKUP($C39,Sheet2!$A$2:$B$10,2,0) -> 141186-74360 | E39: DISC,REAR BRAKE | F39: 45965 | G39: 0.78125 | H39: CA-21 | I39: AC5 | J39: 40 | K39: =VLOOKUP($C39,Sheet2!$A$2:$D$10,4,0) -> 40 | L39: =VLOOKUP($C39,Sheet2!$A$2:$E$10,5,0) -> Trolley | N39: 1 | O39: GJ27TD4419
A40: G/I/25-26/01090 | B40: 05Y586502247AC5 | C40: 56110M58UA1 | D40: =VLOOKUP($C40,Sheet2!$A$2:$B$10,2,0) -> 116040-92240 | E40: ACTUATOR ASSY,NO VARIANT ESP | F40: 45965 | G40: 0.78125 | H40: CA-01 | I40: AC5 | J40: 12 | K40: =VLOOKUP($C40,Sheet2!$A$2:$D$10,4,0) -> 6 | L40: =VLOOKUP($C40,Sheet2!$A$2:$E$10,5,0) -> Bin | M40: =J40/K40 -> 2 | O40: GJ27TD4419
A41: G/I/25-26/01090 | B41: 05Y586501941AC5 | C41: 5A120M58U01 | D41: =VLOOKUP($C41,Sheet2!$A$2:$B$10,2,0) -> 114010-50820 | E41: CYLINDER ASSY,BK MASTER W/ECU | F41: 45965 | G41: 0.78125 | H41: CA-01 | I41: AC5 | J41: 6 | K41: =VLOOKUP($C41,Sheet2!$A$2:$D$10,4,0) -> 1 | L41: =VLOOKUP($C41,Sheet2!$A$2:$E$10,5,0) -> Bin | M41: =J41/K41 -> 6 | O41: GJ27TD4419
A42: G/I/25-26/01090 | B42: 05Y586500074AC5 | C42: 5A120M58U50 | D42: =VLOOKUP($C42,Sheet2!$A$2:$B$10,2,0) -> 114010-50830 | E42: CYLINDER ASSY,BK MASTER W/ECU | F42: 45965 | G42: 0.78125 | H42: CA-01 | I42: AC5 | J42: 6 | K42: =VLOOKUP($C42,Sheet2!$A$2:$D$10,4,0) -> 1 | L42: =VLOOKUP($C42,Sheet2!$A$2:$E$10,5,0) -> Bin | M42: =J42/K42 -> 6 | O42: GJ27TD4419
M43: 53 | N43: 7
A44: G/I/25-26/01084 | B44: 04Y585850110AC5 | C44: 55401M58U00 | D44: =VLOOKUP($C44,Sheet2!$A$2:$B$10,2,0) -> 141140-91211 | E44: CALIPER ASSY,REAR BRAKE,R | F44: 45965 | G44: 0.97916667 | H44: CA-21 | I44: AC5 | J44: 26 | K44: =VLOOKUP($C44,Sheet2!$A$2:$D$10,4,0) -> 2 | L44: =VLOOKUP($C44,Sheet2!$A$2:$E$10,5,0) -> Bin | M44: =J44/K44 -> 13 | O44: GJ02ZZ7144
A45: G/I/25-26/01084 | B45: 04Y585850152AC5 | C45: 55402M58U00 | D45: =VLOOKUP($C45,Sheet2!$A$2:$B$10,2,0) -> 141150-91211 | E45: CALIPER ASSY,REAR BRAKE,L | F45: 45965 | G45: 0.97916667 | H45: CA-21 | I45: AC5 | J45: 26 | K45: =VLOOKUP($C45,Sheet2!$A$2:$D$10,4,0) -> 2 | L45: =VLOOKUP($C45,Sheet2!$A$2:$E$10,5,0) -> Bin | M45: =J45/K45 -> 13 | O45: GJ02ZZ7144
A46: G/I/25-26/01084 | B46: 04Y585850195AC5 | C46: 55611M58U00 | D46: =VLOOKUP($C46,Sheet2!$A$2:$B$10,2,0) -> 141186-74360 | E46: DISC,REAR BRAKE | F46: 45965 | G46: 0.97916667 | H46: CA-21 | I46: AC5 | J46: 40 | K46: =VLOOKUP($C46,Sheet2!$A$2:$D$10,4,0) -> 40 | L46: =VLOOKUP($C46,Sheet2!$A$2:$E$10,5,0) -> Trolley | N46: =J46/K46 -> 1 | O46: GJ02ZZ7144
A47: G/I/25-26/01085 | B47: 04Y585850233AC5 | C47: 56110M58UA1 | D47: =VLOOKUP($C47,Sheet2!$A$2:$B$10,2,0) -> 116040-92240 | E47: ACTUATOR ASSY,NO VARIANT ESP | F47: 45965 | G47: 0.97916667 | H47: CA-01 | I47: AC5 | J47: 24 | K47: =VLOOKUP($C47,Sheet2!$A$2:$D$10,4,0) -> 6 | L47: =VLOOKUP($C47,Sheet2!$A$2:$E$10,5,0) -> Bin | M47: =J47/K47 -> 4 | O47: GJ02ZZ7144
A48: G/I/25-26/01085 | B48: 04Y585850276AC5 | C48: 5A120M58U01 | D48: =VLOOKUP($C48,Sheet2!$A$2:$B$10,2,0) -> 114010-50820 | E48: CYLINDER ASSY,BK MASTER W/ECU | F48: 45965 | G48: 0.97916667 | H48: CA-01 | I48: AC5 | J48: 9 | K48: =VLOOKUP($C48,Sheet2!$A$2:$D$10,4,0) -> 1 | L48: =VLOOKUP($C48,Sheet2!$A$2:$E$10,5,0) -> Bin | M48: =J48/K48 -> 9 | O48: GJ02ZZ7144
A49: G/I/25-26/01085 | B49: 04Y585850314AC5 | C49: 5A120M58U50 | D49: =VLOOKUP($C49,Sheet2!$A$2:$B$10,2,0) -> 114010-50830 | E49: CYLINDER ASSY,BK MASTER W/ECU | F49: 45965 | G49: 0.97916667 | H49: CA-01 | I49: AC5 | J49: 12 | K49: =VLOOKUP($C49,Sheet2!$A$2:$D$10,4,0) -> 1 | L49: =VLOOKUP($C49,Sheet2!$A$2:$E$10,5,0) -> Bin | M49: =J49/K49 -> 12 | O49: GJ02ZZ7144
M50: 51 | N50: 1

Sheet 05-11-2025
A1: Dailly SMG Pick List | J1: 24AACCN5739J1ZA
A2: Supply Month | B2: 45966
A3: INVOICE NO | B3: KANBAN NO | C3: PART NUMBER | D3: Material Code | E3: PART NAME | F3: SUPPLY DATE | G3: SUPPLY TIME | H3: UNLOADING LOC | I3: Line | J3: Qty Req | K3: Packing Standerd | L3: Packed in | M3: TTL Bin | N3: TORLLY | O3: Vehicle No | P3: INV NO
A4: G/I/25-26/01091 | B4: 05Y586426222AC5 | C4: 55101M58U10 | D4: =VLOOKUP($C4,Sheet2!$A$2:$B$10,2,0) -> 141110-14600 | E4: CALIPER ASSY,FRONT BRAKE,R | F4: 45966 | G4: 0.27083333 | H4: CA-07 | I4: AC5 | J4: 18 | K4: =VLOOKUP($C4,Sheet2!$A$2:$D$10,4,0) -> 18 | L4: =VLOOKUP($C4,Sheet2!$A$2:$E$10,5,0) -> Trolley (H) | N4: 1 | O4: GJ23Y8525 | P4: AN0250008197
A5: G/I/25-26/01091 | B5: 05Y586426265AC5 | C5: 55102M58U10 | D5: =VLOOKUP($C5,Sheet2!$A$2:$B$10,2,0) -> 141120-14600 | E5: CALIPER ASSY,FRONT BRAKE,L | F5: 45966 | G5: 0.27083333 | H5: CA-07 | I5: AC5 | J5: 18 | K5: =VLOOKUP($C5,Sheet2!$A$2:$D$10,4,0) -> 18 | L5: =VLOOKUP($C5,Sheet2!$A$2:$E$10,5,0) -> Trolley (H) | O5: GJ23Y8525 | P5: AN0250008197
A6: G/I/25-26/01091 | B6: 05Y586426303AC5 | C6: 55311M58U00 | D6: =VLOOKUP($C6,Sheet2!$A$2:$B$10,2,0) -> 141185-74670 | E6: DISC,FRONT BRAKE | F6: 45966 | G6: 0.27083333 | H6: CA-07 | I6: AC5 | J6: 40 | K6: =VLOOKUP($C6,Sheet2!$A$2:$D$10,4,0) -> 40 | L6: =VLOOKUP($C6,Sheet2!$A$2:$E$10,5,0) -> Trolley | N6: =J6/K6 -> 1 | O6: GJ23Y8525 | P6: 91100866-29 Qty. /9100099020-11 Qty.
A7: G/I/25-26/01091 | B7: 05Y586426346AC5 | C7: 55401M58U00 | D7: =VLOOKUP($C7,Sheet2!$A$2:$B$10,2,0) -> 141140-91211 | E7: CALIPER ASSY,REAR BRAKE,R | F7: 45966 | G7: 0.27083333 | H7: CA-21 | I7: AC5 | J7: 24 | K7: =VLOOKUP($C7,Sheet2!$A$2:$D$10,4,0) -> 2 | L7: =VLOOKUP($C7,Sheet2!$A$2:$E$10,5,0) -> Bin | M7: =J7/K7 -> 12 | O7: GJ23Y8525 | P7: 12508Q100183
A8: G/I/25-26/01091 | B8: 05Y586506331AC5 | C8: 55401M58U00 | D8: =VLOOKUP($C8,Sheet2!$A$2:$B$10,2,0) -> 141140-91211 | E8: CALIPER ASSY,REAR BRAKE,R | F8: 45966 | G8: 0.27083333 | H8: CA-21 | I8: AC5 | J8: 8 | K8: =VLOOKUP($C8,Sheet2!$A$2:$D$10,4,0) -> 2 | L8: =VLOOKUP($C8,Sheet2!$A$2:$E$10,5,0) -> Bin | M8: =J8/K8 -> 4 | O8: GJ23Y8525 | P8: 12508Q100183
A9: G/I/25-26/01091 | B9: 05Y586426389AC5 | C9: 55402M58U00 | D9: =VLOOKUP($C9,Sheet2!$A$2:$B$10,2,0) -> 141150-91211 | E9: CALIPER ASSY,REAR BRAKE,L | F9: 45966 | G9: 0.27083333 | H9: CA-21 | I9: AC5 | J9: 24 | K9: =VLOOKUP($C9,Sheet2!$A$2:$D$10,4,0) -> 2 | L9: =VLOOKUP($C9,Sheet2!$A$2:$E$10,5,0) -> Bin | M9: =J9/K9 -> 12 | O9: GJ23Y8525 | P9: 12508Q100183
A10: G/I/25-26/01091 | B10: 05Y586505637AC5 | C10: 55402M58U00 | D10: =VLOOKUP($C10,Sheet2!$A$2:$B$10,2,0) -> 141150-91211 | E10: CALIPER ASSY,REAR BRAKE,L | F10: 45966 | G10: 0.27083333 | H10: CA-21 | I10: AC5 | J10: 8 | K10: =VLOOKUP($C10,Sheet2!$A$2:$D$10,4,0) -> 2 | L10: =VLOOKUP($C10,Sheet2!$A$2:$E$10,5,0) -> Bin | M10: =J10/K10 -> 4 | O10: GJ23Y8525 | P10: 12508Q100183
A11: G/I/25-26/01091 | B11: 05Y586426427AC5 | C11: 55611M58U00 | D11: =VLOOKUP($C11,Sheet2!$A$2:$B$10,2,0) -> 141186-74360 | E11: DISC,REAR BRAKE | F11: 45966 | G11: 0.27083333 | H11: CA-21 | I11: AC5 | J11: 40 | K11: =VLOOKUP($C11,Sheet2!$A$2:$D$10,4,0) -> 40 | L11: =VLOOKUP($C11,Sheet2!$A$2:$E$10,5,0) -> Trolley | N11: =J11/K11 -> 1 | O11: GJ23Y8525 | P11: 910102103
A12: G/I/25-26/01092 | B12: 05Y586426460AC5 | C12: 56110M58UA1 | D12: =VLOOKUP($C12,Sheet2!$A$2:$B$10,2,0) -> 116040-92240 | E12: ACTUATOR ASSY,NO VARIANT ESP | F12: 45966 | G12: 0.27083333 | H12: CA-01 | I12: AC5 | J12: 24 | K12: =VLOOKUP($C12,Sheet2!$A$2:$D$10,4,0) -> 6 | L12: =VLOOKUP($C12,Sheet2!$A$2:$E$10,5,0) -> Bin | M12: =J12/K12 -> 4 | O12: GJ23Y8525 | P12: NA
A13: G/I/25-26/01092 | B13: 05Y586515624AC5 | C13: 56110M58UA1 | D13: =VLOOKUP($C13,Sheet2!$A$2:$B$10,2,0) -> 116040-92240 | E13: ACTUATOR ASSY,NO VARIANT ESP | F13: 45966 | G13: 0.27083333 | H13: CA-01 | I13: AC5 | J13: 6 | K13: =VLOOKUP($C13,Sheet2!$A$2:$D$10,4,0) -> 6 | L13: =VLOOKUP($C13,Sheet2!$A$2:$E$10,5,0) -> Bin | M13: =J13/K13 -> 1 | O13: GJ23Y8525 | P13: NA
A14: G/I/25-26/01092 | B14: 05Y586426508AC5 | C14: 5A120M58U01 | D14: =VLOOKUP($C14,Sheet2!$A$2:$B$10,2,0) -> 114010-50820 | E14: CYLINDER ASSY,BK MASTER W/ECU | F14: 45966 | G14: 0.27083333 | H14: CA-01 | I14: AC5 | J14: 11 | K14: =VLOOKUP($C14,Sheet2!$A$2:$D$10,4,0) -> 1 | L14: =VLOOKUP($C14,Sheet2!$A$2:$E$10,5,0) -> Bin | M14: =J14/K14 -> 11 | O14: GJ23Y8525 | P14: NA
A15: G/I/25-26/01092 | B15: 05Y586514326AC5 | C15: 5A120M58U01 | D15: =VLOOKUP($C15,Sheet2!$A$2:$B$10,2,0) -> 114010-50820 | E15: CYLINDER ASSY,BK MASTER W/ECU | F15: 45966 | G15: 0.27083333 | H15: CA-01 | I15: AC5 | J15: 3 | K15: =VLOOKUP($C15,Sheet2!$A$2:$D$10,4,0) -> 1 | L15: =VLOOKUP($C15,Sheet2!$A$2:$E$10,5,0) -> Bin | M15: =J15/K15 -> 3 | O15: GJ23Y8525 | P15: NA
A16: G/I/25-26/01092 | B16: 05Y586426540AC5 | C16: 5A120M58U50 | D16: =VLOOKUP($C16,Sheet2!$A$2:$B$10,2,0) -> 114010-50830 | E16: CYLINDER ASSY,BK MASTER W/ECU | F16: 45966 | G16: 0.27083333 | H16: CA-01 | I16: AC5 | J16: 13 | K16: =VLOOKUP($C16,Sheet2!$A$2:$D$10,4,0) -> 1 | L16: =VLOOKUP($C16,Sheet2!$A$2:$E$10,5,0) -> Bin | M16: =J16/K16 -> 13 | O16: GJ23Y8525 | P16: NA
A17: G/I/25-26/01092 | B17: 05Y586508733AC5 | C17: 5A120M58U50 | D17: =VLOOKUP($C17,Sheet2!$A$2:$B$10,2,0) -> 114010-50830 | E17: CYLINDER ASSY,BK MASTER W/ECU | F17: 45966 | G17: 0.27083333 | H17: CA-01 | I17: AC5 | J17: 4 | K17: =VLOOKUP($C17,Sheet2!$A$2:$D$10,4,0) -> 1 | L17: =VLOOKUP($C17,Sheet2!$A$2:$E$10,5,0) -> Bin | M17: =J17/K17 -> 4 | O17: GJ23Y8525 | P17: NA
A18: G/I/25-26/01093 | B18: 05Y586426230AC5 | C18: 55101M58U10 | D18: =VLOOKUP($C18,Sheet2!$A$2:$B$10,2,0) -> 141110-14600 | E18: CALIPER ASSY,FRONT BRAKE,R | F18: 45966 | G18: 0.39583333 | H18: CA-07 | I18: AC5 | J18: 18 | K18: =VLOOKUP($C18,Sheet2!$A$2:$D$10,4,0) -> 18 | L18: =VLOOKUP($C18,Sheet2!$A$2:$E$10,5,0) -> Trolley (H) | N18: 1 | O18: GJ23Y8525 | P18: AN0250008334
A19: G/I/25-26/01093 | B19: 05Y586426273AC5 | C19: 55102M58U10 | D19: =VLOOKUP($C19,Sheet2!$A$2:$B$10,2,0) -> 141120-14600 | E19: CALIPER ASSY,FRONT BRAKE,L | F19: 45966 | G19: 0.39583333 | H19: CA-07 | I19: AC5 | J19: 18 | K19: =VLOOKUP($C19,Sheet2!$A$2:$D$10,4,0) -> 18 | L19: =VLOOKUP($C19,Sheet2!$A$2:$E$10,5,0) -> Trolley (H) | O19: GJ23Y8525 | P19: AN0250008197
A20: G/I/25-26/01093 | B20: 05Y586426311AC5 | C20: 55311M58U00 | D20: =VLOOKUP($C20,Sheet2!$A$2:$B$10,2,0) -> 141185-74670 | E20: DISC,FRONT BRAKE | F20: 45966 | G20: 0.39583333 | H20: CA-07 | I20: AC5 | J20: 40 | K20: =VLOOKUP($C20,Sheet2!$A$2:$D$10,4,0) -> 40 | L20: =VLOOKUP($C20,Sheet2!$A$2:$E$10,5,0) -> Trolley | N20: =J20/K20 -> 1 | O20: GJ23Y8525 | P20: 910099020
A21: G/I/25-26/01093 | B21: 05Y586426354AC5 | C21: 55401M58U00 | D21: =VLOOKUP($C21,Sheet2!$A$2:$B$10,2,0) -> 141140-91211 | E21: CALIPER ASSY,REAR BRAKE,R | F21: 45966 | G21: 0.39583333 | H21: CA-21 | I21: AC5 | J21: 20 | K21: =VLOOKUP($C21,Sheet2!$A$2:$D$10,4,0) -> 2 | L21: =VLOOKUP($C21,Sheet2!$A$2:$E$10,5,0) -> Bin | M21: =J21/K21 -> 10 | O21: GJ23Y8525 | P21: 12508Q100183
A22: G/I/25-26/01093 | B22: 05Y586426397AC5 | C22: 55402M58U00 | D22: =VLOOKUP($C22,Sheet2!$A$2:$B$10,2,0) -> 141150-91211 | E22: CALIPER ASSY,REAR BRAKE,L | F22: 45966 | G22: 0.39583333 | H22: CA-21 | I22: AC5 | J22: 20 | K22: =VLOOKUP($C22,Sheet2!$A$2:$D$10,4,0) -> 2 | L22: =VLOOKUP($C22,Sheet2!$A$2:$E$10,5,0) -> Bin | M22: =J22/K22 -> 10 | O22: GJ23Y8525 | P22: 12508Q100183
A23: G/I/25-26/01093 | B23: 05Y586426435AC5 | C23: 55611M58U00 | D23: =VLOOKUP($C23,Sheet2!$A$2:$B$10,2,0) -> 141186-74360 | E23: DISC,REAR BRAKE | F23: 45966 | G23: 0.39583333 | H23: CA-21 | I23: AC5 | J23: 40 | K23: =VLOOKUP($C23,Sheet2!$A$2:$D$10,4,0) -> 40 | L23: =VLOOKUP($C23,Sheet2!$A$2:$E$10,5,0) -> Trolley | N23: =J23/K23 -> 1 | O23: GJ23Y8525 | P23: 910102103
A24: G/I/25-26/01094 | B24: 05Y586426478AC5 | C24: 56110M58UA1 | D24: =VLOOKUP($C24,Sheet2!$A$2:$B$10,2,0) -> 116040-92240 | E24: ACTUATOR ASSY,NO VARIANT ESP | F24: 45966 | G24: 0.39583333 | H24: CA-01 | I24: AC5 | J24: 18 | K24: =VLOOKUP($C24,Sheet2!$A$2:$D$10,4,0) -> 6 | L24: =VLOOKUP($C24,Sheet2!$A$2:$E$10,5,0) -> Bin | M24: =J24/K24 -> 3 | O24: GJ23Y8525 | P24: NA
A25: G/I/25-26/01094 | B25: 05Y586426516AC5 | C25: 5A120M58U01 | D25: =VLOOKUP($C25,Sheet2!$A$2:$B$10,2,0) -> 114010-50820 | E25: CYLINDER ASSY,BK MASTER W/ECU | F25: 45966 | G25: 0.39583333 | H25: CA-01 | I25: AC5 | J25: 11 | K25: =VLOOKUP($C25,Sheet2!$A$2:$D$10,4,0) -> 1 | L25: =VLOOKUP($C25,Sheet2!$A$2:$E$10,5,0) -> Bin | M25: =J25/K25 -> 11 | O25: GJ23Y8525 | P25: NA
A26: G/I/25-26/01094 | B26: 05Y586426559AC5 | C26: 5A120M58U50 | D26: =VLOOKUP($C26,Sheet2!$A$2:$B$10,2,0) -> 114010-50830 | E26: CYLINDER ASSY,BK MASTER W/ECU | F26: 45966 | G26: 0.39583333 | H26: CA-01 | I26: AC5 | J26: 9 | K26: =VLOOKUP($C26,Sheet2!$A$2:$D$10,4,0) -> 1 | L26: =VLOOKUP($C26,Sheet2!$A$2:$E$10,5,0) -> Bin | M26: =J26/K26 -> 9 | O26: GJ23Y8525 | P26: NA
M27: 111 | N27: 6
A28: G/I/25-26/01095 | B28: 05Y586426249AC5 | C28: 55101M58U10 | D28: =VLOOKUP($C28,Sheet2!$A$2:$B$10,2,0) -> 141110-14600 | E28: CALIPER ASSY,FRONT BRAKE,R | F28: 45966 | G28: 0.64583333 | H28: CA-07 | I28: AC5 | J28: 18 | K28: =VLOOKUP($C28,Sheet2!$A$2:$D$10,4,0) -> 18 | L28: =VLOOKUP($C28,Sheet2!$A$2:$E$10,5,0) -> Trolley (H) | N28: 1 | O28: GJ02ZZ7144 | P28: AN0250008334
A29: G/I/25-26/01095 | B29: 05Y586426281AC5 | C29: 55102M58U10 | D29: =VLOOKUP($C29,Sheet2!$A$2:$B$10,2,0) -> 141120-14600 | E29: CALIPER ASSY,FRONT BRAKE,L | F29: 45966 | G29: 0.64583333 | H29: CA-07 | I29: AC5 | J29: 18 | K29: =VLOOKUP($C29,Sheet2!$A$2:$D$10,4,0) -> 18 | L29: =VLOOKUP($C29,Sheet2!$A$2:$E$10,5,0) -> Trolley (H) | O29: GJ02ZZ7144 | P29: AN0250008334-16 Qty./ AN0250008197-2 Qty.
A30: G/I/25-26/01095 | B30: 05Y586426320AC5 | C30: 55311M58U00 | D30: =VLOOKUP($C30,Sheet2!$A$2:$B$10,2,0) -> 141185-74670 | E30: DISC,FRONT BRAKE | F30: 45966 | G30: 0.64583333 | H30: CA-07 | I30: AC5 | J30: 40 | K30: =VLOOKUP($C30,Sheet2!$A$2:$D$10,4,0) -> 40 | L30: =VLOOKUP($C30,Sheet2!$A$2:$E$10,5,0) -> Trolley | N30: =J30/K30 -> 1 | O30: GJ02ZZ7144 | P30: 910099020
A31: G/I/25-26/01095 | B31: 05Y586426362AC5 | C31: 55401M58U00 | D31: =VLOOKUP($C31,Sheet2!$A$2:$B$10,2,0) -> 141140-91211 | E31: CALIPER ASSY,REAR BRAKE,R | F31: 45966 | G31: 0.64583333 | H31: CA-21 | I31: AC5 | J31: 20 | K31: =VLOOKUP($C31,Sheet2!$A$2:$D$10,4,0) -> 2 | L31: =VLOOKUP($C31,Sheet2!$A$2:$E$10,5,0) -> Bin | M31: =J31/K31 -> 10 | O31: GJ02ZZ7144 | P31: 12508Q100183
A32: G/I/25-26/01095 | B32: 05Y586426400AC5 | C32: 55402M58U00 | D32: =VLOOKUP($C32,Sheet2!$A$2:$B$10,2,0) -> 141150-91211 | E32: CALIPER ASSY,REAR BRAKE,L | F32: 45966 | G32: 0.64583333 | H32: CA-21 | I32: AC5 | J32: 20 | K32: =VLOOKUP($C32,Sheet2!$A$2:$D$10,4,0) -> 2 | L32: =VLOOKUP($C32,Sheet2!$A$2:$E$10,5,0) -> Bin | M32: =J32/K32 -> 10 | O32: GJ02ZZ7144 | P32: 12508Q100183
A33: G/I/25-26/01095 | B33: 05Y586426443AC5 | C33: 55611M58U00 | D33: =VLOOKUP($C33,Sheet2!$A$2:$B$10,2,0) -> 141186-74360 | E33: DISC,REAR BRAKE | F33: 45966 | G33: 0.64583333 | H33: CA-21 | I33: AC5 | J33: 40 | K33: =VLOOKUP($C33,Sheet2!$A$2:$D$10,4,0) -> 40 | L33: =VLOOKUP($C33,Sheet2!$A$2:$E$10,5,0) -> Trolley | N33: =J33/K33 -> 1 | O33: GJ02ZZ7144 | P33: 910102103
A34: G/I/25-26/01096 | B34: 05Y586426486AC5 | C34: 56110M58UA1 | D34: =VLOOKUP($C34,Sheet2!$A$2:$B$10,2,0) -> 116040-92240 | E34: ACTUATOR ASSY,NO VARIANT ESP | F34: 45966 | G34: 0.64583333 | H34: CA-01 | I34: AC5 | J34: 18 | K34: =VLOOKUP($C34,Sheet2!$A$2:$D$10,4,0) -> 6 | L34: =VLOOKUP($C34,Sheet2!$A$2:$E$10,5,0) -> Bin | M34: =J34/K34 -> 3 | O34: GJ02ZZ7144 | P34: NA
A35: G/I/25-26/01096 | B35: 05Y586426524AC5 | C35: 5A120M58U01 | D35: =VLOOKUP($C35,Sheet2!$A$2:$B$10,2,0) -> 114010-50820 | E35: CYLINDER ASSY,BK MASTER W/ECU | F35: 45966 | G35: 0.64583333 | H35: CA-01 | I35: AC5 | J35: 6 | K35: =VLOOKUP($C35,Sheet2!$A$2:$D$10,4,0) -> 1 | L35: =VLOOKUP($C35,Sheet2!$A$2:$E$10,5,0) -> Bin | M35: =J35/K35 -> 6 | O35: GJ02ZZ7144 | P35: NA
A36: G/I/25-26/01096 | B36: 05Y586426567AC5 | C36: 5A120M58U50 | D36: =VLOOKUP($C36,Sheet2!$A$2:$B$10,2,0) -> 114010-50830 | E36: CYLINDER ASSY,BK MASTER W/ECU | F36: 45966 | G36: 0.64583333 | H36: CA-01 | I36: AC5 | J36: 14 | K36: =VLOOKUP($C36,Sheet2!$A$2:$D$10,4,0) -> 1 | L36: =VLOOKUP($C36,Sheet2!$A$2:$E$10,5,0) -> Bin | M36: =J36/K36 -> 14 | O36: GJ02ZZ7144 | P36: NA
M37: 43 | N37: 3
A38: G/I/25-26/01097 | B38: 05Y586426214AC5 | C38: 55101M58U10 | D38: =VLOOKUP($C38,Sheet2!$A$2:$B$10,2,0) -> 141110-14600 | E38: CALIPER ASSY,FRONT BRAKE,R | F38: 45966 | G38: 0.97916667 | H38: CA-07 | I38: AC5 | J38: 36 | K38: =VLOOKUP($C38,Sheet2!$A$2:$D$10,4,0) -> 18 | L38: =VLOOKUP($C38,Sheet2!$A$2:$E$10,5,0) -> Trolley (H) | N38: 2 | O38: GJ27TD4419 | P38: AN0250008334
A39: G/I/25-26/01097 | B39: 05Y586426257AC5 | C39: 55102M58U10 | D39: =VLOOKUP($C39,Sheet2!$A$2:$B$10,2,0) -> 141120-14600 | E39: CALIPER ASSY,FRONT BRAKE,L | F39: 45966 | G39: 0.97916667 | H39: CA-07 | I39: AC5 | J39: 36 | K39: =VLOOKUP($C39,Sheet2!$A$2:$D$10,4,0) -> 18 | L39: =VLOOKUP($C39,Sheet2!$A$2:$E$10,5,0) -> Trolley (H) | O39: GJ27TD4419 | P39: AN0250008334
A40: G/I/25-26/01097 | B40: 05Y586426290AC5 | C40: 55311M58U00 | D40: =VLOOKUP($C40,Sheet2!$A$2:$B$10,2,0) -> 141185-74670 | E40: DISC,FRONT BRAKE | F40: 45966 | G40: 0.97916667 | H40: CA-07 | I40: AC5 | J40: 80 | K40: =VLOOKUP($C40,Sheet2!$A$2:$D$10,4,0) -> 40 | L40: =VLOOKUP($C40,Sheet2!$A$2:$E$10,5,0) -> Trolley | N40: =J40/K40 -> 2 | O40: GJ27TD4419 | P40: 910099020- 13 Qty./ 910101143-67 Qty.
A41: G/I/25-26/01097 | B41: 05Y586426338AC5 | C41: 55401M58U00 | D41: =VLOOKUP($C41,Sheet2!$A$2:$B$10,2,0) -> 141140-91211 | E41: CALIPER ASSY,REAR BRAKE,R | F41: 45966 | G41: 0.97916667 | H41: CA-21 | I41: AC5 | J41: 32 | K41: =VLOOKUP($C41,Sheet2!$A$2:$D$10,4,0) -> 2 | L41: =VLOOKUP($C41,Sheet2!$A$2:$E$10,5,0) -> Bin | M41: =J41/K41 -> 16 | O41: GJ27TD4419 | P41: 12508Q100183
A42: G/I/25-26/01097 | B42: 05Y586426370AC5 | C42: 55402M58U00 | D42: =VLOOKUP($C42,Sheet2!$A$2:$B$10,2,0) -> 141150-91211 | E42: CALIPER ASSY,REAR BRAKE,L | F42: 45966 | G42: 0.97916667 | H42: CA-21 | I42: AC5 | J42: 32 | K42: =VLOOKUP($C42,Sheet2!$A$2:$D$10,4,0) -> 2 | L42: =VLOOKUP($C42,Sheet2!$A$2:$E$10,5,0) -> Bin | M42: =J42/K42 -> 16 | O42: GJ27TD4419 | P42: 12508Q100183
A43: G/I/25-26/01097 | B43: 05Y586426419AC5 | C43: 55611M58U00 | D43: =VLOOKUP($C43,Sheet2!$A$2:$B$10,2,0) -> 141186-74360 | E43: DISC,REAR BRAKE | F43: 45966 | G43: 0.97916667 | H43: CA-21 | I43: AC5 | J43: 80 | K43: =VLOOKUP($C43,Sheet2!$A$2:$D$10,4,0) -> 40 | L43: =VLOOKUP($C43,Sheet2!$A$2:$E$10,5,0) -> Trolley | N43: =J43/K43 -> 2 | O43: GJ27TD4419 | P43: 910102103
A44: G/I/25-26/01098 | B44: 05Y586426451AC5 | C44: 56110M58UA1 | D44: =VLOOKUP($C44,Sheet2!$A$2:$B$10,2,0) -> 116040-92240 | E44: ACTUATOR ASSY,NO VARIANT ESP | F44: 45966 | G44: 0.97916667 | H44: CA-01 | I44: AC5 | J44: 36 | K44: =VLOOKUP($C44,Sheet2!$A$2:$D$10,4,0) -> 6 | L44: =VLOOKUP($C44,Sheet2!$A$2:$E$10,5,0) -> Bin | M44: =J44/K44 -> 6 | O44: GJ27TD4419 | P44: NA
A45: G/I/25-26/01098 | B45: 05Y586426494AC5 | C45: 5A120M58U01 | D45: =VLOOKUP($C45,Sheet2!$A$2:$B$10,2,0) -> 114010-50820 | E45: CYLINDER ASSY,BK MASTER W/ECU | F45: 45966 | G45: 0.97916667 | H45: CA-01 | I45: AC5 | J45: 12 | K45: =VLOOKUP($C45,Sheet2!$A$2:$D$10,4,0) -> 1 | L45: =VLOOKUP($C45,Sheet2!$A$2:$E$10,5,0) -> Bin | M45: =J45/K45 -> 12 | O45: GJ27TD4419 | P45: NA
A46: G/I/25-26/01098 | B46: 05Y586426532AC5 | C46: 5A120M58U50 | D46: =VLOOKUP($C46,Sheet2!$A$2:$B$10,2,0) -> 114010-50830 | E46: CYLINDER ASSY,BK MASTER W/ECU | F46: 45966 | G46: 0.97916667 | H46: CA-01 | I46: AC5 | J46: 20 | K46: =VLOOKUP($C46,Sheet2!$A$2:$D$10,4,0) -> 1 | L46: =VLOOKUP($C46,Sheet2!$A$2:$E$10,5,0) -> Bin | M46: =J46/K46 -> 20 | O46: GJ27TD4419 | P46: 12504Q100241
M47: 70 | N47: 6

Sheet 06-11-2025
A1: Dailly SMG Pick List | J1: 24AACCN5739J1ZA
A2: Supply Month | B2: 45967
A3: INVOICE NO | B3: KANBAN NO | C3: PART NUMBER | D3: Material Code | E3: PART NAME | F3: SUPPLY DATE | G3: SUPPLY TIME | H3: UNLOADING LOC | I3: Line | J3: Qty Req | K3: Packing Standerd | L3: Packed in | M3: TTL Bin | N3: TORLLY | O3: Vehicle No | P3: INV NO
A4: G/I/25-26/01101 | B4: 06Y586605259AC5 | C4: 55101M58U10 | D4: =VLOOKUP($C4,Sheet2!$A$2:$B$10,2,0) -> 141110-14600 | E4: CALIPER ASSY,FRONT BRAKE,R | F4: 45967 | G4: 0.35416667 | H4: CA-07 | I4: AC5 | J4: 18 | K4: =VLOOKUP($C4,Sheet2!$A$2:$D$10,4,0) -> 18 | L4: =VLOOKUP($C4,Sheet2!$A$2:$E$10,5,0) -> Trolley (H) | N4: 1 | O4: GJ23Y8525 | P4: AN0250008334
A5: G/I/25-26/01101 | B5: 06Y586605275AC5 | C5: 55102M58U10 | D5: =VLOOKUP($C5,Sheet2!$A$2:$B$10,2,0) -> 141120-14600 | E5: CALIPER ASSY,FRONT BRAKE,L | F5: 45967 | G5: 0.35416667 | H5: CA-07 | I5: AC5 | J5: 18 | K5: =VLOOKUP($C5,Sheet2!$A$2:$D$10,4,0) -> 18 | L5: =VLOOKUP($C5,Sheet2!$A$2:$E$10,5,0) -> Trolley (H) | O5: GJ23Y8525 | P5: AN0250008334
A6: G/I/25-26/01101 | B6: 06Y586752227AC5 | C6: 55101M58U10 | D6: =VLOOKUP($C6,Sheet2!$A$2:$B$10,2,0) -> 141110-14600 | E6: CALIPER ASSY,FRONT BRAKE,R | F6: 45967 | G6: 0.35416667 | H6: CA-07 | I6: AC5 | J6: 18 | K6: =VLOOKUP($C6,Sheet2!$A$2:$D$10,4,0) -> 18 | L6: =VLOOKUP($C6,Sheet2!$A$2:$E$10,5,0) -> Trolley (H) | N6: 1 | O6: GJ23Y8525 | P6: AN0250008334
A7: G/I/25-26/01101 | B7: 06Y586750950AC5 | C7: 55102M58U10 | D7: =VLOOKUP($C7,Sheet2!$A$2:$B$10,2,0) -> 141120-14600 | E7: CALIPER ASSY,FRONT BRAKE,L | F7: 45967 | G7: 0.35416667 | H7: CA-07 | I7: AC5 | J7: 18 | K7: =VLOOKUP($C7,Sheet2!$A$2:$D$10,4,0) -> 18 | L7: =VLOOKUP($C7,Sheet2!$A$2:$E$10,5,0) -> Trolley (H) | O7: GJ23Y8525 | P7: AN0250008334
A8: G/I/25-26/01101 | B8: 06Y586605305AC5 | C8: 55311M58U00 | D8: =VLOOKUP($C8,Sheet2!$A$2:$B$10,2,0) -> 141185-74670 | E8: DISC,FRONT BRAKE | F8: 45967 | G8: 0.35416667 | H8: CA-07 | I8: AC5 | J8: 40 | K8: =VLOOKUP($C8,Sheet2!$A$2:$D$10,4,0) -> 40 | L8: =VLOOKUP($C8,Sheet2!$A$2:$E$10,5,0) -> Trolley | N8: =J8/K8 -> 1 | O8: GJ23Y8525 | P8: 910102103
A9: G/I/25-26/01101 | B9: 06Y586605321AC5 | C9: 55401M58U00 | D9: =VLOOKUP($C9,Sheet2!$A$2:$B$10,2,0) -> 141140-91211 | E9: CALIPER ASSY,REAR BRAKE,R | F9: 45967 | G9: 0.35416667 | H9: CA-21 | I9: AC5 | J9: 14 | K9: =VLOOKUP($C9,Sheet2!$A$2:$D$10,4,0) -> 2 | L9: =VLOOKUP($C9,Sheet2!$A$2:$E$10,5,0) -> Bin | M9: =J9/K9 -> 7 | O9: GJ23Y8525 | P9: 12508Q100183
A10: G/I/25-26/01101 | B10: 06Y586747703AC5 | C10: 55401M58U00 | D10: =VLOOKUP($C10,Sheet2!$A$2:$B$10,2,0) -> 141140-91211 | E10: CALIPER ASSY,REAR BRAKE,R | F10: 45967 | G10: 0.35416667 | H10: CA-21 | I10: AC5 | J10: 18 | K10: =VLOOKUP($C10,Sheet2!$A$2:$D$10,4,0) -> 2 | L10: =VLOOKUP($C10,Sheet2!$A$2:$E$10,5,0) -> Bin | M10: =J10/K10 -> 9 | O10: GJ23Y8525 | P10: 12508Q100183
A11: G/I/25-26/01101 | B11: 06Y586605364AC5 | C11: 55402M58U00 | D11: =VLOOKUP($C11,Sheet2!$A$2:$B$10,2,0) -> 141150-91211 | E11: CALIPER ASSY,REAR BRAKE,L | F11: 45967 | G11: 0.35416667 | H11: CA-21 | I11: AC5 | J11: 14 | K11: =VLOOKUP($C11,Sheet2!$A$2:$D$10,4,0) -> 2 | L11: =VLOOKUP($C11,Sheet2!$A$2:$E$10,5,0) -> Bin | M11: =J11/K11 -> 7 | O11: GJ23Y8525 | P11: 12508Q100183
A12: G/I/25-26/01101 | B12: 06Y586752901AC5 | C12: 55402M58U00 | D12: =VLOOKUP($C12,Sheet2!$A$2:$B$10,2,0) -> 141150-91211 | E12: CALIPER ASSY,REAR BRAKE,L | F12: 45967 | G12: 0.35416667 | H12: CA-21 | I12: AC5 | J12: 18 | K12: =VLOOKUP($C12,Sheet2!$A$2:$D$10,4,0) -> 2 | L12: =VLOOKUP($C12,Sheet2!$A$2:$E$10,5,0) -> Bin | M12: =J12/K12 -> 9 | O12: GJ23Y8525 | P12: 12508Q100183
A13: G/I/25-26/01101 | B13: 06Y586605402AC5 | C13: 55611M58U00 | D13: =VLOOKUP($C13,Sheet2!$A$2:$B$10,2,0) -> 141186-74360 | E13: DISC,REAR BRAKE | F13: 45967 | G13: 0.35416667 | H13: CA-21 | I13: AC5 | J13: 40 | K13: =VLOOKUP($C13,Sheet2!$A$2:$D$10,4,0) -> 40 | L13: =VLOOKUP($C13,Sheet2!$A$2:$E$10,5,0) -> Trolley | N13: =J13/K13 -> 1 | O13: GJ23Y8525 | P13: 910101143
A14: G/I/25-26/01102 | B14: 06Y586605429AC5 | C14: 56110M58UA1 | D14: =VLOOKUP($C14,Sheet2!$A$2:$B$10,2,0) -> 116040-92240 | E14: ACTUATOR ASSY,NO VARIANT ESP | F14: 45967 | G14: 0.35416667 | H14: CA-01 | I14: AC5 | J14: 12 | K14: =VLOOKUP($C14,Sheet2!$A$2:$D$10,4,0) -> 6 | L14: =VLOOKUP($C14,Sheet2!$A$2:$E$10,5,0) -> Bin | M14: =J14/K14 -> 2 | O14: GJ23Y8525 | P14: NA
A15: G/I/25-26/01102 | B15: 06Y586752324AC5 | C15: 56110M58UA1 | D15: =VLOOKUP($C15,Sheet2!$A$2:$B$10,2,0) -> 116040-92240 | E15: ACTUATOR ASSY,NO VARIANT ESP | F15: 45967 | G15: 0.35416667 | H15: CA-01 | I15: AC5 | J15: 18 | K15: =VLOOKUP($C15,Sheet2!$A$2:$D$10,4,0) -> 6 | L15: =VLOOKUP($C15,Sheet2!$A$2:$E$10,5,0) -> Bin | M15: =J15/K15 -> 3 | O15: GJ23Y8525 | P15: NA
A16: G/I/25-26/01102 | B16: 06Y586605461AC5 | C16: 5A120M58U01 | D16: =VLOOKUP($C16,Sheet2!$A$2:$B$10,2,0) -> 114010-50820 | E16: CYLINDER ASSY,BK MASTER W/ECU | F16: 45967 | G16: 0.35416667 | H16: CA-01 | I16: AC5 | J16: 3 | K16: =VLOOKUP($C16,Sheet2!$A$2:$D$10,4,0) -> 1 | L16: =VLOOKUP($C16,Sheet2!$A$2:$E$10,5,0) -> Bin | M16: =J16/K16 -> 3 | O16: GJ23Y8525 | P16: NA
A17: G/I/25-26/01102 | B17: 06Y586758705AC5 | C17: 5A120M58U01 | D17: =VLOOKUP($C17,Sheet2!$A$2:$B$10,2,0) -> 114010-50820 | E17: CYLINDER ASSY,BK MASTER W/ECU | F17: 45967 | G17: 0.35416667 | H17: CA-01 | I17: AC5 | J17: 10 | K17: =VLOOKUP($C17,Sheet2!$A$2:$D$10,4,0) -> 1 | L17: =VLOOKUP($C17,Sheet2!$A$2:$E$10,5,0) -> Bin | M17: =J17/K17 -> 10 | O17: GJ23Y8525 | P17: NA
A18: G/I/25-26/01102 | B18: 06Y586605500AC5 | C18: 5A120M58U50 | D18: =VLOOKUP($C18,Sheet2!$A$2:$B$10,2,0) -> 114010-50830 | E18: CYLINDER ASSY,BK MASTER W/ECU | F18: 45967 | G18: 0.35416667 | H18: CA-01 | I18: AC5 | J18: 11 | K18: =VLOOKUP($C18,Sheet2!$A$2:$D$10,4,0) -> 1 | L18: =VLOOKUP($C18,Sheet2!$A$2:$E$10,5,0) -> Bin | M18: =J18/K18 -> 11 | O18: GJ23Y8525 | P18: NA
A19: G/I/25-26/01102 | B19: 06Y586749846AC5 | C19: 5A120M58U50 | D19: =VLOOKUP($C19,Sheet2!$A$2:$B$10,2,0) -> 114010-50830 | E19: CYLINDER ASSY,BK MASTER W/ECU | F19: 45967 | G19: 0.35416667 | H19: CA-01 | I19: AC5 | J19: 7 | K19: =VLOOKUP($C19,Sheet2!$A$2:$D$10,4,0) -> 1 | L19: =VLOOKUP($C19,Sheet2!$A$2:$E$10,5,0) -> Bin | M19: =J19/K19 -> 7 | O19: GJ23Y8525 | P19: 12504Q100241
M20: 68 | N20: 4
A21: G/I/25-26/01103 | B21: 06Y586605267AC5 | C21: 55101M58U10 | D21: =VLOOKUP($C21,Sheet2!$A$2:$B$10,2,0) -> 141110-14600 | E21: CALIPER ASSY,FRONT BRAKE,R | F21: 45967 | G21: 0.60416667 | H21: CA-07 | I21: AC5 | J21: 18 | K21: =VLOOKUP($C21,Sheet2!$A$2:$D$10,4,0) -> 18 | L21: =VLOOKUP($C21,Sheet2!$A$2:$E$10,5,0) -> Trolley (H) | N21: 1 | O21: GJ02ZZ7144 | P21: AN0250008334
A22: G/I/25-26/01103 | B22: 06Y586605283AC5 | C22: 55102M58U10 | D22: =VLOOKUP($C22,Sheet2!$A$2:$B$10,2,0) -> 141120-14600 | E22: CALIPER ASSY,FRONT BRAKE,L | F22: 45967 | G22: 0.60416667 | H22: CA-07 | I22: AC5 | J22: 18 | K22: =VLOOKUP($C22,Sheet2!$A$2:$D$10,4,0) -> 18 | L22: =VLOOKUP($C22,Sheet2!$A$2:$E$10,5,0) -> Trolley (H) | O22: GJ02ZZ7144 | P22: AN0250008334
A23: G/I/25-26/01103 | B23: 06Y586605330AC5 | C23: 55401M58U00 | D23: =VLOOKUP($C23,Sheet2!$A$2:$B$10,2,0) -> 141140-91211 | E23: CALIPER ASSY,REAR BRAKE,R | F23: 45967 | G23: 0.60416667 | H23: CA-21 | I23: AC5 | J23: 10 | K23: =VLOOKUP($C23,Sheet2!$A$2:$D$10,4,0) -> 2 | L23: =VLOOKUP($C23,Sheet2!$A$2:$E$10,5,0) -> Bin | M23: =J23/K23 -> 5 | O23: GJ02ZZ7144 | P23: 12508Q100183
A24: G/I/25-26/01103 | B24: 06Y586605348AC5 | C24: 55401M58U00 | D24: =VLOOKUP($C24,Sheet2!$A$2:$B$10,2,0) -> 141140-91211 | E24: CALIPER ASSY,REAR BRAKE,R | F24: 45967 | G24: 0.60416667 | H24: CA-21 | I24: AC5 | J24: 10 | K24: =VLOOKUP($C24,Sheet2!$A$2:$D$10,4,0) -> 2 | L24: =VLOOKUP($C24,Sheet2!$A$2:$E$10,5,0) -> Bin | M24: =J24/K24 -> 5 | O24: GJ02ZZ7144 | P24: 12508Q100183
A25: G/I/25-26/01103 | B25: 06Y586605372AC5 | C25: 55402M58U00 | D25: =VLOOKUP($C25,Sheet2!$A$2:$B$10,2,0) -> 141150-91211 | E25: CALIPER ASSY,REAR BRAKE,L | F25: 45967 | G25: 0.60416667 | H25: CA-21 | I25: AC5 | J25: 10 | K25: =VLOOKUP($C25,Sheet2!$A$2:$D$10,4,0) -> 2 | L25: =VLOOKUP($C25,Sheet2!$A$2:$E$10,5,0) -> Bin | M25: =J25/K25 -> 5 | O25: GJ02ZZ7144 | P25: 12508Q100183
A26: G/I/25-26/01103 | B26: 06Y586605380AC5 | C26: 55402M58U00 | D26: =VLOOKUP($C26,Sheet2!$A$2:$B$10,2,0) -> 141150-91211 | E26: CALIPER ASSY,REAR BRAKE,L | F26: 45967 | G26: 0.60416667 | H26: CA-21 | I26: AC5 | J26: 10 | K26: =VLOOKUP($C26,Sheet2!$A$2:$D$10,4,0) -> 2 | L26: =VLOOKUP($C26,Sheet2!$A$2:$E$10,5,0) -> Bin | M26: =J26/K26 -> 5 | O26: GJ02ZZ7144 | P26: 12508Q100183
A27: G/I/25-26/01104 | B27: 06Y586605437AC5 | C27: 56110M58UA1 | D27: =VLOOKUP($C27,Sheet2!$A$2:$B$10,2,0) -> 116040-92240 | E27: ACTUATOR ASSY,NO VARIANT ESP | F27: 45967 | G27: 0.60416667 | H27: CA-01 | I27: AC5 | J27: 12 | K27: =VLOOKUP($C27,Sheet2!$A$2:$D$10,4,0) -> 6 | L27: =VLOOKUP($C27,Sheet2!$A$2:$E$10,5,0) -> Bin | M27: =J27/K27 -> 2 | O27: GJ02ZZ7144 | P27: NA
A28: G/I/25-26/01104 | B28: 06Y586605445AC5 | C28: 56110M58UA1 | D28: =VLOOKUP($C28,Sheet2!$A$2:$B$10,2,0) -> 116040-92240 | E28: ACTUATOR ASSY,NO VARIANT ESP | F28: 45967 | G28: 0.60416667 | H28: CA-01 | I28: AC5 | J28: 12 | K28: =VLOOKUP($C28,Sheet2!$A$2:$D$10,4,0) -> 6 | L28: =VLOOKUP($C28,Sheet2!$A$2:$E$10,5,0) -> Bin | M28: =J28/K28 -> 2 | O28: GJ02ZZ7144 | P28: NA
A29: G/I/25-26/01104 | B29: 06Y586605470AC5 | C29: 5A120M58U01 | D29: =VLOOKUP($C29,Sheet2!$A$2:$B$10,2,0) -> 114010-50820 | E29: CYLINDER ASSY,BK MASTER W/ECU | F29: 45967 | G29: 0.60416667 | H29: CA-01 | I29: AC5 | J29: 5 | K29: =VLOOKUP($C29,Sheet2!$A$2:$D$10,4,0) -> 1 | L29: =VLOOKUP($C29,Sheet2!$A$2:$E$10,5,0) -> Bin | M29: =J29/K29 -> 5 | O29: GJ02ZZ7144 | P29: 12504Q100173
A30: G/I/25-26/01104 | B30: 06Y586605488AC5 | C30: 5A120M58U01 | D30: =VLOOKUP($C30,Sheet2!$A$2:$B$10,2,0) -> 114010-50820 | E30: CYLINDER ASSY,BK MASTER W/ECU | F30: 45967 | G30: 0.60416667 | H30: CA-01 | I30: AC5 | J30: 5 | K30: =VLOOKUP($C30,Sheet2!$A$2:$D$10,4,0) -> 1 | L30: =VLOOKUP($C30,Sheet2!$A$2:$E$10,5,0) -> Bin | M30: =J30/K30 -> 5 | O30: GJ02ZZ7144 | P30: 12504Q100173
A31: G/I/25-26/01104 | B31: 06Y586605518AC5 | C31: 5A120M58U50 | D31: =VLOOKUP($C31,Sheet2!$A$2:$B$10,2,0) -> 114010-50830 | E31: CYLINDER ASSY,BK MASTER W/ECU | F31: 45967 | G31: 0.60416667 | H31: CA-01 | I31: AC5 | J31: 5 | K31: =VLOOKUP($C31,Sheet2!$A$2:$D$10,4,0) -> 1 | L31: =VLOOKUP($C31,Sheet2!$A$2:$E$10,5,0) -> Bin | M31: =J31/K31 -> 5 | O31: GJ02ZZ7144 | P31: 12504Q100241
A32: G/I/25-26/01104 | B32: 06Y586605526AC5 | C32: 5A120M58U50 | D32: =VLOOKUP($C32,Sheet2!$A$2:$B$10,2,0) -> 114010-50830 | E32: CYLINDER ASSY,BK MASTER W/ECU | F32: 45967 | G32: 0.60416667 | H32: CA-01 | I32: AC5 | J32: 3 | K32: =VLOOKUP($C32,Sheet2!$A$2:$D$10,4,0) -> 1 | L32: =VLOOKUP($C32,Sheet2!$A$2:$E$10,5,0) -> Bin | M32: =J32/K32 -> 3 | O32: GJ02ZZ7144 | P32: 12504Q100241
A33: G/I/25-26/01105 | B33: 06Y586605291AC5 | C33: 55311M58U00 | D33: =VLOOKUP($C33,Sheet2!$A$2:$B$10,2,0) -> 141185-74670 | E33: DISC,FRONT BRAKE | F33: 45967 | G33: 0.64583333 | H33: CA-07 | I33: AC5 | J33: 80 | K33: =VLOOKUP($C33,Sheet2!$A$2:$D$10,4,0) -> 40 | L33: =VLOOKUP($C33,Sheet2!$A$2:$E$10,5,0) -> Trolley | N33: =J33/K33 -> 2 | O33: GJ02ZZ7144 | P33: 910101143
A34: G/I/25-26/01105 | B34: 06Y586605313AC5 | C34: 55401M58U00 | D34: =VLOOKUP($C34,Sheet2!$A$2:$B$10,2,0) -> 141140-91211 | E34: CALIPER ASSY,REAR BRAKE,R | F34: 45967 | G34: 0.64583333 | H34: CA-21 | I34: AC5 | J34: 14 | K34: =VLOOKUP($C34,Sheet2!$A$2:$D$10,4,0) -> 2 | L34: =VLOOKUP($C34,Sheet2!$A$2:$E$10,5,0) -> Bin | M34: =J34/K34 -> 7 | O34: GJ02ZZ7144 | P34: 12508Q100183
A35: G/I/25-26/01105 | B35: 06Y586605356AC5 | C35: 55402M58U00 | D35: =VLOOKUP($C35,Sheet2!$A$2:$B$10,2,0) -> 141150-91211 | E35: CALIPER ASSY,REAR BRAKE,L | F35: 45967 | G35: 0.64583333 | H35: CA-21 | I35: AC5 | J35: 14 | K35: =VLOOKUP($C35,Sheet2!$A$2:$D$10,4,0) -> 2 | L35: =VLOOKUP($C35,Sheet2!$A$2:$E$10,5,0) -> Bin | M35: =J35/K35 -> 7 | O35: GJ02ZZ7144 | P35: 12508Q100183
A36: G/I/25-26/01105 | B36: 06Y586605399AC5 | C36: 55611M58U00 | D36: =VLOOKUP($C36,Sheet2!$A$2:$B$10,2,0) -> 141186-74360 | E36: DISC,REAR BRAKE | F36: 45967 | G36: 0.64583333 | H36: CA-21 | I36: AC5 | J36: 80 | K36: =VLOOKUP($C36,Sheet2!$A$2:$D$10,4,0) -> 40 | L36: =VLOOKUP($C36,Sheet2!$A$2:$E$10,5,0) -> Trolley | N36: =J36/K36 -> 2 | O36: GJ02ZZ7144 | P36: 910102103
A37: G/I/25-26/01106 | B37: 06Y586605410AC5 | C37: 56110M58UA1 | D37: =VLOOKUP($C37,Sheet2!$A$2:$B$10,2,0) -> 116040-92240 | E37: ACTUATOR ASSY,NO VARIANT ESP | F37: 45967 | G37: 0.64583333 | H37: CA-01 | I37: AC5 | J37: 12 | K37: =VLOOKUP($C37,Sheet2!$A$2:$D$10,4,0) -> 6 | L37: =VLOOKUP($C37,Sheet2!$A$2:$E$10,5,0) -> Bin | M37: =J37/K37 -> 2 | O37: GJ02ZZ7144 | P37: NA
A38: G/I/25-26/01106 | B38: 06Y586605453AC5 | C38: 5A120M58U01 | D38: =VLOOKUP($C38,Sheet2!$A$2:$B$10,2,0) -> 114010-50820 | E38: CYLINDER ASSY,BK MASTER W/ECU | F38: 45967 | G38: 0.64583333 | H38: CA-01 | I38: AC5 | J38: 10 | K38: =VLOOKUP($C38,Sheet2!$A$2:$D$10,4,0) -> 1 | L38: =VLOOKUP($C38,Sheet2!$A$2:$E$10,5,0) -> Bin | M38: =J38/K38 -> 10 | O38: GJ02ZZ7144 | P38: 12504Q100173
A39: G/I/25-26/01106 | B39: 06Y586605496AC5 | C39: 5A120M58U50 | D39: =VLOOKUP($C39,Sheet2!$A$2:$B$10,2,0) -> 114010-50830 | E39: CYLINDER ASSY,BK MASTER W/ECU | F39: 45967 | G39: 0.64583333 | H39: CA-01 | I39: AC5 | J39: 4 | K39: =VLOOKUP($C39,Sheet2!$A$2:$D$10,4,0) -> 1 | L39: =VLOOKUP($C39,Sheet2!$A$2:$E$10,5,0) -> Bin | M39: =J39/K39 -> 4 | O39: GJ02ZZ7144 | P39: 12504Q100241
M40: 72 | N40: 5

Sheet 07-11-2025
A1: Dailly SMG Pick List | J1: 24AACCN5739J1ZA
A2: Supply Month | B2: 45968
A3: INVOICE NO | B3: KANBAN NO | C3: PART NUMBER | D3: Material Code | E3: PART NAME | F3: SUPPLY DATE | G3: SUPPLY TIME | H3: UNLOADING LOC | I3: Line | J3: Qty Req | K3: Packing Standerd | L3: Packed in | M3: TTL Bin | N3: TORLLY | O3: Vehicle No | P3: INV NO
A4: G/I/25-26/01107 | B4: 07Y587306506AC5 | C4: 55101M58U10 | D4: =VLOOKUP($C4,Sheet2!$A$2:$B$10,2,0) -> 141110-14600 | E4: CALIPER ASSY,FRONT BRAKE,R | F4: 45968 | G4: 0.35416667 | H4: CA-07 | I4: AC5 | J4: 18 | K4: =VLOOKUP($C4,Sheet2!$A$2:$D$10,4,0) -> 18 | L4: =VLOOKUP($C4,Sheet2!$A$2:$E$10,5,0) -> Trolley (H) | N4: 1 | O4: GJ23Y8525 | P4: AN0250008334
A5: G/I/25-26/01107 | B5: 07Y587306530AC5 | C5: 55102M58U10 | D5: =VLOOKUP($C5,Sheet2!$A$2:$B$10,2,0) -> 141120-14600 | E5: CALIPER ASSY,FRONT BRAKE,L | F5: 45968 | G5: 0.35416667 | H5: CA-07 | I5: AC5 | J5: 18 | K5: =VLOOKUP($C5,Sheet2!$A$2:$D$10,4,0) -> 18 | L5: =VLOOKUP($C5,Sheet2!$A$2:$E$10,5,0) -> Trolley (H) | O5: GJ23Y8525 | P5: AN0250008334
A6: G/I/25-26/01107 | B6: 07Y587372347AC5 | C6: 55101M58U10 | D6: =VLOOKUP($C6,Sheet2!$A$2:$B$10,2,0) -> 141110-14600 | E6: CALIPER ASSY,FRONT BRAKE,R | F6: 45968 | G6: 0.35416667 | H6: CA-07 | I6: AC5 | J6: 18 | K6: =VLOOKUP($C6,Sheet2!$A$2:$D$10,4,0) -> 18 | L6: =VLOOKUP($C6,Sheet2!$A$2:$E$10,5,0) -> Trolley (H) | N6: 1 | O6: GJ23Y8525 | P6: AN0250008334
A7: G/I/25-26/01107 | B7: 07Y587369249AC5 | C7: 55102M58U10 | D7: =VLOOKUP($C7,Sheet2!$A$2:$B$10,2,0) -> 141120-14600 | E7: CALIPER ASSY,FRONT BRAKE,L | F7: 45968 | G7: 0.35416667 | H7: CA-07 | I7: AC5 | J7: 18 | K7: =VLOOKUP($C7,Sheet2!$A$2:$D$10,4,0) -> 18 | L7: =VLOOKUP($C7,Sheet2!$A$2:$E$10,5,0) -> Trolley (H) | O7: GJ23Y8525 | P7: AN0250008334
A8: G/I/25-26/01107 | B8: 07Y587306565AC5 | C8: 55311M58U00 | D8: =VLOOKUP($C8,Sheet2!$A$2:$B$10,2,0) -> 141185-74670 | E8: DISC,FRONT BRAKE | F8: 45968 | G8: 0.35416667 | H8: CA-07 | I8: AC5 | J8: 40 | K8: =VLOOKUP($C8,Sheet2!$A$2:$D$10,4,0) -> 40 | L8: =VLOOKUP($C8,Sheet2!$A$2:$E$10,5,0) -> Trolley | N8: =J8/K8 -> 1 | O8: GJ23Y8525 | P8: 910101143
A9: G/I/25-26/01107 | B9: 07Y587364263AC5 | C9: 55311M58U00 | D9: =VLOOKUP($C9,Sheet2!$A$2:$B$10,2,0) -> 141185-74670 | E9: DISC,FRONT BRAKE | F9: 45968 | G9: 0.35416667 | H9: CA-07 | I9: AC5 | J9: 40 | K9: =VLOOKUP($C9,Sheet2!$A$2:$D$10,4,0) -> 40 | L9: =VLOOKUP($C9,Sheet2!$A$2:$E$10,5,0) -> Trolley | N9: =J9/K9 -> 1 | O9: GJ23Y8525 | P9: 910101143
A10: G/I/25-26/01107 | B10: 07Y587306590AC5 | C10: 55401M58U00 | D10: =VLOOKUP($C10,Sheet2!$A$2:$B$10,2,0) -> 141140-91211 | E10: CALIPER ASSY,REAR BRAKE,R | F10: 45968 | G10: 0.35416667 | H10: CA-21 | I10: AC5 | J10: 20 | K10: =VLOOKUP($C10,Sheet2!$A$2:$D$10,4,0) -> 2 | L10: =VLOOKUP($C10,Sheet2!$A$2:$E$10,5,0) -> Bin | M10: =J10/K10 -> 10 | O10: GJ23Y8525 | P10: 12508Q100183
A11: G/I/25-26/01107 | B11: 07Y587376334AC5 | C11: 55401M58U00 | D11: =VLOOKUP($C11,Sheet2!$A$2:$B$10,2,0) -> 141140-91211 | E11: CALIPER ASSY,REAR BRAKE,R | F11: 45968 | G11: 0.35416667 | H11: CA-21 | I11: AC5 | J11: 26 | K11: =VLOOKUP($C11,Sheet2!$A$2:$D$10,4,0) -> 2 | L11: =VLOOKUP($C11,Sheet2!$A$2:$E$10,5,0) -> Bin | M11: =J11/K11 -> 13 | O11: GJ23Y8525 | P11: 12508Q100183
A12: G/I/25-26/01107 | B12: 07Y587306620AC5 | C12: 55402M58U00 | D12: =VLOOKUP($C12,Sheet2!$A$2:$B$10,2,0) -> 141150-91211 | E12: CALIPER ASSY,REAR BRAKE,L | F12: 45968 | G12: 0.35416667 | H12: CA-21 | I12: AC5 | J12: 20 | K12: =VLOOKUP($C12,Sheet2!$A$2:$D$10,4,0) -> 2 | L12: =VLOOKUP($C12,Sheet2!$A$2:$E$10,5,0) -> Bin | M12: =J12/K12 -> 10 | O12: GJ23Y8525 | P12: 12508Q100183
A13: G/I/25-26/01107 | B13: 07Y587367947AC5 | C13: 55402M58U00 | D13: =VLOOKUP($C13,Sheet2!$A$2:$B$10,2,0) -> 141150-91211 | E13: CALIPER ASSY,REAR BRAKE,L | F13: 45968 | G13: 0.35416667 | H13: CA-21 | I13: AC5 | J13: 26 | K13: =VLOOKUP($C13,Sheet2!$A$2:$D$10,4,0) -> 2 | L13: =VLOOKUP($C13,Sheet2!$A$2:$E$10,5,0) -> Bin | M13: =J13/K13 -> 13 | O13: GJ23Y8525 | P13: 12508Q100183
A14: G/I/25-26/01107 | B14: 07Y587306654AC5 | C14: 55611M58U00 | D14: =VLOOKUP($C14,Sheet2!$A$2:$B$10,2,0) -> 141186-74360 | E14: DISC,REAR BRAKE | F14: 45968 | G14: 0.35416667 | H14: CA-21 | I14: AC5 | J14: 40 | K14: =VLOOKUP($C14,Sheet2!$A$2:$D$10,4,0) -> 40 | L14: =VLOOKUP($C14,Sheet2!$A$2:$E$10,5,0) -> Trolley | N14: =J14/K14 -> 1 | O14: GJ23Y8525 | P14: 910102103
A15: G/I/25-26/01107 | B15: 07Y587359456AC5 | C15: 55611M58U00 | D15: =VLOOKUP($C15,Sheet2!$A$2:$B$10,2,0) -> 141186-74360 | E15: DISC,REAR BRAKE | F15: 45968 | G15: 0.35416667 | H15: CA-21 | I15: AC5 | J15: 40 | K15: =VLOOKUP($C15,Sheet2!$A$2:$D$10,4,0) -> 40 | L15: =VLOOKUP($C15,Sheet2!$A$2:$E$10,5,0) -> Trolley | N15: =J15/K15 -> 1 | O15: GJ23Y8525 | P15: 910102103
A16: G/I/25-26/01108 | B16: 07Y587306689AC5 | C16: 56110M58UA1 | D16: =VLOOKUP($C16,Sheet2!$A$2:$B$10,2,0) -> 116040-92240 | E16: ACTUATOR ASSY,NO VARIANT ESP | F16: 45968 | G16: 0.35416667 | H16: CA-01 | I16: AC5 | J16: 24 | K16: =VLOOKUP($C16,Sheet2!$A$2:$D$10,4,0) -> 6 | L16: =VLOOKUP($C16,Sheet2!$A$2:$E$10,5,0) -> Bin | M16: =J16/K16 -> 4 | O16: GJ23Y8525 | P16: NA
A17: G/I/25-26/01108 | B17: 07Y587358425AC5 | C17: 56110M58UA1 | D17: =VLOOKUP($C17,Sheet2!$A$2:$B$10,2,0) -> 116040-92240 | E17: ACTUATOR ASSY,NO VARIANT ESP | F17: 45968 | G17: 0.35416667 | H17: CA-01 | I17: AC5 | J17: 24 | K17: =VLOOKUP($C17,Sheet2!$A$2:$D$10,4,0) -> 6 | L17: =VLOOKUP($C17,Sheet2!$A$2:$E$10,5,0) -> Bin | M17: =J17/K17 -> 4 | O17: GJ23Y8525 | P17: NA
A18: G/I/25-26/01108 | B18: 07Y587306719AC5 | C18: 5A120M58U01 | D18: =VLOOKUP($C18,Sheet2!$A$2:$B$10,2,0) -> 114010-50820 | E18: CYLINDER ASSY,BK MASTER W/ECU | F18: 45968 | G18: 0.35416667 | H18: CA-01 | I18: AC5 | J18: 8 | K18: =VLOOKUP($C18,Sheet2!$A$2:$D$10,4,0) -> 1 | L18: =VLOOKUP($C18,Sheet2!$A$2:$E$10,5,0) -> Bin | M18: =J18/K18 -> 8 | O18: GJ23Y8525 | P18: 12504Q100173
A19: G/I/25-26/01108 | B19: 07Y587373769AC5 | C19: 5A120M58U01 | D19: =VLOOKUP($C19,Sheet2!$A$2:$B$10,2,0) -> 114010-50820 | E19: CYLINDER ASSY,BK MASTER W/ECU | F19: 45968 | G19: 0.35416667 | H19: CA-01 | I19: AC5 | J19: 10 | K19: =VLOOKUP($C19,Sheet2!$A$2:$D$10,4,0) -> 1 | L19: =VLOOKUP($C19,Sheet2!$A$2:$E$10,5,0) -> Bin | M19: =J19/K19 -> 10 | O19: GJ23Y8525 | P19: 12504Q100173
A20: G/I/25-26/01108 | B20: 07Y587306735AC5 | C20: 5A120M58U50 | D20: =VLOOKUP($C20,Sheet2!$A$2:$B$10,2,0) -> 114010-50830 | E20: CYLINDER ASSY,BK MASTER W/ECU | F20: 45968 | G20: 0.35416667 | H20: CA-01 | I20: AC5 | J20: 11 | K20: =VLOOKUP($C20,Sheet2!$A$2:$D$10,4,0) -> 1 | L20: =VLOOKUP($C20,Sheet2!$A$2:$E$10,5,0) -> Bin | M20: =J20/K20 -> 11 | O20: GJ23Y8525 | P20: 12504Q100241
A21: G/I/25-26/01108 | B21: 07Y587367777AC5 | C21: 5A120M58U50 | D21: =VLOOKUP($C21,Sheet2!$A$2:$B$10,2,0) -> 114010-50830 | E21: CYLINDER ASSY,BK MASTER W/ECU | F21: 45968 | G21: 0.35416667 | H21: CA-01 | I21: AC5 | J21: 17 | K21: =VLOOKUP($C21,Sheet2!$A$2:$D$10,4,0) -> 1 | L21: =VLOOKUP($C21,Sheet2!$A$2:$E$10,5,0) -> Bin | M21: =J21/K21 -> 17 | O21: GJ23Y8525 | P21: 12504Q100241
M22: 100 | N22: 6
A23: G/I/25-26/01109 | B23: 07Y587306514AC5 | C23: 55101M58U10 | D23: =VLOOKUP($C23,Sheet2!$A$2:$B$10,2,0) -> 141110-14600 | E23: CALIPER ASSY,FRONT BRAKE,R | F23: 45968 | G23: 0.60416667 | H23: CA-07 | I23: AC5 | J23: 18 | K23: =VLOOKUP($C23,Sheet2!$A$2:$D$10,4,0) -> 18 | L23: =VLOOKUP($C23,Sheet2!$A$2:$E$10,5,0) -> Trolley (H) | N23: 1 | O23: GJ27TD4419 | P23: AN0250008334
A24: G/I/25-26/01109 | B24: 07Y587306549AC5 | C24: 55102M58U10 | D24: =VLOOKUP($C24,Sheet2!$A$2:$B$10,2,0) -> 141120-14600 | E24: CALIPER ASSY,FRONT BRAKE,L | F24: 45968 | G24: 0.60416667 | H24: CA-07 | I24: AC5 | J24: 18 | K24: =VLOOKUP($C24,Sheet2!$A$2:$D$10,4,0) -> 18 | L24: =VLOOKUP($C24,Sheet2!$A$2:$E$10,5,0) -> Trolley (H) | O24: GJ27TD4419 | P24: AN0250008334
A25: G/I/25-26/01109 | B25: 07Y587306573AC5 | C25: 55311M58U00 | D25: =VLOOKUP($C25,Sheet2!$A$2:$B$10,2,0) -> 141185-74670 | E25: DISC,FRONT BRAKE | F25: 45968 | G25: 0.60416667 | H25: CA-07 | I25: AC5 | J25: 40 | K25: =VLOOKUP($C25,Sheet2!$A$2:$D$10,4,0) -> 40 | L25: =VLOOKUP($C25,Sheet2!$A$2:$E$10,5,0) -> Trolley | N25: =J25/K25 -> 1 | O25: GJ27TD4419 | P25: 910101143
A26: G/I/25-26/01109 | B26: 07Y587306603AC5 | C26: 55401M58U00 | D26: =VLOOKUP($C26,Sheet2!$A$2:$B$10,2,0) -> 141140-91211 | E26: CALIPER ASSY,REAR BRAKE,R | F26: 45968 | G26: 0.60416667 | H26: CA-21 | I26: AC5 | J26: 20 | K26: =VLOOKUP($C26,Sheet2!$A$2:$D$10,4,0) -> 2 | L26: =VLOOKUP($C26,Sheet2!$A$2:$E$10,5,0) -> Bin | M26: =J26/K26 -> 10 | O26: GJ27TD4419 | P26: 12508Q100183
A27: G/I/25-26/01109 | B27: 07Y587306638AC5 | C27: 55402M58U00 | D27: =VLOOKUP($C27,Sheet2!$A$2:$B$10,2,0) -> 141150-91211 | E27: CALIPER ASSY,REAR BRAKE,L | F27: 45968 | G27: 0.60416667 | H27: CA-21 | I27: AC5 | J27: 20 | K27: =VLOOKUP($C27,Sheet2!$A$2:$D$10,4,0) -> 2 | L27: =VLOOKUP($C27,Sheet2!$A$2:$E$10,5,0) -> Bin | M27: =J27/K27 -> 10 | O27: GJ27TD4419 | P27: 12508Q100183
A28: G/I/25-26/01109 | B28: 07Y587306662AC5 | C28: 55611M58U00 | D28: =VLOOKUP($C28,Sheet2!$A$2:$B$10,2,0) -> 141186-74360 | E28: DISC,REAR BRAKE | F28: 45968 | G28: 0.60416667 | H28: CA-21 | I28: AC5 | J28: 40 | K28: =VLOOKUP($C28,Sheet2!$A$2:$D$10,4,0) -> 40 | L28: =VLOOKUP($C28,Sheet2!$A$2:$E$10,5,0) -> Trolley | N28: =J28/K28 -> 1 | O28: GJ27TD4419 | P28: 910102103
A29: G/I/25-26/01110 | B29: 07Y587306697AC5 | C29: 56110M58UA1 | D29: =VLOOKUP($C29,Sheet2!$A$2:$B$10,2,0) -> 116040-92240 | E29: ACTUATOR ASSY,NO VARIANT ESP | F29: 45968 | G29: 0.60416667 | H29: CA-01 | I29: AC5 | J29: 18 | K29: =VLOOKUP($C29,Sheet2!$A$2:$D$10,4,0) -> 6 | L29: =VLOOKUP($C29,Sheet2!$A$2:$E$10,5,0) -> Bin | M29: =J29/K29 -> 3 | O29: GJ27TD4419 | P29: 12505Q100051
A30: G/I/25-26/01110 | B30: 07Y587306743AC5 | C30: 5A120M58U50 | D30: =VLOOKUP($C30,Sheet2!$A$2:$B$10,2,0) -> 114010-50830 | E30: CYLINDER ASSY,BK MASTER W/ECU | F30: 45968 | G30: 0.60416667 | H30: CA-01 | I30: AC5 | J30: 12 | K30: =VLOOKUP($C30,Sheet2!$A$2:$D$10,4,0) -> 1 | L30: =VLOOKUP($C30,Sheet2!$A$2:$E$10,5,0) -> Bin | M30: =J30/K30 -> 12 | O30: GJ27TD4419 | P30: 12504Q100241
A31: G/I/25-26/01110 | B31: 07Y587306751AC5 | C31: 5A120M58U50 | D31: =VLOOKUP($C31,Sheet2!$A$2:$B$10,2,0) -> 114010-50830 | E31: CYLINDER ASSY,BK MASTER W/ECU | F31: 45968 | G31: 0.60416667 | H31: CA-01 | I31: AC5 | J31: 4 | K31: =VLOOKUP($C31,Sheet2!$A$2:$D$10,4,0) -> 1 | L31: =VLOOKUP($C31,Sheet2!$A$2:$E$10,5,0) -> Bin | M31: =J31/K31 -> 4 | O31: GJ27TD4419 | P31: 12504Q100241
M32: 39 | N32: 3
A33: G/I/25-26/01111 | B33: 07Y587306492AC5 | C33: 55101M58U10 | D33: =VLOOKUP($C33,Sheet2!$A$2:$B$10,2,0) -> 141110-14600 | E33: CALIPER ASSY,FRONT BRAKE,R | F33: 45968 | G33: 0.64583333 | H33: CA-07 | I33: AC5 | J33: 18 | K33: =VLOOKUP($C33,Sheet2!$A$2:$D$10,4,0) -> 18 | L33: =VLOOKUP($C33,Sheet2!$A$2:$E$10,5,0) -> Trolley (H) | N33: 1 | O33: GJ02ZZ7144 | P33: AN0250008334
A34: G/I/25-26/01111 | B34: 07Y587306522AC5 | C34: 55102M58U10 | D34: =VLOOKUP($C34,Sheet2!$A$2:$B$10,2,0) -> 141120-14600 | E34: CALIPER ASSY,FRONT BRAKE,L | F34: 45968 | G34: 0.64583333 | H34: CA-07 | I34: AC5 | J34: 18 | K34: =VLOOKUP($C34,Sheet2!$A$2:$D$10,4,0) -> 18 | L34: =VLOOKUP($C34,Sheet2!$A$2:$E$10,5,0) -> Trolley (H) | O34: GJ02ZZ7144 | P34: AN0250008334
A35: G/I/25-26/01111 | B35: 07Y587306557AC5 | C35: 55311M58U00 | D35: =VLOOKUP($C35,Sheet2!$A$2:$B$10,2,0) -> 141185-74670 | E35: DISC,FRONT BRAKE | F35: 45968 | G35: 0.64583333 | H35: CA-07 | I35: AC5 | J35: 40 | K35: =VLOOKUP($C35,Sheet2!$A$2:$D$10,4,0) -> 40 | L35: =VLOOKUP($C35,Sheet2!$A$2:$E$10,5,0) -> Trolley | N35: =J35/K35 -> 1 | O35: GJ02ZZ7144 | P35: 910101143
A36: G/I/25-26/01111 | B36: 07Y587306581AC5 | C36: 55401M58U00 | D36: =VLOOKUP($C36,Sheet2!$A$2:$B$10,2,0) -> 141140-91211 | E36: CALIPER ASSY,REAR BRAKE,R | F36: 45968 | G36: 0.64583333 | H36: CA-21 | I36: AC5 | J36: 8 | K36: =VLOOKUP($C36,Sheet2!$A$2:$D$10,4,0) -> 2 | L36: =VLOOKUP($C36,Sheet2!$A$2:$E$10,5,0) -> Bin | M36: =J36/K36 -> 4 | O36: GJ02ZZ7144 | P36: 12508Q100183
A37: G/I/25-26/01111 | B37: 07Y587306611AC5 | C37: 55402M58U00 | D37: =VLOOKUP($C37,Sheet2!$A$2:$B$10,2,0) -> 141150-91211 | E37: CALIPER ASSY,REAR BRAKE,L | F37: 45968 | G37: 0.64583333 | H37: CA-21 | I37: AC5 | J37: 8 | K37: =VLOOKUP($C37,Sheet2!$A$2:$D$10,4,0) -> 2 | L37: =VLOOKUP($C37,Sheet2!$A$2:$E$10,5,0) -> Bin | M37: =J37/K37 -> 4 | O37: GJ02ZZ7144 | P37: 12508Q100183
A38: G/I/25-26/01111 | B38: 07Y587306646AC5 | C38: 55611M58U00 | D38: =VLOOKUP($C38,Sheet2!$A$2:$B$10,2,0) -> 141186-74360 | E38: DISC,REAR BRAKE | F38: 45968 | G38: 0.64583333 | H38: CA-21 | I38: AC5 | J38: 40 | K38: =VLOOKUP($C38,Sheet2!$A$2:$D$10,4,0) -> 40 | L38: =VLOOKUP($C38,Sheet2!$A$2:$E$10,5,0) -> Trolley | N38: =J38/K38 -> 1 | O38: GJ02ZZ7144 | P38: 910102103
A39: G/I/25-26/01112 | B39: 07Y587306670AC5 | C39: 56110M58UA1 | D39: =VLOOKUP($C39,Sheet2!$A$2:$B$10,2,0) -> 116040-92240 | E39: ACTUATOR ASSY,NO VARIANT ESP | F39: 45968 | G39: 0.64583333 | H39: CA-01 | I39: AC5 | J39: 6 | K39: =VLOOKUP($C39,Sheet2!$A$2:$D$10,4,0) -> 6 | L39: =VLOOKUP($C39,Sheet2!$A$2:$E$10,5,0) -> Bin | M39: =J39/K39 -> 1 | O39: GJ02ZZ7144 | P39: 12505Q100051
A40: G/I/25-26/01112 | B40: 07Y587306700AC5 | C40: 5A120M58U01 | D40: =VLOOKUP($C40,Sheet2!$A$2:$B$10,2,0) -> 114010-50820 | E40: CYLINDER ASSY,BK MASTER W/ECU | F40: 45968 | G40: 0.64583333 | H40: CA-01 | I40: AC5 | J40: 6 | K40: =VLOOKUP($C40,Sheet2!$A$2:$D$10,4,0) -> 1 | L40: =VLOOKUP($C40,Sheet2!$A$2:$E$10,5,0) -> Bin | M40: =J40/K40 -> 6 | O40: GJ02ZZ7144 | P40: 12504Q100173
A41: G/I/25-26/01112 | B41: 07Y587306727AC5 | C41: 5A120M58U50 | D41: =VLOOKUP($C41,Sheet2!$A$2:$B$10,2,0) -> 114010-50830 | E41: CYLINDER ASSY,BK MASTER W/ECU | F41: 45968 | G41: 0.64583333 | H41: CA-01 | I41: AC5 | J41: 9 | K41: =VLOOKUP($C41,Sheet2!$A$2:$D$10,4,0) -> 1 | L41: =VLOOKUP($C41,Sheet2!$A$2:$E$10,5,0) -> Bin | M41: =J41/K41 -> 9 | O41: GJ02ZZ7144 | P41: 12504Q100241
M42: 24 | N42: 3

Sheet 08-11-2025
A1: Dailly SMG Pick List | J1: 24AACCN5739J1ZA
A2: Supply Month | B2: 45969
A3: INVOICE NO | B3: KANBAN NO | C3: PART NUMBER | D3: Material Code | E3: PART NAME | F3: SUPPLY DATE | G3: SUPPLY TIME | H3: UNLOADING LOC | I3: Line | J3: Qty Req | K3: Packing Standerd | L3: Packed in | M3: TTL Bin | N3: TORLLY | O3: Vehicle No | P3: INV NO
A4: G/I/25-26/01113 | B4: 08Y587933616AC5 | C4: 55101M58U10 | D4: =VLOOKUP($C4,Sheet2!$A$2:$B$10,2,0) -> 141110-14600 | E4: CALIPER ASSY,FRONT BRAKE,R | F4: 45969 | G4: 0.35416667 | H4: CA-07 | I4: AC5 | J4: 18 | K4: =VLOOKUP($C4,Sheet2!$A$2:$D$10,4,0) -> 18 | L4: =VLOOKUP($C4,Sheet2!$A$2:$E$10,5,0) -> Trolley (H) | N4: 1 | O4: GJ23Y8525 | P4: AN0250008334 | S4: Gate Entry Done
A5: G/I/25-26/01113 | B5: 08Y587933659AC5 | C5: 55102M58U10 | D5: =VLOOKUP($C5,Sheet2!$A$2:$B$10,2,0) -> 141120-14600 | E5: CALIPER ASSY,FRONT BRAKE,L | F5: 45969 | G5: 0.35416667 | H5: CA-07 | I5: AC5 | J5: 18 | K5: =VLOOKUP($C5,Sheet2!$A$2:$D$10,4,0) -> 18 | L5: =VLOOKUP($C5,Sheet2!$A$2:$E$10,5,0) -> Trolley (H) | O5: GJ23Y8525 | P5: AN0250008334 | S5: SRV done
A6: G/I/25-26/01113 | B6: 08Y587989697AC5 | C6: 55101M58U10 | D6: =VLOOKUP($C6,Sheet2!$A$2:$B$10,2,0) -> 141110-14600 | E6: CALIPER ASSY,FRONT BRAKE,R | F6: 45969 | G6: 0.35416667 | H6: CA-07 | I6: AC5 | J6: 18 | K6: =VLOOKUP($C6,Sheet2!$A$2:$D$10,4,0) -> 18 | L6: =VLOOKUP($C6,Sheet2!$A$2:$E$10,5,0) -> Trolley (H) | N6: 1 | O6: GJ23Y8525 | P6: AN0250008334 | S6: Gate Entry & SRV pending
A7: G/I/25-26/01113 | B7: 08Y587991918AC5 | C7: 55102M58U10 | D7: =VLOOKUP($C7,Sheet2!$A$2:$B$10,2,0) -> 141120-14600 | E7: CALIPER ASSY,FRONT BRAKE,L | F7: 45969 | G7: 0.35416667 | H7: CA-07 | I7: AC5 | J7: 18 | K7: =VLOOKUP($C7,Sheet2!$A$2:$D$10,4,0) -> 18 | L7: =VLOOKUP($C7,Sheet2!$A$2:$E$10,5,0) -> Trolley (H) | O7: GJ23Y8525 | P7: AN0250008334
A8: G/I/25-26/01113 | B8: 08Y587933691AC5 | C8: 55311M58U00 | D8: =VLOOKUP($C8,Sheet2!$A$2:$B$10,2,0) -> 141185-74670 | E8: DISC,FRONT BRAKE | F8: 45969 | G8: 0.35416667 | H8: CA-07 | I8: AC5 | J8: 40 | K8: =VLOOKUP($C8,Sheet2!$A$2:$D$10,4,0) -> 40 | L8: =VLOOKUP($C8,Sheet2!$A$2:$E$10,5,0) -> Trolley | N8: =J8/K8 -> 1 | O8: GJ23Y8525 | P8: 910101143
A9: G/I/25-26/01113 | B9: 08Y587994038AC5 | C9: 55311M58U00 | D9: =VLOOKUP($C9,Sheet2!$A$2:$B$10,2,0) -> 141185-74670 | E9: DISC,FRONT BRAKE | F9: 45969 | G9: 0.35416667 | H9: CA-07 | I9: AC5 | J9: 40 | K9: =VLOOKUP($C9,Sheet2!$A$2:$D$10,4,0) -> 40 | L9: =VLOOKUP($C9,Sheet2!$A$2:$E$10,5,0) -> Trolley | N9: =J9/K9 -> 1 | O9: GJ23Y8525 | P9: 910101143
A10: G/I/25-26/01113 | B10: 08Y587933721AC5 | C10: 55401M58U00 | D10: =VLOOKUP($C10,Sheet2!$A$2:$B$10,2,0) -> 141140-91211 | E10: CALIPER ASSY,REAR BRAKE,R | F10: 45969 | G10: 0.35416667 | H10: CA-21 | I10: AC5 | J10: 20 | K10: =VLOOKUP($C10,Sheet2!$A$2:$D$10,4,0) -> 2 | L10: =VLOOKUP($C10,Sheet2!$A$2:$E$10,5,0) -> Bin | M10: =J10/K10 -> 10 | O10: GJ23Y8525 | P10: 12508Q100183
A11: G/I/25-26/01113 | B11: 08Y587997312AC5 | C11: 55401M58U00 | D11: =VLOOKUP($C11,Sheet2!$A$2:$B$10,2,0) -> 141140-91211 | E11: CALIPER ASSY,REAR BRAKE,R | F11: 45969 | G11: 0.35416667 | H11: CA-21 | I11: AC5 | J11: 20 | K11: =VLOOKUP($C11,Sheet2!$A$2:$D$10,4,0) -> 2 | L11: =VLOOKUP($C11,Sheet2!$A$2:$E$10,5,0) -> Bin | M11: =J11/K11 -> 10 | O11: GJ23Y8525 | P11: 12508Q100183
A12: G/I/25-26/01113 | B12: 08Y587933764AC5 | C12: 55402M58U00 | D12: =VLOOKUP($C12,Sheet2!$A$2:$B$10,2,0) -> 141150-91211 | E12: CALIPER ASSY,REAR BRAKE,L | F12: 45969 | G12: 0.35416667 | H12: CA-21 | I12: AC5 | J12: 20 | K12: =VLOOKUP($C12,Sheet2!$A$2:$D$10,4,0) -> 2 | L12: =VLOOKUP($C12,Sheet2!$A$2:$E$10,5,0) -> Bin | M12: =J12/K12 -> 10 | O12: GJ23Y8525 | P12: 12508Q100183
A13: G/I/25-26/01113 | B13: 08Y587990458AC5 | C13: 55402M58U00 | D13: =VLOOKUP($C13,Sheet2!$A$2:$B$10,2,0) -> 141150-91211 | E13: CALIPER ASSY,REAR BRAKE,L | F13: 45969 | G13: 0.35416667 | H13: CA-21 | I13: AC5 | J13: 20 | K13: =VLOOKUP($C13,Sheet2!$A$2:$D$10,4,0) -> 2 | L13: =VLOOKUP($C13,Sheet2!$A$2:$E$10,5,0) -> Bin | M13: =J13/K13 -> 10 | O13: GJ23Y8525 | P13: 12508Q100183
A14: G/I/25-26/01113 | B14: 08Y587933802AC5 | C14: 55611M58U00 | D14: =VLOOKUP($C14,Sheet2!$A$2:$B$10,2,0) -> 141186-74360 | E14: DISC,REAR BRAKE | F14: 45969 | G14: 0.35416667 | H14: CA-21 | I14: AC5 | J14: 40 | K14: =VLOOKUP($C14,Sheet2!$A$2:$D$10,4,0) -> 40 | L14: =VLOOKUP($C14,Sheet2!$A$2:$E$10,5,0) -> Trolley | N14: =J14/K14 -> 1 | O14: GJ23Y8525 | P14: 910102103
A15: G/I/25-26/01113 | B15: 08Y587991241AC5 | C15: 55611M58U00 | D15: =VLOOKUP($C15,Sheet2!$A$2:$B$10,2,0) -> 141186-74360 | E15: DISC,REAR BRAKE | F15: 45969 | G15: 0.35416667 | H15: CA-21 | I15: AC5 | J15: 40 | K15: =VLOOKUP($C15,Sheet2!$A$2:$D$10,4,0) -> 40 | L15: =VLOOKUP($C15,Sheet2!$A$2:$E$10,5,0) -> Trolley | N15: =J15/K15 -> 1 | O15: GJ23Y8525 | P15: 910102394
A16: G/I/25-26/01114 | B16: 08Y587933845AC5 | C16: 56110M58UA1 | D16: =VLOOKUP($C16,Sheet2!$A$2:$B$10,2,0) -> 116040-92240 | E16: ACTUATOR ASSY,NO VARIANT ESP | F16: 45969 | G16: 0.35416667 | H16: CA-01 | I16: AC5 | J16: 18 | K16: =VLOOKUP($C16,Sheet2!$A$2:$D$10,4,0) -> 6 | L16: =VLOOKUP($C16,Sheet2!$A$2:$E$10,5,0) -> Bin | M16: =J16/K16 -> 3 | O16: GJ23Y8525 | P16: 12505Q100051-12 Qty. / 12504Q100250-6 Qty.
A17: G/I/25-26/01114 | B17: 08Y587995921AC5 | C17: 56110M58UA1 | D17: =VLOOKUP($C17,Sheet2!$A$2:$B$10,2,0) -> 116040-92240 | E17: ACTUATOR ASSY,NO VARIANT ESP | F17: 45969 | G17: 0.35416667 | H17: CA-01 | I17: AC5 | J17: 18 | K17: =VLOOKUP($C17,Sheet2!$A$2:$D$10,4,0) -> 6 | L17: =VLOOKUP($C17,Sheet2!$A$2:$E$10,5,0) -> Bin | M17: =J17/K17 -> 3 | O17: GJ23Y8525 | P17: 12504Q100250
A18: G/I/25-26/01114 | B18: 08Y587933870AC5 | C18: 5A120M58U01 | D18: =VLOOKUP($C18,Sheet2!$A$2:$B$10,2,0) -> 114010-50820 | E18: CYLINDER ASSY,BK MASTER W/ECU | F18: 45969 | G18: 0.35416667 | H18: CA-01 | I18: AC5 | J18: 11 | K18: =VLOOKUP($C18,Sheet2!$A$2:$D$10,4,0) -> 1 | L18: =VLOOKUP($C18,Sheet2!$A$2:$E$10,5,0) -> Bin | M18: =J18/K18 -> 11 | O18: GJ23Y8525 | P18: 12504Q100173
A19: G/I/25-26/01114 | B19: 08Y587994968AC5 | C19: 5A120M58U01 | D19: =VLOOKUP($C19,Sheet2!$A$2:$B$10,2,0) -> 114010-50820 | E19: CYLINDER ASSY,BK MASTER W/ECU | F19: 45969 | G19: 0.35416667 | H19: CA-01 | I19: AC5 | J19: 12 | K19: =VLOOKUP($C19,Sheet2!$A$2:$D$10,4,0) -> 1 | L19: =VLOOKUP($C19,Sheet2!$A$2:$E$10,5,0) -> Bin | M19: =J19/K19 -> 12 | O19: GJ23Y8525 | P19: 12504Q100173
A20: G/I/25-26/01114 | B20: 08Y587933926AC5 | C20: 5A120M58U50 | D20: =VLOOKUP($C20,Sheet2!$A$2:$B$10,2,0) -> 114010-50830 | E20: CYLINDER ASSY,BK MASTER W/ECU | F20: 45969 | G20: 0.35416667 | H20: CA-01 | I20: AC5 | J20: 11 | K20: =VLOOKUP($C20,Sheet2!$A$2:$D$10,4,0) -> 1 | L20: =VLOOKUP($C20,Sheet2!$A$2:$E$10,5,0) -> Bin | M20: =J20/K20 -> 11 | O20: GJ23Y8525 | P20: 12504Q100241
A21: G/I/25-26/01114 | B21: 08Y587998734AC5 | C21: 5A120M58U50 | D21: =VLOOKUP($C21,Sheet2!$A$2:$B$10,2,0) -> 114010-50830 | E21: CYLINDER ASSY,BK MASTER W/ECU | F21: 45969 | G21: 0.35416667 | H21: CA-01 | I21: AC5 | J21: 8 | K21: =VLOOKUP($C21,Sheet2!$A$2:$D$10,4,0) -> 1 | L21: =VLOOKUP($C21,Sheet2!$A$2:$E$10,5,0) -> Bin | M21: =J21/K21 -> 8 | O21: GJ23Y8525 | P21: 12504Q100241
M22: 88 | N22: 6
A23: G/I/25-26/01115 | B23: 08Y587933624AC5 | C23: 55101M58U10 | D23: =VLOOKUP($C23,Sheet2!$A$2:$B$10,2,0) -> 141110-14600 | E23: CALIPER ASSY,FRONT BRAKE,R | F23: 45969 | G23: 0.60416667 | H23: CA-07 | I23: AC5 | J23: 18 | K23: =VLOOKUP($C23,Sheet2!$A$2:$D$10,4,0) -> 18 | L23: =VLOOKUP($C23,Sheet2!$A$2:$E$10,5,0) -> Trolley (H) | N23: 1 | O23: GJ27TD4419 | P23: AN0250008334
A24: G/I/25-26/01115 | B24: 08Y587933667AC5 | C24: 55102M58U10 | D24: =VLOOKUP($C24,Sheet2!$A$2:$B$10,2,0) -> 141120-14600 | E24: CALIPER ASSY,FRONT BRAKE,L | F24: 45969 | G24: 0.60416667 | H24: CA-07 | I24: AC5 | J24: 18 | K24: =VLOOKUP($C24,Sheet2!$A$2:$D$10,4,0) -> 18 | L24: =VLOOKUP($C24,Sheet2!$A$2:$E$10,5,0) -> Trolley (H) | O24: GJ27TD4419 | P24: AN0250008334
A25: G/I/25-26/01115 | B25: 08Y587933632AC5 | C25: 55101M58U10 | D25: =VLOOKUP($C25,Sheet2!$A$2:$B$10,2,0) -> 141110-14600 | E25: CALIPER ASSY,FRONT BRAKE,R | F25: 45969 | G25: 0.60416667 | H25: CA-07 | I25: AC5 | J25: 18 | K25: =VLOOKUP($C25,Sheet2!$A$2:$D$10,4,0) -> 18 | L25: =VLOOKUP($C25,Sheet2!$A$2:$E$10,5,0) -> Trolley (H) | N25: 1 | O25: GJ27TD4419 | P25: AN0250008334
A26: G/I/25-26/01115 | B26: 08Y587933675AC5 | C26: 55102M58U10 | D26: =VLOOKUP($C26,Sheet2!$A$2:$B$10,2,0) -> 141120-14600 | E26: CALIPER ASSY,FRONT BRAKE,L | F26: 45969 | G26: 0.60416667 | H26: CA-07 | I26: AC5 | J26: 18 | K26: =VLOOKUP($C26,Sheet2!$A$2:$D$10,4,0) -> 18 | L26: =VLOOKUP($C26,Sheet2!$A$2:$E$10,5,0) -> Trolley (H) | O26: GJ27TD4419 | P26: AN0250008334
A27: G/I/25-26/01115 | B27: 08Y587933705AC5 | C27: 55311M58U00 | D27: =VLOOKUP($C27,Sheet2!$A$2:$B$10,2,0) -> 141185-74670 | E27: DISC,FRONT BRAKE | F27: 45969 | G27: 0.60416667 | H27: CA-07 | I27: AC5 | J27: 40 | K27: =VLOOKUP($C27,Sheet2!$A$2:$D$10,4,0) -> 40 | L27: =VLOOKUP($C27,Sheet2!$A$2:$E$10,5,0) -> Trolley | N27: =J27/K27 -> 1 | O27: GJ27TD4419 | P27: 910101143
A28: G/I/25-26/01115 | B28: 08Y587933730AC5 | C28: 55401M58U00 | D28: =VLOOKUP($C28,Sheet2!$A$2:$B$10,2,0) -> 141140-91211 | E28: CALIPER ASSY,REAR BRAKE,R | F28: 45969 | G28: 0.60416667 | H28: CA-21 | I28: AC5 | J28: 20 | K28: =VLOOKUP($C28,Sheet2!$A$2:$D$10,4,0) -> 2 | L28: =VLOOKUP($C28,Sheet2!$A$2:$E$10,5,0) -> Bin | M28: =J28/K28 -> 10 | O28: GJ27TD4419 | P28: 12508Q100183
A29: G/I/25-26/01115 | B29: 08Y587933748AC5 | C29: 55401M58U00 | D29: =VLOOKUP($C29,Sheet2!$A$2:$B$10,2,0) -> 141140-91211 | E29: CALIPER ASSY,REAR BRAKE,R | F29: 45969 | G29: 0.60416667 | H29: CA-21 | I29: AC5 | J29: 18 | K29: =VLOOKUP($C29,Sheet2!$A$2:$D$10,4,0) -> 2 | L29: =VLOOKUP($C29,Sheet2!$A$2:$E$10,5,0) -> Bin | M29: =J29/K29 -> 9 | O29: GJ27TD4419 | P29: 12508Q100183
A30: G/I/25-26/01115 | B30: 08Y587933772AC5 | C30: 55402M58U00 | D30: =VLOOKUP($C30,Sheet2!$A$2:$B$10,2,0) -> 141150-91211 | E30: CALIPER ASSY,REAR BRAKE,L | F30: 45969 | G30: 0.60416667 | H30: CA-21 | I30: AC5 | J30: 20 | K30: =VLOOKUP($C30,Sheet2!$A$2:$D$10,4,0) -> 2 | L30: =VLOOKUP($C30,Sheet2!$A$2:$E$10,5,0) -> Bin | M30: =J30/K30 -> 10 | O30: GJ27TD4419 | P30: 12508Q100183
A31: G/I/25-26/01115 | B31: 08Y587933780AC5 | C31: 55402M58U00 | D31: =VLOOKUP($C31,Sheet2!$A$2:$B$10,2,0) -> 141150-91211 | E31: CALIPER ASSY,REAR BRAKE,L | F31: 45969 | G31: 0.60416667 | H31: CA-21 | I31: AC5 | J31: 18 | K31: =VLOOKUP($C31,Sheet2!$A$2:$D$10,4,0) -> 2 | L31: =VLOOKUP($C31,Sheet2!$A$2:$E$10,5,0) -> Bin | M31: =J31/K31 -> 9 | O31: GJ27TD4419 | P31: 12508Q100183
A32: G/I/25-26/01115 | B32: 08Y587933810AC5 | C32: 55611M58U00 | D32: =VLOOKUP($C32,Sheet2!$A$2:$B$10,2,0) -> 141186-74360 | E32: DISC,REAR BRAKE | F32: 45969 | G32: 0.60416667 | H32: CA-21 | I32: AC5 | J32: 40 | K32: =VLOOKUP($C32,Sheet2!$A$2:$D$10,4,0) -> 40 | L32: =VLOOKUP($C32,Sheet2!$A$2:$E$10,5,0) -> Trolley | N32: =J32/K32 -> 1 | O32: GJ27TD4419 | P32: 910102394
A33: G/I/25-26/01115 | B33: 08Y587933829AC5 | C33: 55611M58U00 | D33: =VLOOKUP($C33,Sheet2!$A$2:$B$10,2,0) -> 141186-74360 | E33: DISC,REAR BRAKE | F33: 45969 | G33: 0.60416667 | H33: CA-21 | I33: AC5 | J33: 40 | K33: =VLOOKUP($C33,Sheet2!$A$2:$D$10,4,0) -> 40 | L33: =VLOOKUP($C33,Sheet2!$A$2:$E$10,5,0) -> Trolley | N33: =J33/K33 -> 1 | O33: GJ27TD4419 | P33: 910102394
A34: G/I/25-26/01116 | B34: 08Y587933853AC5 | C34: 56110M58UA1 | D34: =VLOOKUP($C34,Sheet2!$A$2:$B$10,2,0) -> 116040-92240 | E34: ACTUATOR ASSY,NO VARIANT ESP | F34: 45969 | G34: 0.60416667 | H34: CA-01 | I34: AC5 | J34: 18 | K34: =VLOOKUP($C34,Sheet2!$A$2:$D$10,4,0) -> 6 | L34: =VLOOKUP($C34,Sheet2!$A$2:$E$10,5,0) -> Bin | M34: =J34/K34 -> 3 | O34: GJ27TD4419 | P34: 12505Q100051
A35: G/I/25-26/01116 | B35: 08Y587933861AC5 | C35: 56110M58UA1 | D35: =VLOOKUP($C35,Sheet2!$A$2:$B$10,2,0) -> 116040-92240 | E35: ACTUATOR ASSY,NO VARIANT ESP | F35: 45969 | G35: 0.60416667 | H35: CA-01 | I35: AC5 | J35: 18 | K35: =VLOOKUP($C35,Sheet2!$A$2:$D$10,4,0) -> 6 | L35: =VLOOKUP($C35,Sheet2!$A$2:$E$10,5,0) -> Bin | M35: =J35/K35 -> 3 | O35: GJ27TD4419 | P35: 12505Q100051
A36: G/I/25-26/01116 | B36: 08Y587933888AC5 | C36: 5A120M58U01 | D36: =VLOOKUP($C36,Sheet2!$A$2:$B$10,2,0) -> 114010-50820 | E36: CYLINDER ASSY,BK MASTER W/ECU | F36: 45969 | G36: 0.60416667 | H36: CA-01 | I36: AC5 | J36: 9 | K36: =VLOOKUP($C36,Sheet2!$A$2:$D$10,4,0) -> 1 | L36: =VLOOKUP($C36,Sheet2!$A$2:$E$10,5,0) -> Bin | M36: =J36/K36 -> 9 | O36: GJ27TD4419 | P36: 12504Q100173
A37: G/I/25-26/01116 | B37: 08Y587933896AC5 | C37: 5A120M58U01 | D37: =VLOOKUP($C37,Sheet2!$A$2:$B$10,2,0) -> 114010-50820 | E37: CYLINDER ASSY,BK MASTER W/ECU | F37: 45969 | G37: 0.60416667 | H37: CA-01 | I37: AC5 | J37: 9 | K37: =VLOOKUP($C37,Sheet2!$A$2:$D$10,4,0) -> 1 | L37: =VLOOKUP($C37,Sheet2!$A$2:$E$10,5,0) -> Bin | M37: =J37/K37 -> 9 | O37: GJ27TD4419 | P37: 12504Q100173
A38: G/I/25-26/01116 | B38: 08Y587933934AC5 | C38: 5A120M58U50 | D38: =VLOOKUP($C38,Sheet2!$A$2:$B$10,2,0) -> 114010-50830 | E38: CYLINDER ASSY,BK MASTER W/ECU | F38: 45969 | G38: 0.60416667 | H38: CA-01 | I38: AC5 | J38: 11 | K38: =VLOOKUP($C38,Sheet2!$A$2:$D$10,4,0) -> 1 | L38: =VLOOKUP($C38,Sheet2!$A$2:$E$10,5,0) -> Bin | M38: =J38/K38 -> 11 | O38: GJ27TD4419 | P38: 12504Q100241
A39: G/I/25-26/01116 | B39: 08Y587933942AC5 | C39: 5A120M58U50 | D39: =VLOOKUP($C39,Sheet2!$A$2:$B$10,2,0) -> 114010-50830 | E39: CYLINDER ASSY,BK MASTER W/ECU | F39: 45969 | G39: 0.60416667 | H39: CA-01 | I39: AC5 | J39: 11 | K39: =VLOOKUP($C39,Sheet2!$A$2:$D$10,4,0) -> 1 | L39: =VLOOKUP($C39,Sheet2!$A$2:$E$10,5,0) -> Bin | M39: =J39/K39 -> 11 | O39: GJ27TD4419 | P39: 12504Q100241
M40: 84 | N40: 5
A41: G/I/25-26/01117 | B41: 08Y587933608AC5 | C41: 55101M58U10 | D41: =VLOOKUP($C41,Sheet2!$A$2:$B$10,2,0) -> 141110-14600 | E41: CALIPER ASSY,FRONT BRAKE,R | F41: 45969 | G41: 0.64583333 | H41: CA-07 | I41: AC5 | J41: 36 | K41: =VLOOKUP($C41,Sheet2!$A$2:$D$10,4,0) -> 18 | L41: =VLOOKUP($C41,Sheet2!$A$2:$E$10,5,0) -> Trolley (H) | N41: 2 | O41: GJ02ZZ7144 | P41: AN0250008334
A42: G/I/25-26/01117 | B42: 08Y587933640AC5 | C42: 55102M58U10 | D42: =VLOOKUP($C42,Sheet2!$A$2:$B$10,2,0) -> 141120-14600 | E42: CALIPER ASSY,FRONT BRAKE,L | F42: 45969 | G42: 0.64583333 | H42: CA-07 | I42: AC5 | J42: 36 | K42: =VLOOKUP($C42,Sheet2!$A$2:$D$10,4,0) -> 18 | L42: =VLOOKUP($C42,Sheet2!$A$2:$E$10,5,0) -> Trolley (H) | O42: GJ02ZZ7144 | P42: AN0250008334
A43: G/I/25-26/01117 | B43: 08Y587933683AC5 | C43: 55311M58U00 | D43: =VLOOKUP($C43,Sheet2!$A$2:$B$10,2,0) -> 141185-74670 | E43: DISC,FRONT BRAKE | F43: 45969 | G43: 0.64583333 | H43: CA-07 | I43: AC5 | J43: 80 | K43: =VLOOKUP($C43,Sheet2!$A$2:$D$10,4,0) -> 40 | L43: =VLOOKUP($C43,Sheet2!$A$2:$E$10,5,0) -> Trolley | N43: =J43/K43 -> 2 | O43: GJ02ZZ7144 | P43: 910101143
A44: G/I/25-26/01117 | B44: 08Y587933713AC5 | C44: 55401M58U00 | D44: =VLOOKUP($C44,Sheet2!$A$2:$B$10,2,0) -> 141140-91211 | E44: CALIPER ASSY,REAR BRAKE,R | F44: 45969 | G44: 0.64583333 | H44: CA-21 | I44: AC5 | J44: 18 | K44: =VLOOKUP($C44,Sheet2!$A$2:$D$10,4,0) -> 2 | L44: =VLOOKUP($C44,Sheet2!$A$2:$E$10,5,0) -> Bin | M44: =J44/K44 -> 9 | O44: GJ02ZZ7144 | P44: 12508Q100183
A45: G/I/25-26/01117 | B45: 08Y587933756AC5 | C45: 55402M58U00 | D45: =VLOOKUP($C45,Sheet2!$A$2:$B$10,2,0) -> 141150-91211 | E45: CALIPER ASSY,REAR BRAKE,L | F45: 45969 | G45: 0.64583333 | H45: CA-21 | I45: AC5 | J45: 18 | K45: =VLOOKUP($C45,Sheet2!$A$2:$D$10,4,0) -> 2 | L45: =VLOOKUP($C45,Sheet2!$A$2:$E$10,5,0) -> Bin | M45: =J45/K45 -> 9 | O45: GJ02ZZ7144 | P45: 12508Q100183
A46: G/I/25-26/01117 | B46: 08Y587933799AC5 | C46: 55611M58U00 | D46: =VLOOKUP($C46,Sheet2!$A$2:$B$10,2,0) -> 141186-74360 | E46: DISC,REAR BRAKE | F46: 45969 | G46: 0.64583333 | H46: CA-21 | I46: AC5 | J46: 80 | K46: =VLOOKUP($C46,Sheet2!$A$2:$D$10,4,0) -> 40 | L46: =VLOOKUP($C46,Sheet2!$A$2:$E$10,5,0) -> Trolley | N46: =J46/K46 -> 2 | O46: GJ02ZZ7144 | P46: 910102394
A47: G/I/25-26/01118 | B47: 08Y587933837AC5 | C47: 56110M58UA1 | D47: =VLOOKUP($C47,Sheet2!$A$2:$B$10,2,0) -> 116040-92240 | E47: ACTUATOR ASSY,NO VARIANT ESP | F47: 45969 | G47: 0.64583333 | H47: CA-01 | I47: AC5 | J47: 24 | K47: =VLOOKUP($C47,Sheet2!$A$2:$D$10,4,0) -> 6 | L47: =VLOOKUP($C47,Sheet2!$A$2:$E$10,5,0) -> Bin | M47: =J47/K47 -> 4 | O47: GJ02ZZ7144 | P47: 12505Q100051
A48: G/I/25-26/01118 | B48: 08Y587933900AC5 | C48: 5A120M58U01 | D48: =VLOOKUP($C48,Sheet2!$A$2:$B$10,2,0) -> 114010-50820 | E48: CYLINDER ASSY,BK MASTER W/ECU | F48: 45969 | G48: 0.64583333 | H48: CA-01 | I48: AC5 | J48: 6 | K48: =VLOOKUP($C48,Sheet2!$A$2:$D$10,4,0) -> 1 | L48: =VLOOKUP($C48,Sheet2!$A$2:$E$10,5,0) -> Bin | M48: =J48/K48 -> 6 | O48: GJ02ZZ7144 | P48: 12504Q100173
A49: G/I/25-26/01118 | B49: 08Y587933918AC5 | C49: 5A120M58U50 | D49: =VLOOKUP($C49,Sheet2!$A$2:$B$10,2,0) -> 114010-50830 | E49: CYLINDER ASSY,BK MASTER W/ECU | F49: 45969 | G49: 0.64583333 | H49: CA-01 | I49: AC5 | J49: 7 | K49: =VLOOKUP($C49,Sheet2!$A$2:$D$10,4,0) -> 1 | L49: =VLOOKUP($C49,Sheet2!$A$2:$E$10,5,0) -> Bin | M49: =J49/K49 -> 7 | O49: GJ02ZZ7144 | P49: 12504Q100241
M50: 35 | N50: 6
A51: G/I/25-26/01119 | B51: 08Y587933799AC5 | C51: 55611M58U00 | D51: =VLOOKUP($C51,Sheet2!$A$2:$B$10,2,0) -> 141186-74360 | E51: DISC,REAR BRAKE | F51: 45969 | G51: 0.64583333 | H51: CA-21 | I51: AC5 | J51: 320 | K51: =VLOOKUP($C51,Sheet2!$A$2:$D$10,4,0) -> 40 | L51: =VLOOKUP($C51,Sheet2!$A$2:$E$10,5,0) -> Trolley | N51: =J51/K51 -> 8 | O51: GJ23Y8525 | P51: 910102394
N52: 8

Sheet 10-11-2025
A1: Dailly SMG Pick List | J1: 24AACCN5739J1ZA
A2: Supply Month | B2: 45971
A3: INVOICE NO | B3: KANBAN NO | C3: PART NUMBER | D3: Material Code | E3: PART NAME | F3: SUPPLY DATE | G3: SUPPLY TIME | H3: UNLOADING LOC | I3: Line | J3: Qty Req | K3: Packing Standerd | L3: Packed in | M3: TTL Bin | N3: TORLLY | O3: Vehicle No | P3: INV NO
A4: G/I/25-26/01121 | B4: 10Y588552705AC5 | C4: 55101M58U10 | D4: =VLOOKUP($C4,Sheet2!$A$2:$B$10,2,0) -> 141110-14600 | E4: CALIPER ASSY,FRONT BRAKE,R | F4: 45971 | G4: 0.35416667 | H4: CA-07 | I4: AC5 | J4: 36 | K4: =VLOOKUP($C4,Sheet2!$A$2:$D$10,4,0) -> 18 | L4: =VLOOKUP($C4,Sheet2!$A$2:$E$10,5,0) -> Trolley (H) | N4: 2 | O4: GJ27TD4419 | P4: AN0250008334 | S4: Gate Entry Done
A5: G/I/25-26/01121 | B5: 10Y588552748AC5 | C5: 55102M58U10 | D5: =VLOOKUP($C5,Sheet2!$A$2:$B$10,2,0) -> 141120-14600 | E5: CALIPER ASSY,FRONT BRAKE,L | F5: 45971 | G5: 0.35416667 | H5: CA-07 | I5: AC5 | J5: 36 | K5: =VLOOKUP($C5,Sheet2!$A$2:$D$10,4,0) -> 18 | L5: =VLOOKUP($C5,Sheet2!$A$2:$E$10,5,0) -> Trolley (H) | O5: GJ27TD4419 | P5: AN0250008334 | S5: SRV done
A6: G/I/25-26/01121 | B6: 10Y588610411AC5 | C6: 55101M58U10 | D6: =VLOOKUP($C6,Sheet2!$A$2:$B$10,2,0) -> 141110-14600 | E6: CALIPER ASSY,FRONT BRAKE,R | F6: 45971 | G6: 0.35416667 | H6: CA-07 | I6: AC5 | J6: 18 | K6: =VLOOKUP($C6,Sheet2!$A$2:$D$10,4,0) -> 18 | L6: =VLOOKUP($C6,Sheet2!$A$2:$E$10,5,0) -> Trolley (H) | N6: 1 | O6: GJ27TD4419 | P6: AN0250008334 | S6: Gate Entry & SRV pending
A7: G/I/25-26/01121 | B7: 10Y588612503AC5 | C7: 55102M58U10 | D7: =VLOOKUP($C7,Sheet2!$A$2:$B$10,2,0) -> 141120-14600 | E7: CALIPER ASSY,FRONT BRAKE,L | F7: 45971 | G7: 0.35416667 | H7: CA-07 | I7: AC5 | J7: 18 | K7: =VLOOKUP($C7,Sheet2!$A$2:$D$10,4,0) -> 18 | L7: =VLOOKUP($C7,Sheet2!$A$2:$E$10,5,0) -> Trolley (H) | O7: GJ27TD4419 | P7: AN0250008334
A8: G/I/25-26/01121 | B8: 10Y588552799AC5 | C8: 55311M58U00 | D8: =VLOOKUP($C8,Sheet2!$A$2:$B$10,2,0) -> 141185-74670 | E8: DISC,FRONT BRAKE | F8: 45971 | G8: 0.35416667 | H8: CA-07 | I8: AC5 | J8: 40 | K8: =VLOOKUP($C8,Sheet2!$A$2:$D$10,4,0) -> 40 | L8: =VLOOKUP($C8,Sheet2!$A$2:$E$10,5,0) -> Trolley | N8: =J8/K8 -> 1 | O8: GJ27TD4419 | P8: 910101143
A9: G/I/25-26/01121 | B9: 10Y588613500AC5 | C9: 55311M58U00 | D9: =VLOOKUP($C9,Sheet2!$A$2:$B$10,2,0) -> 141185-74670 | E9: DISC,FRONT BRAKE | F9: 45971 | G9: 0.35416667 | H9: CA-07 | I9: AC5 | J9: 40 | K9: =VLOOKUP($C9,Sheet2!$A$2:$D$10,4,0) -> 40 | L9: =VLOOKUP($C9,Sheet2!$A$2:$E$10,5,0) -> Trolley | N9: =J9/K9 -> 1 | O9: GJ27TD4419 | P9: 910101143
A10: G/I/25-26/01121 | B10: 10Y588552837AC5 | C10: 55401M58U00 | D10: =VLOOKUP($C10,Sheet2!$A$2:$B$10,2,0) -> 141140-91211 | E10: CALIPER ASSY,REAR BRAKE,R | F10: 45971 | G10: 0.35416667 | H10: CA-21 | I10: AC5 | J10: 20 | K10: =VLOOKUP($C10,Sheet2!$A$2:$D$10,4,0) -> 2 | L10: =VLOOKUP($C10,Sheet2!$A$2:$E$10,5,0) -> Bin | M10: =J10/K10 -> 10 | O10: GJ27TD4419 | P10: 12508Q100183
A11: G/I/25-26/01121 | B11: 10Y588611574AC5 | C11: 55401M58U00 | D11: =VLOOKUP($C11,Sheet2!$A$2:$B$10,2,0) -> 141140-91211 | E11: CALIPER ASSY,REAR BRAKE,R | F11: 45971 | G11: 0.35416667 | H11: CA-21 | I11: AC5 | J11: 20 | K11: =VLOOKUP($C11,Sheet2!$A$2:$D$10,4,0) -> 2 | L11: =VLOOKUP($C11,Sheet2!$A$2:$E$10,5,0) -> Bin | M11: =J11/K11 -> 10 | O11: GJ27TD4419 | P11: 12508Q100183
A12: G/I/25-26/01121 | B12: 10Y588552870AC5 | C12: 55402M58U00 | D12: =VLOOKUP($C12,Sheet2!$A$2:$B$10,2,0) -> 141150-91211 | E12: CALIPER ASSY,REAR BRAKE,L | F12: 45971 | G12: 0.35416667 | H12: CA-21 | I12: AC5 | J12: 20 | K12: =VLOOKUP($C12,Sheet2!$A$2:$D$10,4,0) -> 2 | L12: =VLOOKUP($C12,Sheet2!$A$2:$E$10,5,0) -> Bin | M12: =J12/K12 -> 10 | O12: GJ27TD4419 | P12: 12508Q100183
A13: G/I/25-26/01121 | B13: 10Y588615650AC5 | C13: 55402M58U00 | D13: =VLOOKUP($C13,Sheet2!$A$2:$B$10,2,0) -> 141150-91211 | E13: CALIPER ASSY,REAR BRAKE,L | F13: 45971 | G13: 0.35416667 | H13: CA-21 | I13: AC5 | J13: 20 | K13: =VLOOKUP($C13,Sheet2!$A$2:$D$10,4,0) -> 2 | L13: =VLOOKUP($C13,Sheet2!$A$2:$E$10,5,0) -> Bin | M13: =J13/K13 -> 10 | O13: GJ27TD4419 | P13: 12508Q100183
A14: G/I/25-26/01121 | B14: 10Y588552918AC5 | C14: 55611M58U00 | D14: =VLOOKUP($C14,Sheet2!$A$2:$B$10,2,0) -> 141186-74360 | E14: DISC,REAR BRAKE | F14: 45971 | G14: 0.35416667 | H14: CA-21 | I14: AC5 | J14: 40 | K14: =VLOOKUP($C14,Sheet2!$A$2:$D$10,4,0) -> 40 | L14: =VLOOKUP($C14,Sheet2!$A$2:$E$10,5,0) -> Trolley | N14: =J14/K14 -> 1 | O14: GJ27TD4419 | P14: 910102394
A15: G/I/25-26/01121 | B15: 10Y588611523AC5 | C15: 55611M58U00 | D15: =VLOOKUP($C15,Sheet2!$A$2:$B$10,2,0) -> 141186-74360 | E15: DISC,REAR BRAKE | F15: 45971 | G15: 0.35416667 | H15: CA-21 | I15: AC5 | J15: 40 | K15: =VLOOKUP($C15,Sheet2!$A$2:$D$10,4,0) -> 40 | L15: =VLOOKUP($C15,Sheet2!$A$2:$E$10,5,0) -> Trolley | N15: =J15/K15 -> 1 | O15: GJ27TD4419 | P15: 910102394
A16: G/I/25-26/01122 | B16: 10Y588552950AC5 | C16: 56110M58UA1 | D16: =VLOOKUP($C16,Sheet2!$A$2:$B$10,2,0) -> 116040-92240 | E16: ACTUATOR ASSY,NO VARIANT ESP | F16: 45971 | G16: 0.35416667 | H16: CA-01 | I16: AC5 | J16: 18 | K16: =VLOOKUP($C16,Sheet2!$A$2:$D$10,4,0) -> 6 | L16: =VLOOKUP($C16,Sheet2!$A$2:$E$10,5,0) -> Bin | M16: =J16/K16 -> 3 | O16: GJ27TD4419 | P16: 12505Q100051
A17: G/I/25-26/01122 | B17: 10Y588614476AC5 | C17: 56110M58UA1 | D17: =VLOOKUP($C17,Sheet2!$A$2:$B$10,2,0) -> 116040-92240 | E17: ACTUATOR ASSY,NO VARIANT ESP | F17: 45971 | G17: 0.35416667 | H17: CA-01 | I17: AC5 | J17: 18 | K17: =VLOOKUP($C17,Sheet2!$A$2:$D$10,4,0) -> 6 | L17: =VLOOKUP($C17,Sheet2!$A$2:$E$10,5,0) -> Bin | M17: =J17/K17 -> 3 | O17: GJ27TD4419 | P17: 12505Q100051
A18: G/I/25-26/01122 | B18: 10Y588556077AC5 | C18: 5A120M58U01 | D18: =VLOOKUP($C18,Sheet2!$A$2:$B$10,2,0) -> 114010-50820 | E18: CYLINDER ASSY,BK MASTER W/ECU | F18: 45971 | G18: 0.35416667 | H18: CA-01 | I18: AC5 | J18: 10 | K18: =VLOOKUP($C18,Sheet2!$A$2:$D$10,4,0) -> 1 | L18: =VLOOKUP($C18,Sheet2!$A$2:$E$10,5,0) -> Bin | M18: =J18/K18 -> 10 | O18: GJ27TD4419 | P18: 12504Q100173
A19: G/I/25-26/01122 | B19: 10Y588611221AC5 | C19: 5A120M58U01 | D19: =VLOOKUP($C19,Sheet2!$A$2:$B$10,2,0) -> 114010-50820 | E19: CYLINDER ASSY,BK MASTER W/ECU | F19: 45971 | G19: 0.35416667 | H19: CA-01 | I19: AC5 | J19: 7 | K19: =VLOOKUP($C19,Sheet2!$A$2:$D$10,4,0) -> 1 | L19: =VLOOKUP($C19,Sheet2!$A$2:$E$10,5,0) -> Bin | M19: =J19/K19 -> 7 | O19: GJ27TD4419 | P19: 12504Q100173- 1 Qty. / 12504Q100216-6 Qty.
A20: G/I/25-26/01122 | B20: 10Y588556115AC5 | C20: 5A120M58U50 | D20: =VLOOKUP($C20,Sheet2!$A$2:$B$10,2,0) -> 114010-50830 | E20: CYLINDER ASSY,BK MASTER W/ECU | F20: 45971 | G20: 0.35416667 | H20: CA-01 | I20: AC5 | J20: 10 | K20: =VLOOKUP($C20,Sheet2!$A$2:$D$10,4,0) -> 1 | L20: =VLOOKUP($C20,Sheet2!$A$2:$E$10,5,0) -> Bin | M20: =J20/K20 -> 10 | O20: GJ27TD4419 | P20: 12504Q100241
A21: G/I/25-26/01122 | B21: 10Y588619753AC5 | C21: 5A120M58U50 | D21: =VLOOKUP($C21,Sheet2!$A$2:$B$10,2,0) -> 114010-50830 | E21: CYLINDER ASSY,BK MASTER W/ECU | F21: 45971 | G21: 0.35416667 | H21: CA-01 | I21: AC5 | J21: 12 | K21: =VLOOKUP($C21,Sheet2!$A$2:$D$10,4,0) -> 1 | L21: =VLOOKUP($C21,Sheet2!$A$2:$E$10,5,0) -> Bin | M21: =J21/K21 -> 12 | O21: GJ27TD4419 | P21: 12504Q100241
M22: 85 | N22: 7
A23: G/I/25-26/01123 | B23: 10Y588552713AC5 | C23: 55101M58U10 | D23: =VLOOKUP($C23,Sheet2!$A$2:$B$10,2,0) -> 141110-14600 | E23: CALIPER ASSY,FRONT BRAKE,R | F23: 45971 | G23: 0.5625 | H23: CA-07 | I23: AC5 | J23: 18 | K23: =VLOOKUP($C23,Sheet2!$A$2:$D$10,4,0) -> 18 | L23: =VLOOKUP($C23,Sheet2!$A$2:$E$10,5,0) -> Trolley (H) | N23: 1 | O23: GJ02ZZ7144 | P23: AN0250008334
A24: G/I/25-26/01123 | B24: 10Y588552756AC5 | C24: 55102M58U10 | D24: =VLOOKUP($C24,Sheet2!$A$2:$B$10,2,0) -> 141120-14600 | E24: CALIPER ASSY,FRONT BRAKE,L | F24: 45971 | G24: 0.5625 | H24: CA-07 | I24: AC5 | J24: 18 | K24: =VLOOKUP($C24,Sheet2!$A$2:$D$10,4,0) -> 18 | L24: =VLOOKUP($C24,Sheet2!$A$2:$E$10,5,0) -> Trolley (H) | O24: GJ02ZZ7144 | P24: AN0250008334
A25: G/I/25-26/01123 | B25: 10Y588552802AC5 | C25: 55311M58U00 | D25: =VLOOKUP($C25,Sheet2!$A$2:$B$10,2,0) -> 141185-74670 | E25: DISC,FRONT BRAKE | F25: 45971 | G25: 0.5625 | H25: CA-07 | I25: AC5 | J25: 40 | K25: =VLOOKUP($C25,Sheet2!$A$2:$D$10,4,0) -> 40 | L25: =VLOOKUP($C25,Sheet2!$A$2:$E$10,5,0) -> Trolley | N25: =J25/K25 -> 1 | O25: GJ02ZZ7144 | P25: 910101143
A26: G/I/25-26/01123 | B26: 10Y588552845AC5 | C26: 55401M58U00 | D26: =VLOOKUP($C26,Sheet2!$A$2:$B$10,2,0) -> 141140-91211 | E26: CALIPER ASSY,REAR BRAKE,R | F26: 45971 | G26: 0.5625 | H26: CA-21 | I26: AC5 | J26: 20 | K26: =VLOOKUP($C26,Sheet2!$A$2:$D$10,4,0) -> 2 | L26: =VLOOKUP($C26,Sheet2!$A$2:$E$10,5,0) -> Bin | M26: =J26/K26 -> 10 | O26: GJ02ZZ7144 | P26: 12508Q100183
A27: G/I/25-26/01123 | B27: 10Y588552888AC5 | C27: 55402M58U00 | D27: =VLOOKUP($C27,Sheet2!$A$2:$B$10,2,0) -> 141150-91211 | E27: CALIPER ASSY,REAR BRAKE,L | F27: 45971 | G27: 0.5625 | H27: CA-21 | I27: AC5 | J27: 20 | K27: =VLOOKUP($C27,Sheet2!$A$2:$D$10,4,0) -> 2 | L27: =VLOOKUP($C27,Sheet2!$A$2:$E$10,5,0) -> Bin | M27: =J27/K27 -> 10 | O27: GJ02ZZ7144 | P27: 12508Q100183
A28: G/I/25-26/01123 | B28: 10Y588552926AC5 | C28: 55611M58U00 | D28: =VLOOKUP($C28,Sheet2!$A$2:$B$10,2,0) -> 141186-74360 | E28: DISC,REAR BRAKE | F28: 45971 | G28: 0.5625 | H28: CA-21 | I28: AC5 | J28: 40 | K28: =VLOOKUP($C28,Sheet2!$A$2:$D$10,4,0) -> 40 | L28: =VLOOKUP($C28,Sheet2!$A$2:$E$10,5,0) -> Trolley | N28: =J28/K28 -> 1 | O28: GJ02ZZ7144 | P28: 910102394
A29: G/I/25-26/01124 | B29: 10Y588552969AC5 | C29: 56110M58UA1 | D29: =VLOOKUP($C29,Sheet2!$A$2:$B$10,2,0) -> 116040-92240 | E29: ACTUATOR ASSY,NO VARIANT ESP | F29: 45971 | G29: 0.5625 | H29: CA-01 | I29: AC5 | J29: 18 | K29: =VLOOKUP($C29,Sheet2!$A$2:$D$10,4,0) -> 6 | L29: =VLOOKUP($C29,Sheet2!$A$2:$E$10,5,0) -> Bin | M29: =J29/K29 -> 3 | O29: GJ02ZZ7144 | P29: 12505Q100051
A30: G/I/25-26/01124 | B30: 10Y588556085AC5 | C30: 5A120M58U01 | D30: =VLOOKUP($C30,Sheet2!$A$2:$B$10,2,0) -> 114010-50820 | E30: CYLINDER ASSY,BK MASTER W/ECU | F30: 45971 | G30: 0.5625 | H30: CA-01 | I30: AC5 | J30: 9 | K30: =VLOOKUP($C30,Sheet2!$A$2:$D$10,4,0) -> 1 | L30: =VLOOKUP($C30,Sheet2!$A$2:$E$10,5,0) -> Bin | M30: =J30/K30 -> 9 | O30: GJ02ZZ7144 | P30: 12504Q100216
A31: G/I/25-26/01124 | B31: 10Y588556123AC5 | C31: 5A120M58U50 | D31: =VLOOKUP($C31,Sheet2!$A$2:$B$10,2,0) -> 114010-50830 | E31: CYLINDER ASSY,BK MASTER W/ECU | F31: 45971 | G31: 0.5625 | H31: CA-01 | I31: AC5 | J31: 11 | K31: =VLOOKUP($C31,Sheet2!$A$2:$D$10,4,0) -> 1 | L31: =VLOOKUP($C31,Sheet2!$A$2:$E$10,5,0) -> Bin | M31: =J31/K31 -> 11 | O31: GJ02ZZ7144 | P31: 12504Q100241
M32: 43 | N32: 3
A33: G/I/25-26/01125 | B33: 10Y588552721AC5 | C33: 55101M58U10 | D33: =VLOOKUP($C33,Sheet2!$A$2:$B$10,2,0) -> 141110-14600 | E33: CALIPER ASSY,FRONT BRAKE,R | F33: 45971 | G33: 0.77083333 | H33: CA-07 | I33: AC5 | J33: 18 | K33: =VLOOKUP($C33,Sheet2!$A$2:$D$10,4,0) -> 18 | L33: =VLOOKUP($C33,Sheet2!$A$2:$E$10,5,0) -> Trolley (H) | N33: 1 | O33: GJ23Y8525 | P33: AN0250008334-4 Qty. / AN0250008573-14 Qty.
A34: G/I/25-26/01125 | B34: 10Y588552764AC5 | C34: 55102M58U10 | D34: =VLOOKUP($C34,Sheet2!$A$2:$B$10,2,0) -> 141120-14600 | E34: CALIPER ASSY,FRONT BRAKE,L | F34: 45971 | G34: 0.77083333 | H34: CA-07 | I34: AC5 | J34: 18 | K34: =VLOOKUP($C34,Sheet2!$A$2:$D$10,4,0) -> 18 | L34: =VLOOKUP($C34,Sheet2!$A$2:$E$10,5,0) -> Trolley (H) | O34: GJ23Y8525 | P34: AN0250008334
A35: G/I/25-26/01125 | B35: 10Y588552810AC5 | C35: 55311M58U00 | D35: =VLOOKUP($C35,Sheet2!$A$2:$B$10,2,0) -> 141185-74670 | E35: DISC,FRONT BRAKE | F35: 45971 | G35: 0.77083333 | H35: CA-07 | I35: AC5 | J35: 40 | K35: =VLOOKUP($C35,Sheet2!$A$2:$D$10,4,0) -> 40 | L35: =VLOOKUP($C35,Sheet2!$A$2:$E$10,5,0) -> Trolley | N35: =J35/K35 -> 1 | O35: GJ23Y8525 | P35: 910101143
A36: G/I/25-26/01125 | B36: 10Y588552853AC5 | C36: 55401M58U00 | D36: =VLOOKUP($C36,Sheet2!$A$2:$B$10,2,0) -> 141140-91211 | E36: CALIPER ASSY,REAR BRAKE,R | F36: 45971 | G36: 0.77083333 | H36: CA-21 | I36: AC5 | J36: 20 | K36: =VLOOKUP($C36,Sheet2!$A$2:$D$10,4,0) -> 2 | L36: =VLOOKUP($C36,Sheet2!$A$2:$E$10,5,0) -> Bin | M36: =J36/K36 -> 10 | O36: GJ23Y8525 | P36: 12508Q100183
A37: G/I/25-26/01125 | B37: 10Y588552896AC5 | C37: 55402M58U00 | D37: =VLOOKUP($C37,Sheet2!$A$2:$B$10,2,0) -> 141150-91211 | E37: CALIPER ASSY,REAR BRAKE,L | F37: 45971 | G37: 0.77083333 | H37: CA-21 | I37: AC5 | J37: 20 | K37: =VLOOKUP($C37,Sheet2!$A$2:$D$10,4,0) -> 2 | L37: =VLOOKUP($C37,Sheet2!$A$2:$E$10,5,0) -> Bin | M37: =J37/K37 -> 10 | O37: GJ23Y8525 | P37: 12508Q100183
A38: G/I/25-26/01125 | B38: 10Y588552934AC5 | C38: 55611M58U00 | D38: =VLOOKUP($C38,Sheet2!$A$2:$B$10,2,0) -> 141186-74360 | E38: DISC,REAR BRAKE | F38: 45971 | G38: 0.77083333 | H38: CA-21 | I38: AC5 | J38: 40 | K38: =VLOOKUP($C38,Sheet2!$A$2:$D$10,4,0) -> 40 | L38: =VLOOKUP($C38,Sheet2!$A$2:$E$10,5,0) -> Trolley | N38: =J38/K38 -> 1 | O38: GJ23Y8525 | P38: 910102394
A39: G/I/25-26/01126 | B39: 10Y588552977AC5 | C39: 56110M58UA1 | D39: =VLOOKUP($C39,Sheet2!$A$2:$B$10,2,0) -> 116040-92240 | E39: ACTUATOR ASSY,NO VARIANT ESP | F39: 45971 | G39: 0.77083333 | H39: CA-01 | I39: AC5 | J39: 24 | K39: =VLOOKUP($C39,Sheet2!$A$2:$D$10,4,0) -> 6 | L39: =VLOOKUP($C39,Sheet2!$A$2:$E$10,5,0) -> Bin | M39: =J39/K39 -> 4 | O39: GJ23Y8525 | P39: 12505Q100051
A40: G/I/25-26/01126 | B40: 10Y588556093AC5 | C40: 5A120M58U01 | D40: =VLOOKUP($C40,Sheet2!$A$2:$B$10,2,0) -> 114010-50820 | E40: CYLINDER ASSY,BK MASTER W/ECU | F40: 45971 | G40: 0.77083333 | H40: CA-01 | I40: AC5 | J40: 10 | K40: =VLOOKUP($C40,Sheet2!$A$2:$D$10,4,0) -> 1 | L40: =VLOOKUP($C40,Sheet2!$A$2:$E$10,5,0) -> Bin | M40: =J40/K40 -> 10 | O40: GJ23Y8525 | P40: 12504Q100216
A41: G/I/25-26/01126 | B41: 10Y588556131AC5 | C41: 5A120M58U50 | D41: =VLOOKUP($C41,Sheet2!$A$2:$B$10,2,0) -> 114010-50830 | E41: CYLINDER ASSY,BK MASTER W/ECU | F41: 45971 | G41: 0.77083333 | H41: CA-01 | I41: AC5 | J41: 10 | K41: =VLOOKUP($C41,Sheet2!$A$2:$D$10,4,0) -> 1 | L41: =VLOOKUP($C41,Sheet2!$A$2:$E$10,5,0) -> Bin | M41: =J41/K41 -> 10 | O41: GJ23Y8525 | P41: 12504Q100241
A42: G/I/25-26/01127 | B42: 10Y588552730AC5 | C42: 55101M58U10 | D42: =VLOOKUP($C42,Sheet2!$A$2:$B$10,2,0) -> 141110-14600 | E42: CALIPER ASSY,FRONT BRAKE,R | F42: 45971 | G42: 0.97916667 | H42: CA-07 | I42: AC5 | J42: 18 | K42: =VLOOKUP($C42,Sheet2!$A$2:$D$10,4,0) -> 18 | L42: =VLOOKUP($C42,Sheet2!$A$2:$E$10,5,0) -> Trolley (H) | N42: 1 | O42: GJ23Y8525 | P42: AN0250008334
A43: G/I/25-26/01127 | B43: 10Y588552772AC5 | C43: 55102M58U10 | D43: =VLOOKUP($C43,Sheet2!$A$2:$B$10,2,0) -> 141120-14600 | E43: CALIPER ASSY,FRONT BRAKE,L | F43: 45971 | G43: 0.97916667 | H43: CA-07 | I43: AC5 | J43: 18 | K43: =VLOOKUP($C43,Sheet2!$A$2:$D$10,4,0) -> 18 | L43: =VLOOKUP($C43,Sheet2!$A$2:$E$10,5,0) -> Trolley (H) | O43: GJ23Y8525 | P43: AN0250008334
A44: G/I/25-26/01127 | B44: 10Y588552780AC5 | C44: 55311M58U00 | D44: =VLOOKUP($C44,Sheet2!$A$2:$B$10,2,0) -> 141185-74670 | E44: DISC,FRONT BRAKE | F44: 45971 | G44: 0.97916667 | H44: CA-07 | I44: AC5 | J44: 40 | K44: =VLOOKUP($C44,Sheet2!$A$2:$D$10,4,0) -> 40 | L44: =VLOOKUP($C44,Sheet2!$A$2:$E$10,5,0) -> Trolley | N44: =J44/K44 -> 1 | O44: GJ23Y8525 | P44: 910101143
A45: G/I/25-26/01127 | B45: 10Y588552829AC5 | C45: 55401M58U00 | D45: =VLOOKUP($C45,Sheet2!$A$2:$B$10,2,0) -> 141140-91211 | E45: CALIPER ASSY,REAR BRAKE,R | F45: 45971 | G45: 0.97916667 | H45: CA-21 | I45: AC5 | J45: 28 | K45: =VLOOKUP($C45,Sheet2!$A$2:$D$10,4,0) -> 2 | L45: =VLOOKUP($C45,Sheet2!$A$2:$E$10,5,0) -> Bin | M45: =J45/K45 -> 14 | O45: GJ23Y8525 | P45: 12508Q100183
A46: G/I/25-26/01127 | B46: 10Y588552861AC5 | C46: 55402M58U00 | D46: =VLOOKUP($C46,Sheet2!$A$2:$B$10,2,0) -> 141150-91211 | E46: CALIPER ASSY,REAR BRAKE,L | F46: 45971 | G46: 0.97916667 | H46: CA-21 | I46: AC5 | J46: 28 | K46: =VLOOKUP($C46,Sheet2!$A$2:$D$10,4,0) -> 2 | L46: =VLOOKUP($C46,Sheet2!$A$2:$E$10,5,0) -> Bin | M46: =J46/K46 -> 14 | O46: GJ23Y8525 | P46: 12508Q100183
A47: G/I/25-26/01127 | B47: 10Y588552900AC5 | C47: 55611M58U00 | D47: =VLOOKUP($C47,Sheet2!$A$2:$B$10,2,0) -> 141186-74360 | E47: DISC,REAR BRAKE | F47: 45971 | G47: 0.97916667 | H47: CA-21 | I47: AC5 | J47: 80 | K47: =VLOOKUP($C47,Sheet2!$A$2:$D$10,4,0) -> 40 | L47: =VLOOKUP($C47,Sheet2!$A$2:$E$10,5,0) -> Trolley | N47: =J47/K47 -> 2 | O47: GJ23Y8525 | P47: 910102394
A48: G/I/25-26/01128 | B48: 10Y588552942AC5 | C48: 56110M58UA1 | D48: =VLOOKUP($C48,Sheet2!$A$2:$B$10,2,0) -> 116040-92240 | E48: ACTUATOR ASSY,NO VARIANT ESP | F48: 45971 | G48: 0.97916667 | H48: CA-01 | I48: AC5 | J48: 30 | K48: =VLOOKUP($C48,Sheet2!$A$2:$D$10,4,0) -> 6 | L48: =VLOOKUP($C48,Sheet2!$A$2:$E$10,5,0) -> Bin | M48: =J48/K48 -> 5 | O48: GJ23Y8525 | P48: 12505Q100051
A49: G/I/25-26/01128 | B49: 10Y588552985AC5 | C49: 5A120M58U01 | D49: =VLOOKUP($C49,Sheet2!$A$2:$B$10,2,0) -> 114010-50820 | E49: CYLINDER ASSY,BK MASTER W/ECU | F49: 45971 | G49: 0.97916667 | H49: CA-01 | I49: AC5 | J49: 14 | K49: =VLOOKUP($C49,Sheet2!$A$2:$D$10,4,0) -> 1 | L49: =VLOOKUP($C49,Sheet2!$A$2:$E$10,5,0) -> Bin | M49: =J49/K49 -> 14 | O49: GJ23Y8525 | P49: 12504Q100216
A50: G/I/25-26/01128 | B50: 10Y588556107AC5 | C50: 5A120M58U50 | D50: =VLOOKUP($C50,Sheet2!$A$2:$B$10,2,0) -> 114010-50830 | E50: CYLINDER ASSY,BK MASTER W/ECU | F50: 45971 | G50: 0.97916667 | H50: CA-01 | I50: AC5 | J50: 15 | K50: =VLOOKUP($C50,Sheet2!$A$2:$D$10,4,0) -> 1 | L50: =VLOOKUP($C50,Sheet2!$A$2:$E$10,5,0) -> Bin | M50: =J50/K50 -> 15 | O50: GJ23Y8525 | P50: 12504Q100241
M51: 106 | N51: 7

Sheet 11-11-2025
A1: Dailly SMG Pick List | J1: 24AACCN5739J1ZA
A2: Supply Month | B2: 45972
A3: INVOICE NO | B3: KANBAN NO | C3: PART NUMBER | D3: Material Code | E3: PART NAME | F3: SUPPLY DATE | G3: SUPPLY TIME | H3: UNLOADING LOC | I3: Line | J3: Qty Req | K3: Packing Standerd | L3: Packed in | M3: TTL Bin | N3: TORLLY | O3: Vehicle No | P3: INV NO
A4: G/I/25-26/01129 | B4: 11Y589043057AC5 | C4: 55101M58U10 | D4: =VLOOKUP($C4,Sheet2!$A$2:$B$10,2,0) -> 141110-14600 | E4: CALIPER ASSY,FRONT BRAKE,R | F4: 45972 | G4: 0.27083333 | H4: CA-07 | I4: AC5 | J4: 36 | K4: =VLOOKUP($C4,Sheet2!$A$2:$D$10,4,0) -> 18 | L4: =VLOOKUP($C4,Sheet2!$A$2:$E$10,5,0) -> Trolley (H) | N4: 2 | O4: GJ01KT7585 | P4: AN0250008573 | S4: Gate Entry Done
A5: G/I/25-26/01129 | B5: 11Y589043081AC5 | C5: 55102M58U10 | D5: =VLOOKUP($C5,Sheet2!$A$2:$B$10,2,0) -> 141120-14600 | E5: CALIPER ASSY,FRONT BRAKE,L | F5: 45972 | G5: 0.27083333 | H5: CA-07 | I5: AC5 | J5: 36 | K5: =VLOOKUP($C5,Sheet2!$A$2:$D$10,4,0) -> 18 | L5: =VLOOKUP($C5,Sheet2!$A$2:$E$10,5,0) -> Trolley (H) | O5: GJ01KT7585 | P5: AN0250008334 - 6 Qty. / AN0250008573- 30 Qty. | S5: SRV done
A6: G/I/25-26/01129 | B6: 11Y589043120AC5 | C6: 55311M58U00 | D6: =VLOOKUP($C6,Sheet2!$A$2:$B$10,2,0) -> 141185-74670 | E6: DISC,FRONT BRAKE | F6: 45972 | G6: 0.27083333 | H6: CA-07 | I6: AC5 | J6: 40 | K6: =VLOOKUP($C6,Sheet2!$A$2:$D$10,4,0) -> 40 | L6: =VLOOKUP($C6,Sheet2!$A$2:$E$10,5,0) -> Trolley | N6: =J6/K6 -> 1 | O6: GJ01KT7585 | P6: 910101143 | S6: Gate Entry & SRV pending
A7: G/I/25-26/01129 | B7: 11Y589043162AC5 | C7: 55401M58U00 | D7: =VLOOKUP($C7,Sheet2!$A$2:$B$10,2,0) -> 141140-91211 | E7: CALIPER ASSY,REAR BRAKE,R | F7: 45972 | G7: 0.27083333 | H7: CA-21 | I7: AC5 | J7: 20 | K7: =VLOOKUP($C7,Sheet2!$A$2:$D$10,4,0) -> 2 | L7: =VLOOKUP($C7,Sheet2!$A$2:$E$10,5,0) -> Bin | M7: =J7/K7 -> 10 | O7: GJ01KT7585 | P7: 12508Q100183
A8: G/I/25-26/01129 | B8: 11Y589043200AC5 | C8: 55402M58U00 | D8: =VLOOKUP($C8,Sheet2!$A$2:$B$10,2,0) -> 141150-91211 | E8: CALIPER ASSY,REAR BRAKE,L | F8: 45972 | G8: 0.27083333 | H8: CA-21 | I8: AC5 | J8: 20 | K8: =VLOOKUP($C8,Sheet2!$A$2:$D$10,4,0) -> 2 | L8: =VLOOKUP($C8,Sheet2!$A$2:$E$10,5,0) -> Bin | M8: =J8/K8 -> 10 | O8: GJ01KT7585 | P8: 12508Q100183
A9: G/I/25-26/01129 | B9: 11Y589043235AC5 | C9: 55611M58U00 | D9: =VLOOKUP($C9,Sheet2!$A$2:$B$10,2,0) -> 141186-74360 | E9: DISC,REAR BRAKE | F9: 45972 | G9: 0.27083333 | H9: CA-21 | I9: AC5 | J9: 40 | K9: =VLOOKUP($C9,Sheet2!$A$2:$D$10,4,0) -> 40 | L9: =VLOOKUP($C9,Sheet2!$A$2:$E$10,5,0) -> Trolley | N9: =J9/K9 -> 1 | O9: GJ01KT7585 | P9: 910102394
A10: G/I/25-26/01130 | B10: 11Y589043286AC5 | C10: 56110M58UA1 | D10: =VLOOKUP($C10,Sheet2!$A$2:$B$10,2,0) -> 116040-92240 | E10: ACTUATOR ASSY,NO VARIANT ESP | F10: 45972 | G10: 0.27083333 | H10: CA-01 | I10: AC5 | J10: 18 | K10: =VLOOKUP($C10,Sheet2!$A$2:$D$10,4,0) -> 6 | L10: =VLOOKUP($C10,Sheet2!$A$2:$E$10,5,0) -> Bin | M10: =J10/K10 -> 3 | O10: GJ01KT7585 | P10: 12505Q100051
A11: G/I/25-26/01130 | B11: 11Y589043324AC5 | C11: 5A120M58U01 | D11: =VLOOKUP($C11,Sheet2!$A$2:$B$10,2,0) -> 114010-50820 | E11: CYLINDER ASSY,BK MASTER W/ECU | F11: 45972 | G11: 0.27083333 | H11: CA-01 | I11: AC5 | J11: 10 | K11: =VLOOKUP($C11,Sheet2!$A$2:$D$10,4,0) -> 1 | L11: =VLOOKUP($C11,Sheet2!$A$2:$E$10,5,0) -> Bin | M11: =J11/K11 -> 10 | O11: GJ01KT7585 | P11: 12504Q100216
A12: G/I/25-26/01130 | B12: 11Y589043367AC5 | C12: 5A120M58U50 | D12: =VLOOKUP($C12,Sheet2!$A$2:$B$10,2,0) -> 114010-50830 | E12: CYLINDER ASSY,BK MASTER W/ECU | F12: 45972 | G12: 0.27083333 | H12: CA-01 | I12: AC5 | J12: 10 | K12: =VLOOKUP($C12,Sheet2!$A$2:$D$10,4,0) -> 1 | L12: =VLOOKUP($C12,Sheet2!$A$2:$E$10,5,0) -> Bin | M12: =J12/K12 -> 10 | O12: GJ01KT7585 | P12: 12504Q100271
M13: 43 | N13: 4
A14: G/I/25-26/01131 | B14: 11Y589043065AC5 | C14: 55101M58U10 | D14: =VLOOKUP($C14,Sheet2!$A$2:$B$10,2,0) -> 141110-14600 | E14: CALIPER ASSY,FRONT BRAKE,R | F14: 45972 | G14: 0.3125 | H14: CA-07 | I14: AC5 | J14: 18 | K14: =VLOOKUP($C14,Sheet2!$A$2:$D$10,4,0) -> 18 | L14: =VLOOKUP($C14,Sheet2!$A$2:$E$10,5,0) -> Trolley (H) | N14: 1 | O14: GJ02ZZ7144 | P14: AN0250008573
A15: G/I/25-26/01131 | B15: 11Y589043090AC5 | C15: 55102M58U10 | D15: =VLOOKUP($C15,Sheet2!$A$2:$B$10,2,0) -> 141120-14600 | E15: CALIPER ASSY,FRONT BRAKE,L | F15: 45972 | G15: 0.3125 | H15: CA-07 | I15: AC5 | J15: 18 | K15: =VLOOKUP($C15,Sheet2!$A$2:$D$10,4,0) -> 18 | L15: =VLOOKUP($C15,Sheet2!$A$2:$E$10,5,0) -> Trolley (H) | O15: GJ02ZZ7144 | P15: AN0250008573
A16: G/I/25-26/01131 | B16: 11Y589043138AC5 | C16: 55311M58U00 | D16: =VLOOKUP($C16,Sheet2!$A$2:$B$10,2,0) -> 141185-74670 | E16: DISC,FRONT BRAKE | F16: 45972 | G16: 0.3125 | H16: CA-07 | I16: AC5 | J16: 40 | K16: =VLOOKUP($C16,Sheet2!$A$2:$D$10,4,0) -> 40 | L16: =VLOOKUP($C16,Sheet2!$A$2:$E$10,5,0) -> Trolley | N16: =J16/K16 -> 1 | O16: GJ02ZZ7144 | P16: 910101143
A17: G/I/25-26/01131 | B17: 11Y589043170AC5 | C17: 55401M58U00 | D17: =VLOOKUP($C17,Sheet2!$A$2:$B$10,2,0) -> 141140-91211 | E17: CALIPER ASSY,REAR BRAKE,R | F17: 45972 | G17: 0.3125 | H17: CA-21 | I17: AC5 | J17: 20 | K17: =VLOOKUP($C17,Sheet2!$A$2:$D$10,4,0) -> 2 | L17: =VLOOKUP($C17,Sheet2!$A$2:$E$10,5,0) -> Bin | M17: =J17/K17 -> 10 | O17: GJ02ZZ7144 | P17: 12508Q100183
A18: G/I/25-26/01131 | B18: 11Y589043219AC5 | C18: 55402M58U00 | D18: =VLOOKUP($C18,Sheet2!$A$2:$B$10,2,0) -> 141150-91211 | E18: CALIPER ASSY,REAR BRAKE,L | F18: 45972 | G18: 0.3125 | H18: CA-21 | I18: AC5 | J18: 20 | K18: =VLOOKUP($C18,Sheet2!$A$2:$D$10,4,0) -> 2 | L18: =VLOOKUP($C18,Sheet2!$A$2:$E$10,5,0) -> Bin | M18: =J18/K18 -> 10 | O18: GJ02ZZ7144 | P18: 12508Q100183
A19: G/I/25-26/01131 | B19: 11Y589043243AC5 | C19: 55611M58U00 | D19: =VLOOKUP($C19,Sheet2!$A$2:$B$10,2,0) -> 141186-74360 | E19: DISC,REAR BRAKE | F19: 45972 | G19: 0.3125 | H19: CA-21 | I19: AC5 | J19: 40 | K19: =VLOOKUP($C19,Sheet2!$A$2:$D$10,4,0) -> 40 | L19: =VLOOKUP($C19,Sheet2!$A$2:$E$10,5,0) -> Trolley | N19: =J19/K19 -> 1 | O19: GJ02ZZ7144 | P19: 910102394
A20: G/I/25-26/01132 | B20: 11Y589043294AC5 | C20: 56110M58UA1 | D20: =VLOOKUP($C20,Sheet2!$A$2:$B$10,2,0) -> 116040-92240 | E20: ACTUATOR ASSY,NO VARIANT ESP | F20: 45972 | G20: 0.3125 | H20: CA-01 | I20: AC5 | J20: 18 | K20: =VLOOKUP($C20,Sheet2!$A$2:$D$10,4,0) -> 6 | L20: =VLOOKUP($C20,Sheet2!$A$2:$E$10,5,0) -> Bin | M20: =J20/K20 -> 3 | O20: GJ02ZZ7144 | P20: 12505Q100051
A21: G/I/25-26/01132 | B21: 11Y589043332AC5 | C21: 5A120M58U01 | D21: =VLOOKUP($C21,Sheet2!$A$2:$B$10,2,0) -> 114010-50820 | E21: CYLINDER ASSY,BK MASTER W/ECU | F21: 45972 | G21: 0.3125 | H21: CA-01 | I21: AC5 | J21: 9 | K21: =VLOOKUP($C21,Sheet2!$A$2:$D$10,4,0) -> 1 | L21: =VLOOKUP($C21,Sheet2!$A$2:$E$10,5,0) -> Bin | M21: =J21/K21 -> 9 | O21: GJ02ZZ7144 | P21: 12504Q100216
A22: G/I/25-26/01132 | B22: 11Y589043375AC5 | C22: 5A120M58U50 | D22: =VLOOKUP($C22,Sheet2!$A$2:$B$10,2,0) -> 114010-50830 | E22: CYLINDER ASSY,BK MASTER W/ECU | F22: 45972 | G22: 0.3125 | H22: CA-01 | I22: AC5 | J22: 11 | K22: =VLOOKUP($C22,Sheet2!$A$2:$D$10,4,0) -> 1 | L22: =VLOOKUP($C22,Sheet2!$A$2:$E$10,5,0) -> Bin | M22: =J22/K22 -> 11 | O22: GJ02ZZ7144 | P22: 12504Q100241- 10 Qty. / 12504Q100271-1 Qty.
A23: G/I/25-26/01133 | B23: 11Y589245512AC5 | C23: 55101M58U10 | D23: =VLOOKUP($C23,Sheet2!$A$2:$B$10,2,0) -> 141110-14600 | E23: CALIPER ASSY,FRONT BRAKE,R | F23: 45972 | G23: 0.35416667 | H23: CA-07 | I23: AC5 | J23: 18 | K23: =VLOOKUP($C23,Sheet2!$A$2:$D$10,4,0) -> 18 | L23: =VLOOKUP($C23,Sheet2!$A$2:$E$10,5,0) -> Trolley (H) | N23: 1 | O23: GJ02ZZ7144 | P23: AN0250008573
A24: G/I/25-26/01133 | B24: 11Y589242920AC5 | C24: 55102M58U10 | D24: =VLOOKUP($C24,Sheet2!$A$2:$B$10,2,0) -> 141120-14600 | E24: CALIPER ASSY,FRONT BRAKE,L | F24: 45972 | G24: 0.35416667 | H24: CA-07 | I24: AC5 | J24: 18 | K24: =VLOOKUP($C24,Sheet2!$A$2:$D$10,4,0) -> 18 | L24: =VLOOKUP($C24,Sheet2!$A$2:$E$10,5,0) -> Trolley (H) | O24: GJ02ZZ7144 | P24: AN0250008573
A25: G/I/25-26/01133 | B25: 11Y589238761AC5 | C25: 55401M58U00 | D25: =VLOOKUP($C25,Sheet2!$A$2:$B$10,2,0) -> 141140-91211 | E25: CALIPER ASSY,REAR BRAKE,R | F25: 45972 | G25: 0.35416667 | H25: CA-21 | I25: AC5 | J25: 10 | K25: =VLOOKUP($C25,Sheet2!$A$2:$D$10,4,0) -> 2 | L25: =VLOOKUP($C25,Sheet2!$A$2:$E$10,5,0) -> Bin | M25: =J25/K25 -> 5 | O25: GJ02ZZ7144 | P25: 12508Q100183
A26: G/I/25-26/01133 | B26: 11Y589241630AC5 | C26: 55402M58U00 | D26: =VLOOKUP($C26,Sheet2!$A$2:$B$10,2,0) -> 141150-91211 | E26: CALIPER ASSY,REAR BRAKE,L | F26: 45972 | G26: 0.35416667 | H26: CA-21 | I26: AC5 | J26: 10 | K26: =VLOOKUP($C26,Sheet2!$A$2:$D$10,4,0) -> 2 | L26: =VLOOKUP($C26,Sheet2!$A$2:$E$10,5,0) -> Bin | M26: =J26/K26 -> 5 | O26: GJ02ZZ7144 | P26: 12508Q100183
A27: G/I/25-26/01134 | B27: 11Y589245580AC5 | C27: 56110M58UA1 | D27: =VLOOKUP($C27,Sheet2!$A$2:$B$10,2,0) -> 116040-92240 | E27: ACTUATOR ASSY,NO VARIANT ESP | F27: 45972 | G27: 0.35416667 | H27: CA-01 | I27: AC5 | J27: 12 | K27: =VLOOKUP($C27,Sheet2!$A$2:$D$10,4,0) -> 6 | L27: =VLOOKUP($C27,Sheet2!$A$2:$E$10,5,0) -> Bin | M27: =J27/K27 -> 2 | O27: GJ02ZZ7144 | P27: 12505Q100051
A28: G/I/25-26/01134 | B28: 11Y589241088AC5 | C28: 5A120M58U01 | D28: =VLOOKUP($C28,Sheet2!$A$2:$B$10,2,0) -> 114010-50820 | E28: CYLINDER ASSY,BK MASTER W/ECU | F28: 45972 | G28: 0.35416667 | H28: CA-01 | I28: AC5 | J28: 6 | K28: =VLOOKUP($C28,Sheet2!$A$2:$D$10,4,0) -> 1 | L28: =VLOOKUP($C28,Sheet2!$A$2:$E$10,5,0) -> Bin | M28: =J28/K28 -> 6 | O28: GJ02ZZ7144 | P28: 12504Q100216
A29: G/I/25-26/01134 | B29: 11Y589238338AC5 | C29: 5A120M58U50 | D29: =VLOOKUP($C29,Sheet2!$A$2:$B$10,2,0) -> 114010-50830 | E29: CYLINDER ASSY,BK MASTER W/ECU | F29: 45972 | G29: 0.35416667 | H29: CA-01 | I29: AC5 | J29: 3 | K29: =VLOOKUP($C29,Sheet2!$A$2:$D$10,4,0) -> 1 | L29: =VLOOKUP($C29,Sheet2!$A$2:$E$10,5,0) -> Bin | M29: =J29/K29 -> 3 | O29: GJ02ZZ7144 | P29: 12504Q100271
M30: 64 | N30: 4
A31: G/I/25-26/01135 | B31: 11Y589043073AC5 | C31: 55101M58U10 | D31: =VLOOKUP($C31,Sheet2!$A$2:$B$10,2,0) -> 141110-14600 | E31: CALIPER ASSY,FRONT BRAKE,R | F31: 45972 | G31: 0.60416667 | H31: CA-07 | I31: AC5 | J31: 18 | K31: =VLOOKUP($C31,Sheet2!$A$2:$D$10,4,0) -> 18 | L31: =VLOOKUP($C31,Sheet2!$A$2:$E$10,5,0) -> Trolley (H) | N31: 1 | O31: GJ01KT7585 | P31: AN0250008573
A32: G/I/25-26/01135 | B32: 11Y589043103AC5 | C32: 55102M58U10 | D32: =VLOOKUP($C32,Sheet2!$A$2:$B$10,2,0) -> 141120-14600 | E32: CALIPER ASSY,FRONT BRAKE,L | F32: 45972 | G32: 0.60416667 | H32: CA-07 | I32: AC5 | J32: 18 | K32: =VLOOKUP($C32,Sheet2!$A$2:$D$10,4,0) -> 18 | L32: =VLOOKUP($C32,Sheet2!$A$2:$E$10,5,0) -> Trolley (H) | O32: GJ01KT7585 | P32: AN0250008573
A33: G/I/25-26/01135 | B33: 11Y589043146AC5 | C33: 55311M58U00 | D33: =VLOOKUP($C33,Sheet2!$A$2:$B$10,2,0) -> 141185-74670 | E33: DISC,FRONT BRAKE | F33: 45972 | G33: 0.60416667 | H33: CA-07 | I33: AC5 | J33: 40 | K33: =VLOOKUP($C33,Sheet2!$A$2:$D$10,4,0) -> 40 | L33: =VLOOKUP($C33,Sheet2!$A$2:$E$10,5,0) -> Trolley | N33: =J33/K33 -> 1 | O33: GJ01KT7585 | P33: 910101143
A34: G/I/25-26/01135 | B34: 11Y589043189AC5 | C34: 55401M58U00 | D34: =VLOOKUP($C34,Sheet2!$A$2:$B$10,2,0) -> 141140-91211 | E34: CALIPER ASSY,REAR BRAKE,R | F34: 45972 | G34: 0.60416667 | H34: CA-21 | I34: AC5 | J34: 20 | K34: =VLOOKUP($C34,Sheet2!$A$2:$D$10,4,0) -> 2 | L34: =VLOOKUP($C34,Sheet2!$A$2:$E$10,5,0) -> Bin | M34: =J34/K34 -> 10 | O34: GJ01KT7585 | P34: 12508Q100183
A35: G/I/25-26/01135 | B35: 11Y589043227AC5 | C35: 55402M58U00 | D35: =VLOOKUP($C35,Sheet2!$A$2:$B$10,2,0) -> 141150-91211 | E35: CALIPER ASSY,REAR BRAKE,L | F35: 45972 | G35: 0.60416667 | H35: CA-21 | I35: AC5 | J35: 20 | K35: =VLOOKUP($C35,Sheet2!$A$2:$D$10,4,0) -> 2 | L35: =VLOOKUP($C35,Sheet2!$A$2:$E$10,5,0) -> Bin | M35: =J35/K35 -> 10 | O35: GJ01KT7585 | P35: 12508Q100183
A36: G/I/25-26/01135 | B36: 11Y589043251AC5 | C36: 55611M58U00 | D36: =VLOOKUP($C36,Sheet2!$A$2:$B$10,2,0) -> 141186-74360 | E36: DISC,REAR BRAKE | F36: 45972 | G36: 0.60416667 | H36: CA-21 | I36: AC5 | J36: 40 | K36: =VLOOKUP($C36,Sheet2!$A$2:$D$10,4,0) -> 40 | L36: =VLOOKUP($C36,Sheet2!$A$2:$E$10,5,0) -> Trolley | N36: =J36/K36 -> 1 | O36: GJ01KT7585 | P36: 910102394
A37: G/I/25-26/01136 | B37: 11Y589043308AC5 | C37: 56110M58UA1 | D37: =VLOOKUP($C37,Sheet2!$A$2:$B$10,2,0) -> 116040-92240 | E37: ACTUATOR ASSY,NO VARIANT ESP | F37: 45972 | G37: 0.60416667 | H37: CA-01 | I37: AC5 | J37: 24 | K37: =VLOOKUP($C37,Sheet2!$A$2:$D$10,4,0) -> 6 | L37: =VLOOKUP($C37,Sheet2!$A$2:$E$10,5,0) -> Bin | M37: =J37/K37 -> 4 | O37: GJ01KT7585 | P37: 12505Q100051
A38: G/I/25-26/01136 | B38: 11Y589043340AC5 | C38: 5A120M58U01 | D38: =VLOOKUP($C38,Sheet2!$A$2:$B$10,2,0) -> 114010-50820 | E38: CYLINDER ASSY,BK MASTER W/ECU | F38: 45972 | G38: 0.60416667 | H38: CA-01 | I38: AC5 | J38: 12 | K38: =VLOOKUP($C38,Sheet2!$A$2:$D$10,4,0) -> 1 | L38: =VLOOKUP($C38,Sheet2!$A$2:$E$10,5,0) -> Bin | M38: =J38/K38 -> 12 | O38: GJ01KT7585 | P38: 12504Q100216
A39: G/I/25-26/01136 | B39: 11Y589043383AC5 | C39: 5A120M58U50 | D39: =VLOOKUP($C39,Sheet2!$A$2:$B$10,2,0) -> 114010-50830 | E39: CYLINDER ASSY,BK MASTER W/ECU | F39: 45972 | G39: 0.60416667 | H39: CA-01 | I39: AC5 | J39: 8 | K39: =VLOOKUP($C39,Sheet2!$A$2:$D$10,4,0) -> 1 | L39: =VLOOKUP($C39,Sheet2!$A$2:$E$10,5,0) -> Bin | M39: =J39/K39 -> 8 | O39: GJ01KT7585 | P39: 12504Q100271
A40: G/I/25-26/01137 | B40: 11Y589043111AC5 | C40: 55311M58U00 | D40: =VLOOKUP($C40,Sheet2!$A$2:$B$10,2,0) -> 141185-74670 | E40: DISC,FRONT BRAKE | F40: 45972 | G40: 0.8125 | H40: CA-07 | I40: AC5 | J40: 80 | K40: =VLOOKUP($C40,Sheet2!$A$2:$D$10,4,0) -> 40 | L40: =VLOOKUP($C40,Sheet2!$A$2:$E$10,5,0) -> Trolley | N40: =J40/K40 -> 2 | O40: GJ01KT7585 | P40: 910101143 -28 Qty. / 910101603-52 Qty.
A41: G/I/25-26/01137 | B41: 11Y589043154AC5 | C41: 55401M58U00 | D41: =VLOOKUP($C41,Sheet2!$A$2:$B$10,2,0) -> 141140-91211 | E41: CALIPER ASSY,REAR BRAKE,R | F41: 45972 | G41: 0.8125 | H41: CA-21 | I41: AC5 | J41: 24 | K41: =VLOOKUP($C41,Sheet2!$A$2:$D$10,4,0) -> 2 | L41: =VLOOKUP($C41,Sheet2!$A$2:$E$10,5,0) -> Bin | M41: =J41/K41 -> 12 | O41: GJ01KT7585 | P41: 12508Q100183
A42: G/I/25-26/01137 | B42: 11Y589043197AC5 | C42: 55402M58U00 | D42: =VLOOKUP($C42,Sheet2!$A$2:$B$10,2,0) -> 141150-91211 | E42: CALIPER ASSY,REAR BRAKE,L | F42: 45972 | G42: 0.8125 | H42: CA-21 | I42: AC5 | J42: 24 | K42: =VLOOKUP($C42,Sheet2!$A$2:$D$10,4,0) -> 2 | L42: =VLOOKUP($C42,Sheet2!$A$2:$E$10,5,0) -> Bin | M42: =J42/K42 -> 12 | O42: GJ01KT7585 | P42: 12508Q100183
A43: G/I/25-26/01137 | B43: 11Y589043260AC5 | C43: 55611M58U00 | D43: =VLOOKUP($C43,Sheet2!$A$2:$B$10,2,0) -> 141186-74360 | E43: DISC,REAR BRAKE | F43: 45972 | G43: 0.8125 | H43: CA-21 | I43: AC5 | J43: 40 | K43: =VLOOKUP($C43,Sheet2!$A$2:$D$10,4,0) -> 40 | L43: =VLOOKUP($C43,Sheet2!$A$2:$E$10,5,0) -> Trolley | N43: =J43/K43 -> 1 | O43: GJ01KT7585 | P43: 910102507
A44: G/I/25-26/01138 | B44: 11Y589043278AC5 | C44: 56110M58UA1 | D44: =VLOOKUP($C44,Sheet2!$A$2:$B$10,2,0) -> 116040-92240 | E44: ACTUATOR ASSY,NO VARIANT ESP | F44: 45972 | G44: 0.8125 | H44: CA-01 | I44: AC5 | J44: 24 | K44: =VLOOKUP($C44,Sheet2!$A$2:$D$10,4,0) -> 6 | L44: =VLOOKUP($C44,Sheet2!$A$2:$E$10,5,0) -> Bin | M44: =J44/K44 -> 4 | O44: GJ01KT7585 | P44: 12505Q100051
A45: G/I/25-26/01138 | B45: 11Y589043316AC5 | C45: 5A120M58U01 | D45: =VLOOKUP($C45,Sheet2!$A$2:$B$10,2,0) -> 114010-50820 | E45: CYLINDER ASSY,BK MASTER W/ECU | F45: 45972 | G45: 0.8125 | H45: CA-01 | I45: AC5 | J45: 10 | K45: =VLOOKUP($C45,Sheet2!$A$2:$D$10,4,0) -> 1 | L45: =VLOOKUP($C45,Sheet2!$A$2:$E$10,5,0) -> Bin | M45: =J45/K45 -> 10 | O45: GJ01KT7585 | P45: 12504Q100216
A46: G/I/25-26/01138 | B46: 11Y589043359AC5 | C46: 5A120M58U50 | D46: =VLOOKUP($C46,Sheet2!$A$2:$B$10,2,0) -> 114010-50830 | E46: CYLINDER ASSY,BK MASTER W/ECU | F46: 45972 | G46: 0.8125 | H46: CA-01 | I46: AC5 | J46: 15 | K46: =VLOOKUP($C46,Sheet2!$A$2:$D$10,4,0) -> 1 | L46: =VLOOKUP($C46,Sheet2!$A$2:$E$10,5,0) -> Bin | M46: =J46/K46 -> 15 | O46: GJ01KT7585 | P46: 12504Q100271
M47: 53 | N47: 3

Sheet 12-11-2025
A1: Dailly SMG Pick List | J1: 24AACCN5739J1ZA
A2: Supply Month | B2: 45973 | L2: Vehicle No
A3: INVOICE NO | B3: KANBAN NO | C3: PART NUMBER | D3: Material Code | E3: PART NAME | F3: SUPPLY DATE | G3: SUPPLY TIME | H3: UNLOADING LOC | I3: Line | J3: Qty Req | K3: Packing Standerd | L3: Packed in | M3: TTL Bin | N3: TORLLY | O3: Vehicle No | P3: INV NO
A4: G/I/25-26/01139 | B4: 12Y589722957AC5 | C4: 55101M58U10 | D4: =VLOOKUP($C4,Sheet2!$A$2:$B$10,2,0) -> 141110-14600 | E4: CALIPER ASSY,FRONT BRAKE,R | F4: 45973 | G4: 0.27083333 | H4: CA-07 | I4: AC5 | J4: 18 | K4: =VLOOKUP($C4,Sheet2!$A$2:$D$10,4,0) -> 18 | L4: =VLOOKUP($C4,Sheet2!$A$2:$E$10,5,0) -> Trolley (H) | N4: 1 | O4: GJ02ZZ7144 | P4: AN0250008573 | S4: Gate Entry Done
A5: G/I/25-26/01139 | B5: 12Y589722990AC5 | C5: 55102M58U10 | D5: =VLOOKUP($C5,Sheet2!$A$2:$B$10,2,0) -> 141120-14600 | E5: CALIPER ASSY,FRONT BRAKE,L | F5: 45973 | G5: 0.27083333 | H5: CA-07 | I5: AC5 | J5: 18 | K5: =VLOOKUP($C5,Sheet2!$A$2:$D$10,4,0) -> 18 | L5: =VLOOKUP($C5,Sheet2!$A$2:$E$10,5,0) -> Trolley (H) | O5: GJ02ZZ7144 | P5: AN0250008573 | S5: SRV done
A6: G/I/25-26/01139 | B6: 12Y589723031AC5 | C6: 55311M58U00 | D6: =VLOOKUP($C6,Sheet2!$A$2:$B$10,2,0) -> 141185-74670 | E6: DISC,FRONT BRAKE | F6: 45973 | G6: 0.27083333 | H6: CA-07 | I6: AC5 | J6: 40 | K6: =VLOOKUP($C6,Sheet2!$A$2:$D$10,4,0) -> 40 | L6: =VLOOKUP($C6,Sheet2!$A$2:$E$10,5,0) -> Trolley | N6: =J6/K6 -> 1 | O6: GJ02ZZ7144 | P6: 910101603 | S6: Gate Entry & SRV pending
A7: G/I/25-26/01139 | B7: 12Y589723074AC5 | C7: 55401M58U00 | D7: =VLOOKUP($C7,Sheet2!$A$2:$B$10,2,0) -> 141140-91211 | E7: CALIPER ASSY,REAR BRAKE,R | F7: 45973 | G7: 0.27083333 | H7: CA-21 | I7: AC5 | J7: 20 | K7: =VLOOKUP($C7,Sheet2!$A$2:$D$10,4,0) -> 2 | L7: =VLOOKUP($C7,Sheet2!$A$2:$E$10,5,0) -> Bin | M7: =J7/K7 -> 10 | O7: GJ02ZZ7144 | P7: 12508Q100183
A8: G/I/25-26/01139 | B8: 12Y589723112AC5 | C8: 55402M58U00 | D8: =VLOOKUP($C8,Sheet2!$A$2:$B$10,2,0) -> 141150-91211 | E8: CALIPER ASSY,REAR BRAKE,L | F8: 45973 | G8: 0.27083333 | H8: CA-21 | I8: AC5 | J8: 20 | K8: =VLOOKUP($C8,Sheet2!$A$2:$D$10,4,0) -> 2 | L8: =VLOOKUP($C8,Sheet2!$A$2:$E$10,5,0) -> Bin | M8: =J8/K8 -> 10 | O8: GJ02ZZ7144 | P8: 12508Q100183
A9: G/I/25-26/01139 | B9: 12Y589723155AC5 | C9: 55611M58U00 | D9: =VLOOKUP($C9,Sheet2!$A$2:$B$10,2,0) -> 141186-74360 | E9: DISC,REAR BRAKE | F9: 45973 | G9: 0.27083333 | H9: CA-21 | I9: AC5 | J9: 40 | K9: =VLOOKUP($C9,Sheet2!$A$2:$D$10,4,0) -> 40 | L9: =VLOOKUP($C9,Sheet2!$A$2:$E$10,5,0) -> Trolley | N9: =J9/K9 -> 1 | O9: GJ02ZZ7144 | P9: 910102507
A10: G/I/25-26/01140 | B10: 12Y589723198AC5 | C10: 56110M58UA1 | D10: =VLOOKUP($C10,Sheet2!$A$2:$B$10,2,0) -> 116040-92240 | E10: ACTUATOR ASSY,NO VARIANT ESP | F10: 45973 | G10: 0.27083333 | H10: CA-01 | I10: AC5 | J10: 18 | K10: =VLOOKUP($C10,Sheet2!$A$2:$D$10,4,0) -> 6 | L10: =VLOOKUP($C10,Sheet2!$A$2:$E$10,5,0) -> Bin | M10: =J10/K10 -> 3 | O10: GJ02ZZ7144 | P10: 12505Q100051
A11: G/I/25-26/01140 | B11: 12Y589723236AC5 | C11: 5A120M58U01 | D11: =VLOOKUP($C11,Sheet2!$A$2:$B$10,2,0) -> 114010-50820 | E11: CYLINDER ASSY,BK MASTER W/ECU | F11: 45973 | G11: 0.27083333 | H11: CA-01 | I11: AC5 | J11: 6 | K11: =VLOOKUP($C11,Sheet2!$A$2:$D$10,4,0) -> 1 | L11: =VLOOKUP($C11,Sheet2!$A$2:$E$10,5,0) -> Bin | M11: =J11/K11 -> 6 | O11: GJ02ZZ7144 | P11: 12504Q100216
A12: G/I/25-26/01140 | B12: 12Y589723279AC5 | C12: 5A120M58U50 | D12: =VLOOKUP($C12,Sheet2!$A$2:$B$10,2,0) -> 114010-50830 | E12: CYLINDER ASSY,BK MASTER W/ECU | F12: 45973 | G12: 0.27083333 | H12: CA-01 | I12: AC5 | J12: 14 | K12: =VLOOKUP($C12,Sheet2!$A$2:$D$10,4,0) -> 1 | L12: =VLOOKUP($C12,Sheet2!$A$2:$E$10,5,0) -> Bin | M12: =J12/K12 -> 14 | O12: GJ02ZZ7144 | P12: 12504Q100271
A13: G/I/25-26/01141 | B13: 12Y589722965AC5 | C13: 55101M58U10 | D13: =VLOOKUP($C13,Sheet2!$A$2:$B$10,2,0) -> 141110-14600 | E13: CALIPER ASSY,FRONT BRAKE,R | F13: 45973 | G13: 0.3125 | H13: CA-07 | I13: AC5 | J13: 18 | K13: =VLOOKUP($C13,Sheet2!$A$2:$D$10,4,0) -> 18 | L13: =VLOOKUP($C13,Sheet2!$A$2:$E$10,5,0) -> Trolley (H) | N13: 1 | O13: GJ02ZZ7144 | P13: AN0250008573
A14: G/I/25-26/01141 | B14: 12Y589723007AC5 | C14: 55102M58U10 | D14: =VLOOKUP($C14,Sheet2!$A$2:$B$10,2,0) -> 141120-14600 | E14: CALIPER ASSY,FRONT BRAKE,L | F14: 45973 | G14: 0.3125 | H14: CA-07 | I14: AC5 | J14: 18 | K14: =VLOOKUP($C14,Sheet2!$A$2:$D$10,4,0) -> 18 | L14: =VLOOKUP($C14,Sheet2!$A$2:$E$10,5,0) -> Trolley (H) | O14: GJ02ZZ7144 | P14: AN0250008573
A15: G/I/25-26/01141 | B15: 12Y589723040AC5 | C15: 55311M58U00 | D15: =VLOOKUP($C15,Sheet2!$A$2:$B$10,2,0) -> 141185-74670 | E15: DISC,FRONT BRAKE | F15: 45973 | G15: 0.3125 | H15: CA-07 | I15: AC5 | J15: 40 | K15: =VLOOKUP($C15,Sheet2!$A$2:$D$10,4,0) -> 40 | L15: =VLOOKUP($C15,Sheet2!$A$2:$E$10,5,0) -> Trolley | N15: =J15/K15 -> 1 | O15: GJ02ZZ7144 | P15: 910101603
A16: G/I/25-26/01141 | B16: 12Y589723082AC5 | C16: 55401M58U00 | D16: =VLOOKUP($C16,Sheet2!$A$2:$B$10,2,0) -> 141140-91211 | E16: CALIPER ASSY,REAR BRAKE,R | F16: 45973 | G16: 0.3125 | H16: CA-21 | I16: AC5 | J16: 20 | K16: =VLOOKUP($C16,Sheet2!$A$2:$D$10,4,0) -> 2 | L16: =VLOOKUP($C16,Sheet2!$A$2:$E$10,5,0) -> Bin | M16: =J16/K16 -> 10 | O16: GJ02ZZ7144 | P16: 12508Q100183
A17: G/I/25-26/01141 | B17: 12Y589723120AC5 | C17: 55402M58U00 | D17: =VLOOKUP($C17,Sheet2!$A$2:$B$10,2,0) -> 141150-91211 | E17: CALIPER ASSY,REAR BRAKE,L | F17: 45973 | G17: 0.3125 | H17: CA-21 | I17: AC5 | J17: 20 | K17: =VLOOKUP($C17,Sheet2!$A$2:$D$10,4,0) -> 2 | L17: =VLOOKUP($C17,Sheet2!$A$2:$E$10,5,0) -> Bin | M17: =J17/K17 -> 10 | O17: GJ02ZZ7144 | P17: 12508Q100183
A18: G/I/25-26/01141 | B18: 12Y589723163AC5 | C18: 55611M58U00 | D18: =VLOOKUP($C18,Sheet2!$A$2:$B$10,2,0) -> 141186-74360 | E18: DISC,REAR BRAKE | F18: 45973 | G18: 0.3125 | H18: CA-21 | I18: AC5 | J18: 40 | K18: =VLOOKUP($C18,Sheet2!$A$2:$D$10,4,0) -> 40 | L18: =VLOOKUP($C18,Sheet2!$A$2:$E$10,5,0) -> Trolley | N18: =J18/K18 -> 1 | O18: GJ02ZZ7144 | P18: 910102507 - 2 Qty. / 910102384 - 38 Qty.
A19: G/I/25-26/01142 | B19: 12Y589723201AC5 | C19: 56110M58UA1 | D19: =VLOOKUP($C19,Sheet2!$A$2:$B$10,2,0) -> 116040-92240 | E19: ACTUATOR ASSY,NO VARIANT ESP | F19: 45973 | G19: 0.3125 | H19: CA-01 | I19: AC5 | J19: 24 | K19: =VLOOKUP($C19,Sheet2!$A$2:$D$10,4,0) -> 6 | L19: =VLOOKUP($C19,Sheet2!$A$2:$E$10,5,0) -> Bin | M19: =J19/K19 -> 4 | O19: GJ02ZZ7144 | P19: 12505Q100051
A20: G/I/25-26/01142 | B20: 12Y589723244AC5 | C20: 5A120M58U01 | D20: =VLOOKUP($C20,Sheet2!$A$2:$B$10,2,0) -> 114010-50820 | E20: CYLINDER ASSY,BK MASTER W/ECU | F20: 45973 | G20: 0.3125 | H20: CA-01 | I20: AC5 | J20: 10 | K20: =VLOOKUP($C20,Sheet2!$A$2:$D$10,4,0) -> 1 | L20: =VLOOKUP($C20,Sheet2!$A$2:$E$10,5,0) -> Bin | M20: =J20/K20 -> 10 | O20: GJ02ZZ7144 | P20: 12504Q100216
A21: G/I/25-26/01142 | B21: 12Y589723287AC5 | C21: 5A120M58U50 | D21: =VLOOKUP($C21,Sheet2!$A$2:$B$10,2,0) -> 114010-50830 | E21: CYLINDER ASSY,BK MASTER W/ECU | F21: 45973 | G21: 0.3125 | H21: CA-01 | I21: AC5 | J21: 10 | K21: =VLOOKUP($C21,Sheet2!$A$2:$D$10,4,0) -> 1 | L21: =VLOOKUP($C21,Sheet2!$A$2:$E$10,5,0) -> Bin | M21: =J21/K21 -> 10 | O21: GJ02ZZ7144 | P21: 12504Q100271
A22: G/I/25-26/01143 | B22: 12Y589857623AC5 | C22: 55101M58U10 | D22: =VLOOKUP($C22,Sheet2!$A$2:$B$10,2,0) -> 141110-14600 | E22: CALIPER ASSY,FRONT BRAKE,R | F22: 45973 | G22: 0.35416667 | H22: CA-07 | I22: AC5 | J22: 18 | K22: =VLOOKUP($C22,Sheet2!$A$2:$D$10,4,0) -> 18 | L22: =VLOOKUP($C22,Sheet2!$A$2:$E$10,5,0) -> Trolley (H) | N22: 1 | O22: GJ02ZZ7144 | P22: AN0250008573
A23: G/I/25-26/01143 | B23: 12Y589856830AC5 | C23: 55102M58U10 | D23: =VLOOKUP($C23,Sheet2!$A$2:$B$10,2,0) -> 141120-14600 | E23: CALIPER ASSY,FRONT BRAKE,L | F23: 45973 | G23: 0.35416667 | H23: CA-07 | I23: AC5 | J23: 18 | K23: =VLOOKUP($C23,Sheet2!$A$2:$D$10,4,0) -> 18 | L23: =VLOOKUP($C23,Sheet2!$A$2:$E$10,5,0) -> Trolley (H) | O23: GJ02ZZ7144 | P23: AN0250008573
A24: G/I/25-26/01143 | B24: 12Y589860349AC5 | C24: 55401M58U00 | D24: =VLOOKUP($C24,Sheet2!$A$2:$B$10,2,0) -> 141140-91211 | E24: CALIPER ASSY,REAR BRAKE,R | F24: 45973 | G24: 0.35416667 | H24: CA-21 | I24: AC5 | J24: 4 | K24: =VLOOKUP($C24,Sheet2!$A$2:$D$10,4,0) -> 2 | L24: =VLOOKUP($C24,Sheet2!$A$2:$E$10,5,0) -> Bin | M24: =J24/K24 -> 2 | O24: GJ02ZZ7144 | P24: 12508Q100183
A25: G/I/25-26/01143 | B25: 12Y589858425AC5 | C25: 55402M58U00 | D25: =VLOOKUP($C25,Sheet2!$A$2:$B$10,2,0) -> 141150-91211 | E25: CALIPER ASSY,REAR BRAKE,L | F25: 45973 | G25: 0.35416667 | H25: CA-21 | I25: AC5 | J25: 4 | K25: =VLOOKUP($C25,Sheet2!$A$2:$D$10,4,0) -> 2 | L25: =VLOOKUP($C25,Sheet2!$A$2:$E$10,5,0) -> Bin | M25: =J25/K25 -> 2 | O25: GJ02ZZ7144 | P25: 12508Q100183
A26: G/I/25-26/01144 | B26: 12Y589857461AC5 | C26: 56110M58UA1 | D26: =VLOOKUP($C26,Sheet2!$A$2:$B$10,2,0) -> 116040-92240 | E26: ACTUATOR ASSY,NO VARIANT ESP | F26: 45973 | G26: 0.35416667 | H26: CA-01 | I26: AC5 | J26: 6 | K26: =VLOOKUP($C26,Sheet2!$A$2:$D$10,4,0) -> 6 | L26: =VLOOKUP($C26,Sheet2!$A$2:$E$10,5,0) -> Bin | M26: =J26/K26 -> 1 | O26: GJ02ZZ7144 | P26: 12505Q100064
A27: G/I/25-26/01144 | B27: 12Y589858158AC5 | C27: 5A120M58U01 | D27: =VLOOKUP($C27,Sheet2!$A$2:$B$10,2,0) -> 114010-50820 | E27: CYLINDER ASSY,BK MASTER W/ECU | F27: 45973 | G27: 0.35416667 | H27: CA-01 | I27: AC5 | J27: 3 | K27: =VLOOKUP($C27,Sheet2!$A$2:$D$10,4,0) -> 1 | L27: =VLOOKUP($C27,Sheet2!$A$2:$E$10,5,0) -> Bin | M27: =J27/K27 -> 3 | O27: GJ02ZZ7144 | P27: 12504Q100216
A28: G/I/25-26/01144 | B28: 12Y589859626AC5 | C28: 5A120M58U50 | D28: =VLOOKUP($C28,Sheet2!$A$2:$B$10,2,0) -> 114010-50830 | E28: CYLINDER ASSY,BK MASTER W/ECU | F28: 45973 | G28: 0.35416667 | H28: CA-01 | I28: AC5 | J28: 1 | K28: =VLOOKUP($C28,Sheet2!$A$2:$D$10,4,0) -> 1 | L28: =VLOOKUP($C28,Sheet2!$A$2:$E$10,5,0) -> Bin | M28: =J28/K28 -> 1 | O28: GJ02ZZ7144 | P28: 12504Q100271
M29: 96 | N29: 7
A30: G/I/25-26/01145 | B30: 12Y589722973AC5 | C30: 55101M58U10 | D30: =VLOOKUP($C30,Sheet2!$A$2:$B$10,2,0) -> 141110-14600 | E30: CALIPER ASSY,FRONT BRAKE,R | F30: 45973 | G30: 0.60416667 | H30: CA-07 | I30: AC5 | J30: 18 | K30: =VLOOKUP($C30,Sheet2!$A$2:$D$10,4,0) -> 18 | L30: =VLOOKUP($C30,Sheet2!$A$2:$E$10,5,0) -> Trolley (H) | N30: 1 | O30: GJ23Y8525 | P30: AN0250008573
A31: G/I/25-26/01145 | B31: 12Y589723015AC5 | C31: 55102M58U10 | D31: =VLOOKUP($C31,Sheet2!$A$2:$B$10,2,0) -> 141120-14600 | E31: CALIPER ASSY,FRONT BRAKE,L | F31: 45973 | G31: 0.60416667 | H31: CA-07 | I31: AC5 | J31: 18 | K31: =VLOOKUP($C31,Sheet2!$A$2:$D$10,4,0) -> 18 | L31: =VLOOKUP($C31,Sheet2!$A$2:$E$10,5,0) -> Trolley (H) | O31: GJ23Y8525 | P31: AN0250008573
A32: G/I/25-26/01145 | B32: 12Y589723058AC5 | C32: 55311M58U00 | D32: =VLOOKUP($C32,Sheet2!$A$2:$B$10,2,0) -> 141185-74670 | E32: DISC,FRONT BRAKE | F32: 45973 | G32: 0.60416667 | H32: CA-07 | I32: AC5 | J32: 40 | K32: =VLOOKUP($C32,Sheet2!$A$2:$D$10,4,0) -> 40 | L32: =VLOOKUP($C32,Sheet2!$A$2:$E$10,5,0) -> Trolley | N32: =J32/K32 -> 1 | O32: GJ23Y8525 | P32: 910101603
A33: G/I/25-26/01145 | B33: 12Y589723090AC5 | C33: 55401M58U00 | D33: =VLOOKUP($C33,Sheet2!$A$2:$B$10,2,0) -> 141140-91211 | E33: CALIPER ASSY,REAR BRAKE,R | F33: 45973 | G33: 0.60416667 | H33: CA-21 | I33: AC5 | J33: 20 | K33: =VLOOKUP($C33,Sheet2!$A$2:$D$10,4,0) -> 2 | L33: =VLOOKUP($C33,Sheet2!$A$2:$E$10,5,0) -> Bin | M33: =J33/K33 -> 10 | O33: GJ23Y8525 | P33: 12508Q100183
A34: G/I/25-26/01145 | B34: 12Y589723139AC5 | C34: 55402M58U00 | D34: =VLOOKUP($C34,Sheet2!$A$2:$B$10,2,0) -> 141150-91211 | E34: CALIPER ASSY,REAR BRAKE,L | F34: 45973 | G34: 0.60416667 | H34: CA-21 | I34: AC5 | J34: 20 | K34: =VLOOKUP($C34,Sheet2!$A$2:$D$10,4,0) -> 2 | L34: =VLOOKUP($C34,Sheet2!$A$2:$E$10,5,0) -> Bin | M34: =J34/K34 -> 10 | O34: GJ23Y8525 | P34: 12508Q100183
A35: G/I/25-26/01145 | B35: 12Y589723171AC5 | C35: 55611M58U00 | D35: =VLOOKUP($C35,Sheet2!$A$2:$B$10,2,0) -> 141186-74360 | E35: DISC,REAR BRAKE | F35: 45973 | G35: 0.60416667 | H35: CA-21 | I35: AC5 | J35: 40 | K35: =VLOOKUP($C35,Sheet2!$A$2:$D$10,4,0) -> 40 | L35: =VLOOKUP($C35,Sheet2!$A$2:$E$10,5,0) -> Trolley | N35: =J35/K35 -> 1 | O35: GJ23Y8525 | P35: 910102507
A36: G/I/25-26/01146 | B36: 12Y589723210AC5 | C36: 56110M58UA1 | D36: =VLOOKUP($C36,Sheet2!$A$2:$B$10,2,0) -> 116040-92240 | E36: ACTUATOR ASSY,NO VARIANT ESP | F36: 45973 | G36: 0.60416667 | H36: CA-01 | I36: AC5 | J36: 18 | K36: =VLOOKUP($C36,Sheet2!$A$2:$D$10,4,0) -> 6 | L36: =VLOOKUP($C36,Sheet2!$A$2:$E$10,5,0) -> Bin | M36: =J36/K36 -> 3 | O36: GJ23Y8525 | P36: 12505Q100064
A37: G/I/25-26/01146 | B37: 12Y589723252AC5 | C37: 5A120M58U01 | D37: =VLOOKUP($C37,Sheet2!$A$2:$B$10,2,0) -> 114010-50820 | E37: CYLINDER ASSY,BK MASTER W/ECU | F37: 45973 | G37: 0.60416667 | H37: CA-01 | I37: AC5 | J37: 11 | K37: =VLOOKUP($C37,Sheet2!$A$2:$D$10,4,0) -> 1 | L37: =VLOOKUP($C37,Sheet2!$A$2:$E$10,5,0) -> Bin | M37: =J37/K37 -> 11 | O37: GJ23Y8525 | P37: 12504Q100216
A38: G/I/25-26/01146 | B38: 12Y589723295AC5 | C38: 5A120M58U50 | D38: =VLOOKUP($C38,Sheet2!$A$2:$B$10,2,0) -> 114010-50830 | E38: CYLINDER ASSY,BK MASTER W/ECU | F38: 45973 | G38: 0.60416667 | H38: CA-01 | I38: AC5 | J38: 9 | K38: =VLOOKUP($C38,Sheet2!$A$2:$D$10,4,0) -> 1 | L38: =VLOOKUP($C38,Sheet2!$A$2:$E$10,5,0) -> Bin | M38: =J38/K38 -> 9 | O38: GJ23Y8525 | P38: 12504Q100271
A39: G/I/25-26/01147 | B39: 12Y589722949AC5 | C39: 55101M58U10 | D39: =VLOOKUP($C39,Sheet2!$A$2:$B$10,2,0) -> 141110-14600 | E39: CALIPER ASSY,FRONT BRAKE,R | F39: 45973 | G39: 0.8125 | H39: CA-07 | I39: AC5 | J39: 18 | K39: =VLOOKUP($C39,Sheet2!$A$2:$D$10,4,0) -> 18 | L39: =VLOOKUP($C39,Sheet2!$A$2:$E$10,5,0) -> Trolley (H) | N39: 1 | O39: GJ23Y8525 | P39: AN0250008573
A40: G/I/25-26/01147 | B40: 12Y589722981AC5 | C40: 55102M58U10 | D40: =VLOOKUP($C40,Sheet2!$A$2:$B$10,2,0) -> 141120-14600 | E40: CALIPER ASSY,FRONT BRAKE,L | F40: 45973 | G40: 0.8125 | H40: CA-07 | I40: AC5 | J40: 18 | K40: =VLOOKUP($C40,Sheet2!$A$2:$D$10,4,0) -> 18 | L40: =VLOOKUP($C40,Sheet2!$A$2:$E$10,5,0) -> Trolley (H) | O40: GJ23Y8525 | P40: AN0250008573
A41: G/I/25-26/01147 | B41: 12Y589723023AC5 | C41: 55311M58U00 | D41: =VLOOKUP($C41,Sheet2!$A$2:$B$10,2,0) -> 141185-74670 | E41: DISC,FRONT BRAKE | F41: 45973 | G41: 0.8125 | H41: CA-07 | I41: AC5 | J41: 40 | K41: =VLOOKUP($C41,Sheet2!$A$2:$D$10,4,0) -> 40 | L41: =VLOOKUP($C41,Sheet2!$A$2:$E$10,5,0) -> Trolley | N41: =J41/K41 -> 1 | O41: GJ23Y8525 | P41: 910101603
A42: G/I/25-26/01147 | B42: 12Y589723066AC5 | C42: 55401M58U00 | D42: =VLOOKUP($C42,Sheet2!$A$2:$B$10,2,0) -> 141140-91211 | E42: CALIPER ASSY,REAR BRAKE,R | F42: 45973 | G42: 0.8125 | H42: CA-21 | I42: AC5 | J42: 22 | K42: =VLOOKUP($C42,Sheet2!$A$2:$D$10,4,0) -> 2 | L42: =VLOOKUP($C42,Sheet2!$A$2:$E$10,5,0) -> Bin | M42: =J42/K42 -> 11 | O42: GJ23Y8525 | P42: 12508Q100183
A43: G/I/25-26/01147 | B43: 12Y589723104AC5 | C43: 55402M58U00 | D43: =VLOOKUP($C43,Sheet2!$A$2:$B$10,2,0) -> 141150-91211 | E43: CALIPER ASSY,REAR BRAKE,L | F43: 45973 | G43: 0.8125 | H43: CA-21 | I43: AC5 | J43: 22 | K43: =VLOOKUP($C43,Sheet2!$A$2:$D$10,4,0) -> 2 | L43: =VLOOKUP($C43,Sheet2!$A$2:$E$10,5,0) -> Bin | M43: =J43/K43 -> 11 | O43: GJ23Y8525 | P43: 12508Q100183
A44: G/I/25-26/01147 | B44: 12Y589723147AC5 | C44: 55611M58U00 | D44: =VLOOKUP($C44,Sheet2!$A$2:$B$10,2,0) -> 141186-74360 | E44: DISC,REAR BRAKE | F44: 45973 | G44: 0.8125 | H44: CA-21 | I44: AC5 | J44: 80 | K44: =VLOOKUP($C44,Sheet2!$A$2:$D$10,4,0) -> 40 | L44: =VLOOKUP($C44,Sheet2!$A$2:$E$10,5,0) -> Trolley | N44: =J44/K44 -> 2 | O44: GJ23Y8525 | P44: 910102507
A45: G/I/25-26/01148 | B45: 12Y589723180AC5 | C45: 56110M58UA1 | D45: =VLOOKUP($C45,Sheet2!$A$2:$B$10,2,0) -> 116040-92240 | E45: ACTUATOR ASSY,NO VARIANT ESP | F45: 45973 | G45: 0.8125 | H45: CA-01 | I45: AC5 | J45: 18 | K45: =VLOOKUP($C45,Sheet2!$A$2:$D$10,4,0) -> 6 | L45: =VLOOKUP($C45,Sheet2!$A$2:$E$10,5,0) -> Bin | M45: =J45/K45 -> 3 | O45: GJ23Y8525 | P45: 12505Q100064
A46: G/I/25-26/01148 | B46: 12Y589723228AC5 | C46: 5A120M58U01 | D46: =VLOOKUP($C46,Sheet2!$A$2:$B$10,2,0) -> 114010-50820 | E46: CYLINDER ASSY,BK MASTER W/ECU | F46: 45973 | G46: 0.8125 | H46: CA-01 | I46: AC5 | J46: 13 | K46: =VLOOKUP($C46,Sheet2!$A$2:$D$10,4,0) -> 1 | L46: =VLOOKUP($C46,Sheet2!$A$2:$E$10,5,0) -> Bin | M46: =J46/K46 -> 13 | O46: GJ23Y8525 | P46: 12504Q100216
A47: G/I/25-26/01148 | B47: 12Y589723260AC5 | C47: 5A120M58U50 | D47: =VLOOKUP($C47,Sheet2!$A$2:$B$10,2,0) -> 114010-50830 | E47: CYLINDER ASSY,BK MASTER W/ECU | F47: 45973 | G47: 0.8125 | H47: CA-01 | I47: AC5 | J47: 8 | K47: =VLOOKUP($C47,Sheet2!$A$2:$D$10,4,0) -> 1 | L47: =VLOOKUP($C47,Sheet2!$A$2:$E$10,5,0) -> Bin | M47: =J47/K47 -> 8 | O47: GJ23Y8525 | P47: 12504Q100271
M48: 89 | N48: 7

Sheet 13-11-2025
A1: Dailly SMG Pick List | J1: 24AACCN5739J1ZA
A2: Supply Month | B2: 45974 | L2: Vehicle No
A3: INVOICE NO | B3: KANBAN NO | C3: PART NUMBER | D3: Material Code | E3: PART NAME | F3: SUPPLY DATE | G3: SUPPLY TIME | H3: UNLOADING LOC | I3: Line | J3: Qty Req | K3: Packing Standerd | L3: Packed in | M3: TTL Bin | N3: TORLLY | O3: Vehicle No | P3: INV NO
A4: G/I/25-26/01150 | B4: 13Y590421140AC5 | C4: 55101M58U10 | D4: =VLOOKUP($C4,Sheet2!$A$2:$B$10,2,0) -> 141110-14600 | E4: CALIPER ASSY,FRONT BRAKE,R | F4: 45974 | G4: 0.27083333 | H4: CA-07 | I4: AC5 | J4: 18 | K4: =VLOOKUP($C4,Sheet2!$A$2:$D$10,4,0) -> 18 | L4: =VLOOKUP($C4,Sheet2!$A$2:$E$10,5,0) -> Trolley (H) | N4: 1 | O4: GJ27TD4419 | P4: AN0250008573 | S4: Gate Entry Done
A5: G/I/25-26/01150 | B5: 13Y590425839AC5 | C5: 55102M58U10 | D5: =VLOOKUP($C5,Sheet2!$A$2:$B$10,2,0) -> 141120-14600 | E5: CALIPER ASSY,FRONT BRAKE,L | F5: 45974 | G5: 0.27083333 | H5: CA-07 | I5: AC5 | J5: 18 | K5: =VLOOKUP($C5,Sheet2!$A$2:$D$10,4,0) -> 18 | L5: =VLOOKUP($C5,Sheet2!$A$2:$E$10,5,0) -> Trolley (H) | O5: GJ27TD4419 | P5: AN0250008573 | S5: SRV done
A6: G/I/25-26/01150 | B6: 13Y590425871AC5 | C6: 55311M58U00 | D6: =VLOOKUP($C6,Sheet2!$A$2:$B$10,2,0) -> 141185-74670 | E6: DISC,FRONT BRAKE | F6: 45974 | G6: 0.27083333 | H6: CA-07 | I6: AC5 | J6: 40 | K6: =VLOOKUP($C6,Sheet2!$A$2:$D$10,4,0) -> 40 | L6: =VLOOKUP($C6,Sheet2!$A$2:$E$10,5,0) -> Trolley | N6: =J6/K6 -> 1 | O6: GJ27TD4419 | P6: 910101603 | S6: Gate Entry & SRV pending
A7: G/I/25-26/01150 | B7: 13Y590425910AC5 | C7: 55401M58U00 | D7: =VLOOKUP($C7,Sheet2!$A$2:$B$10,2,0) -> 141140-91211 | E7: CALIPER ASSY,REAR BRAKE,R | F7: 45974 | G7: 0.27083333 | H7: CA-21 | I7: AC5 | J7: 22 | K7: =VLOOKUP($C7,Sheet2!$A$2:$D$10,4,0) -> 2 | L7: =VLOOKUP($C7,Sheet2!$A$2:$E$10,5,0) -> Bin | M7: =J7/K7 -> 11 | O7: GJ27TD4419 | P7: 12508Q100183
A8: G/I/25-26/01150 | B8: 13Y590425952AC5 | C8: 55402M58U00 | D8: =VLOOKUP($C8,Sheet2!$A$2:$B$10,2,0) -> 141150-91211 | E8: CALIPER ASSY,REAR BRAKE,L | F8: 45974 | G8: 0.27083333 | H8: CA-21 | I8: AC5 | J8: 22 | K8: =VLOOKUP($C8,Sheet2!$A$2:$D$10,4,0) -> 2 | L8: =VLOOKUP($C8,Sheet2!$A$2:$E$10,5,0) -> Bin | M8: =J8/K8 -> 11 | O8: GJ27TD4419 | P8: 12508Q100183
A9: G/I/25-26/01150 | B9: 13Y590425995AC5 | C9: 55611M58U00 | D9: =VLOOKUP($C9,Sheet2!$A$2:$B$10,2,0) -> 141186-74360 | E9: DISC,REAR BRAKE | F9: 45974 | G9: 0.27083333 | H9: CA-21 | I9: AC5 | J9: 40 | K9: =VLOOKUP($C9,Sheet2!$A$2:$D$10,4,0) -> 40 | L9: =VLOOKUP($C9,Sheet2!$A$2:$E$10,5,0) -> Trolley | N9: =J9/K9 -> 1 | O9: GJ27TD4419 | P9: 910102507
A10: G/I/25-26/01151 | B10: 13Y590426037AC5 | C10: 56110M58UA1 | D10: =VLOOKUP($C10,Sheet2!$A$2:$B$10,2,0) -> 116040-92240 | E10: ACTUATOR ASSY,NO VARIANT ESP | F10: 45974 | G10: 0.27083333 | H10: CA-01 | I10: AC5 | J10: 24 | K10: =VLOOKUP($C10,Sheet2!$A$2:$D$10,4,0) -> 6 | L10: =VLOOKUP($C10,Sheet2!$A$2:$E$10,5,0) -> Bin | M10: =J10/K10 -> 4 | O10: GJ27TD4419 | P10: 12505Q100064
A11: G/I/25-26/01151 | B11: 13Y590426070AC5 | C11: 5A120M58U01 | D11: =VLOOKUP($C11,Sheet2!$A$2:$B$10,2,0) -> 114010-50820 | E11: CYLINDER ASSY,BK MASTER W/ECU | F11: 45974 | G11: 0.27083333 | H11: CA-01 | I11: AC5 | J11: 10 | K11: =VLOOKUP($C11,Sheet2!$A$2:$D$10,4,0) -> 1 | L11: =VLOOKUP($C11,Sheet2!$A$2:$E$10,5,0) -> Bin | M11: =J11/K11 -> 10 | O11: GJ27TD4419 | P11: 12504Q100216
A12: G/I/25-26/01151 | B12: 13Y590426118AC5 | C12: 5A120M58U50 | D12: =VLOOKUP($C12,Sheet2!$A$2:$B$10,2,0) -> 114010-50830 | E12: CYLINDER ASSY,BK MASTER W/ECU | F12: 45974 | G12: 0.27083333 | H12: CA-01 | I12: AC5 | J12: 11 | K12: =VLOOKUP($C12,Sheet2!$A$2:$D$10,4,0) -> 1 | L12: =VLOOKUP($C12,Sheet2!$A$2:$E$10,5,0) -> Bin | M12: =J12/K12 -> 11 | O12: GJ27TD4419 | P12: 12504Q100271
A13: G/I/25-26/01152 | B13: 13Y590421159AC5 | C13: 55101M58U10 | D13: =VLOOKUP($C13,Sheet2!$A$2:$B$10,2,0) -> 141110-14600 | E13: CALIPER ASSY,FRONT BRAKE,R | F13: 45974 | G13: 0.3125 | H13: CA-07 | I13: AC5 | J13: 18 | K13: =VLOOKUP($C13,Sheet2!$A$2:$D$10,4,0) -> 18 | L13: =VLOOKUP($C13,Sheet2!$A$2:$E$10,5,0) -> Trolley (H) | N13: 1 | O13: GJ27TD4419 | P13: AN0250008573
A14: G/I/25-26/01152 | B14: 13Y590425847AC5 | C14: 55102M58U10 | D14: =VLOOKUP($C14,Sheet2!$A$2:$B$10,2,0) -> 141120-14600 | E14: CALIPER ASSY,FRONT BRAKE,L | F14: 45974 | G14: 0.3125 | H14: CA-07 | I14: AC5 | J14: 18 | K14: =VLOOKUP($C14,Sheet2!$A$2:$D$10,4,0) -> 18 | L14: =VLOOKUP($C14,Sheet2!$A$2:$E$10,5,0) -> Trolley (H) | O14: GJ27TD4419 | P14: AN0250008573
A15: G/I/25-26/01152 | B15: 13Y590425880AC5 | C15: 55311M58U00 | D15: =VLOOKUP($C15,Sheet2!$A$2:$B$10,2,0) -> 141185-74670 | E15: DISC,FRONT BRAKE | F15: 45974 | G15: 0.3125 | H15: CA-07 | I15: AC5 | J15: 40 | K15: =VLOOKUP($C15,Sheet2!$A$2:$D$10,4,0) -> 40 | L15: =VLOOKUP($C15,Sheet2!$A$2:$E$10,5,0) -> Trolley | N15: =J15/K15 -> 1 | O15: GJ27TD4419 | P15: 910101603
A16: G/I/25-26/01152 | B16: 13Y590425928AC5 | C16: 55401M58U00 | D16: =VLOOKUP($C16,Sheet2!$A$2:$B$10,2,0) -> 141140-91211 | E16: CALIPER ASSY,REAR BRAKE,R | F16: 45974 | G16: 0.3125 | H16: CA-21 | I16: AC5 | J16: 20 | K16: =VLOOKUP($C16,Sheet2!$A$2:$D$10,4,0) -> 2 | L16: =VLOOKUP($C16,Sheet2!$A$2:$E$10,5,0) -> Bin | M16: =J16/K16 -> 10 | O16: GJ27TD4419 | P16: 12508Q100183
A17: G/I/25-26/01152 | B17: 13Y590425960AC5 | C17: 55402M58U00 | D17: =VLOOKUP($C17,Sheet2!$A$2:$B$10,2,0) -> 141150-91211 | E17: CALIPER ASSY,REAR BRAKE,L | F17: 45974 | G17: 0.3125 | H17: CA-21 | I17: AC5 | J17: 20 | K17: =VLOOKUP($C17,Sheet2!$A$2:$D$10,4,0) -> 2 | L17: =VLOOKUP($C17,Sheet2!$A$2:$E$10,5,0) -> Bin | M17: =J17/K17 -> 10 | O17: GJ27TD4419 | P17: 12508Q100183
A18: G/I/25-26/01152 | B18: 13Y590426002AC5 | C18: 55611M58U00 | D18: =VLOOKUP($C18,Sheet2!$A$2:$B$10,2,0) -> 141186-74360 | E18: DISC,REAR BRAKE | F18: 45974 | G18: 0.3125 | H18: CA-21 | I18: AC5 | J18: 40 | K18: =VLOOKUP($C18,Sheet2!$A$2:$D$10,4,0) -> 40 | L18: =VLOOKUP($C18,Sheet2!$A$2:$E$10,5,0) -> Trolley | N18: =J18/K18 -> 1 | O18: GJ27TD4419 | P18: 910102507
A19: G/I/25-26/01153 | B19: 13Y590426045AC5 | C19: 56110M58UA1 | D19: =VLOOKUP($C19,Sheet2!$A$2:$B$10,2,0) -> 116040-92240 | E19: ACTUATOR ASSY,NO VARIANT ESP | F19: 45974 | G19: 0.3125 | H19: CA-01 | I19: AC5 | J19: 18 | K19: =VLOOKUP($C19,Sheet2!$A$2:$D$10,4,0) -> 6 | L19: =VLOOKUP($C19,Sheet2!$A$2:$E$10,5,0) -> Bin | M19: =J19/K19 -> 3 | O19: GJ27TD4419 | P19: 12505Q100064
A20: G/I/25-26/01153 | B20: 13Y590426088AC5 | C20: 5A120M58U01 | D20: =VLOOKUP($C20,Sheet2!$A$2:$B$10,2,0) -> 114010-50820 | E20: CYLINDER ASSY,BK MASTER W/ECU | F20: 45974 | G20: 0.3125 | H20: CA-01 | I20: AC5 | J20: 11 | K20: =VLOOKUP($C20,Sheet2!$A$2:$D$10,4,0) -> 1 | L20: =VLOOKUP($C20,Sheet2!$A$2:$E$10,5,0) -> Bin | M20: =J20/K20 -> 11 | O20: GJ27TD4419 | P20: 12504Q100216
A21: G/I/25-26/01153 | B21: 13Y590426126AC5 | C21: 5A120M58U50 | D21: =VLOOKUP($C21,Sheet2!$A$2:$B$10,2,0) -> 114010-50830 | E21: CYLINDER ASSY,BK MASTER W/ECU | F21: 45974 | G21: 0.3125 | H21: CA-01 | I21: AC5 | J21: 9 | K21: =VLOOKUP($C21,Sheet2!$A$2:$D$10,4,0) -> 1 | L21: =VLOOKUP($C21,Sheet2!$A$2:$E$10,5,0) -> Bin | M21: =J21/K21 -> 9 | O21: GJ27TD4419 | P21: 12504Q100271
M22: 90 | N22: 6
A23: G/I/25-26/01154 | B23: 13Y590477049AC5 | C23: 55311M58U00 | D23: =VLOOKUP($C23,Sheet2!$A$2:$B$10,2,0) -> 141185-74670 | E23: DISC,FRONT BRAKE | F23: 45974 | G23: 0.35416667 | H23: CA-07 | I23: AC5 | J23: 40 | K23: =VLOOKUP($C23,Sheet2!$A$2:$D$10,4,0) -> 40 | L23: =VLOOKUP($C23,Sheet2!$A$2:$E$10,5,0) -> Trolley | N23: =J23/K23 -> 1 | O23: GJ02ZZ7144 | P23: 910101603
A24: G/I/25-26/01154 | B24: 13Y590476565AC5 | C24: 55401M58U00 | D24: =VLOOKUP($C24,Sheet2!$A$2:$B$10,2,0) -> 141140-91211 | E24: CALIPER ASSY,REAR BRAKE,R | F24: 45974 | G24: 0.35416667 | H24: CA-21 | I24: AC5 | J24: 8 | K24: =VLOOKUP($C24,Sheet2!$A$2:$D$10,4,0) -> 2 | L24: =VLOOKUP($C24,Sheet2!$A$2:$E$10,5,0) -> Bin | M24: =J24/K24 -> 4 | O24: GJ02ZZ7144 | P24: 12508Q100183
A25: G/I/25-26/01154 | B25: 13Y590471970AC5 | C25: 55402M58U00 | D25: =VLOOKUP($C25,Sheet2!$A$2:$B$10,2,0) -> 141150-91211 | E25: CALIPER ASSY,REAR BRAKE,L | F25: 45974 | G25: 0.35416667 | H25: CA-21 | I25: AC5 | J25: 8 | K25: =VLOOKUP($C25,Sheet2!$A$2:$D$10,4,0) -> 2 | L25: =VLOOKUP($C25,Sheet2!$A$2:$E$10,5,0) -> Bin | M25: =J25/K25 -> 4 | O25: GJ02ZZ7144 | P25: 12508Q100183
A26: G/I/25-26/01155 | B26: 13Y590473736AC5 | C26: 56110M58UA1 | D26: =VLOOKUP($C26,Sheet2!$A$2:$B$10,2,0) -> 116040-92240 | E26: ACTUATOR ASSY,NO VARIANT ESP | F26: 45974 | G26: 0.35416667 | H26: CA-01 | I26: AC5 | J26: 6 | K26: =VLOOKUP($C26,Sheet2!$A$2:$D$10,4,0) -> 6 | L26: =VLOOKUP($C26,Sheet2!$A$2:$E$10,5,0) -> Bin | M26: =J26/K26 -> 1 | O26: GJ02ZZ7144 | P26: 12505Q100064
A27: G/I/25-26/01155 | B27: 13Y590471946AC5 | C27: 5A120M58U01 | D27: =VLOOKUP($C27,Sheet2!$A$2:$B$10,2,0) -> 114010-50820 | E27: CYLINDER ASSY,BK MASTER W/ECU | F27: 45974 | G27: 0.35416667 | H27: CA-01 | I27: AC5 | J27: 4 | K27: =VLOOKUP($C27,Sheet2!$A$2:$D$10,4,0) -> 1 | L27: =VLOOKUP($C27,Sheet2!$A$2:$E$10,5,0) -> Bin | M27: =J27/K27 -> 4 | O27: GJ02ZZ7144 | P27: 12504Q100216
A28: G/I/25-26/01155 | B28: 13Y590475542AC5 | C28: 5A120M58U50 | D28: =VLOOKUP($C28,Sheet2!$A$2:$B$10,2,0) -> 114010-50830 | E28: CYLINDER ASSY,BK MASTER W/ECU | F28: 45974 | G28: 0.35416667 | H28: CA-01 | I28: AC5 | J28: 4 | K28: =VLOOKUP($C28,Sheet2!$A$2:$D$10,4,0) -> 1 | L28: =VLOOKUP($C28,Sheet2!$A$2:$E$10,5,0) -> Bin | M28: =J28/K28 -> 4 | O28: GJ02ZZ7144 | P28: 12504Q100271
A29: G/I/25-26/01160 | B29: 13Y590481968AC5 | C29: 55101M58U10 | D29: =VLOOKUP($C29,Sheet2!$A$2:$B$10,2,0) -> 141110-14600 | E29: CALIPER ASSY,FRONT BRAKE,R | F29: 45974 | G29: 0.35416667 | H29: CA-07 | I29: AC5 | J29: 18 | K29: =VLOOKUP($C29,Sheet2!$A$2:$D$10,4,0) -> 18 | L29: =VLOOKUP($C29,Sheet2!$A$2:$E$10,5,0) -> Trolley (H) | N29: 1 | O29: GJ02ZZ7144 | P29: AN0250008573
A30: G/I/25-26/01160 | B30: 13Y590481100AC5 | C30: 55102M58U10 | D30: =VLOOKUP($C30,Sheet2!$A$2:$B$10,2,0) -> 141120-14600 | E30: CALIPER ASSY,FRONT BRAKE,L | F30: 45974 | G30: 0.35416667 | H30: CA-07 | I30: AC5 | J30: 18 | K30: =VLOOKUP($C30,Sheet2!$A$2:$D$10,4,0) -> 18 | L30: =VLOOKUP($C30,Sheet2!$A$2:$E$10,5,0) -> Trolley (H) | O30: GJ02ZZ7144 | P30: AN0250008573
A31: G/I/25-26/01160 | B31: 13Y590482972AC5 | C31: 55401M58U00 | D31: =VLOOKUP($C31,Sheet2!$A$2:$B$10,2,0) -> 141140-91211 | E31: CALIPER ASSY,REAR BRAKE,R | F31: 45974 | G31: 0.35416667 | H31: CA-21 | I31: AC5 | J31: 14 | K31: =VLOOKUP($C31,Sheet2!$A$2:$D$10,4,0) -> 2 | L31: =VLOOKUP($C31,Sheet2!$A$2:$E$10,5,0) -> Bin | M31: =J31/K31 -> 7 | O31: GJ02ZZ7144 | P31: 12508Q100183
A32: G/I/25-26/01160 | B32: 13Y590478584AC5 | C32: 55402M58U00 | D32: =VLOOKUP($C32,Sheet2!$A$2:$B$10,2,0) -> 141150-91211 | E32: CALIPER ASSY,REAR BRAKE,L | F32: 45974 | G32: 0.35416667 | H32: CA-21 | I32: AC5 | J32: 14 | K32: =VLOOKUP($C32,Sheet2!$A$2:$D$10,4,0) -> 2 | L32: =VLOOKUP($C32,Sheet2!$A$2:$E$10,5,0) -> Bin | M32: =J32/K32 -> 7 | O32: GJ02ZZ7144 | P32: 12508Q100183
A33: G/I/25-26/01160 | B33: 13Y590482930AC5 | C33: 55611M58U00 | D33: =VLOOKUP($C33,Sheet2!$A$2:$B$10,2,0) -> 141186-74360 | E33: DISC,REAR BRAKE | F33: 45974 | G33: 0.35416667 | H33: CA-21 | I33: AC5 | J33: 40 | K33: =VLOOKUP($C33,Sheet2!$A$2:$D$10,4,0) -> 40 | L33: =VLOOKUP($C33,Sheet2!$A$2:$E$10,5,0) -> Trolley | N33: 1 | O33: GJ02ZZ7144 | P33: 910102649
A34: G/I/25-26/01161 | B34: 13Y590479637AC5 | C34: 56110M58UA1 | D34: =VLOOKUP($C34,Sheet2!$A$2:$B$10,2,0) -> 116040-92240 | E34: ACTUATOR ASSY,NO VARIANT ESP | F34: 45974 | G34: 0.35416667 | H34: CA-01 | I34: AC5 | J34: 18 | K34: =VLOOKUP($C34,Sheet2!$A$2:$D$10,4,0) -> 6 | L34: =VLOOKUP($C34,Sheet2!$A$2:$E$10,5,0) -> Bin | M34: =J34/K34 -> 3 | O34: GJ02ZZ7144 | P34: 12505Q100064
A35: G/I/25-26/01161 | B35: 13Y590478550AC5 | C35: 5A120M58U01 | D35: =VLOOKUP($C35,Sheet2!$A$2:$B$10,2,0) -> 114010-50820 | E35: CYLINDER ASSY,BK MASTER W/ECU | F35: 45974 | G35: 0.35416667 | H35: CA-01 | I35: AC5 | J35: 5 | K35: =VLOOKUP($C35,Sheet2!$A$2:$D$10,4,0) -> 1 | L35: =VLOOKUP($C35,Sheet2!$A$2:$E$10,5,0) -> Bin | M35: =J35/K35 -> 5 | O35: GJ02ZZ7144 | P35: 12504Q100216
A36: G/I/25-26/01161 | B36: 13Y590482050AC5 | C36: 5A120M58U50 | D36: =VLOOKUP($C36,Sheet2!$A$2:$B$10,2,0) -> 114010-50830 | E36: CYLINDER ASSY,BK MASTER W/ECU | F36: 45974 | G36: 0.35416667 | H36: CA-01 | I36: AC5 | J36: 10 | K36: =VLOOKUP($C36,Sheet2!$A$2:$D$10,4,0) -> 1 | L36: =VLOOKUP($C36,Sheet2!$A$2:$E$10,5,0) -> Bin | M36: =J36/K36 -> 10 | O36: GJ02ZZ7144 | P36: 12504Q100271
A37: G/I/25-26/01156 | B37: 13Y590425812AC5 | C37: 55101M58U10 | D37: =VLOOKUP($C37,Sheet2!$A$2:$B$10,2,0) -> 141110-14600 | E37: CALIPER ASSY,FRONT BRAKE,R | F37: 45974 | G37: 0.60416667 | H37: CA-07 | I37: AC5 | J37: 18 | K37: =VLOOKUP($C37,Sheet2!$A$2:$D$10,4,0) -> 18 | L37: =VLOOKUP($C37,Sheet2!$A$2:$E$10,5,0) -> Trolley (H) | N37: 1 | O37: GJ02ZZ7144 | P37: AN0250008573
A38: G/I/25-26/01156 | B38: 13Y590425855AC5 | C38: 55102M58U10 | D38: =VLOOKUP($C38,Sheet2!$A$2:$B$10,2,0) -> 141120-14600 | E38: CALIPER ASSY,FRONT BRAKE,L | F38: 45974 | G38: 0.60416667 | H38: CA-07 | I38: AC5 | J38: 18 | K38: =VLOOKUP($C38,Sheet2!$A$2:$D$10,4,0) -> 18 | L38: =VLOOKUP($C38,Sheet2!$A$2:$E$10,5,0) -> Trolley (H) | O38: GJ02ZZ7144 | P38: AN0250008573
A39: G/I/25-26/01156 | B39: 13Y590425898AC5 | C39: 55311M58U00 | D39: =VLOOKUP($C39,Sheet2!$A$2:$B$10,2,0) -> 141185-74670 | E39: DISC,FRONT BRAKE | F39: 45974 | G39: 0.60416667 | H39: CA-07 | I39: AC5 | J39: 40 | K39: =VLOOKUP($C39,Sheet2!$A$2:$D$10,4,0) -> 40 | L39: =VLOOKUP($C39,Sheet2!$A$2:$E$10,5,0) -> Trolley | N39: =J39/K39 -> 1 | O39: GJ02ZZ7144 | P39: 910101603
A40: G/I/25-26/01156 | B40: 13Y590425936AC5 | C40: 55401M58U00 | D40: =VLOOKUP($C40,Sheet2!$A$2:$B$10,2,0) -> 141140-91211 | E40: CALIPER ASSY,REAR BRAKE,R | F40: 45974 | G40: 0.60416667 | H40: CA-21 | I40: AC5 | J40: 20 | K40: =VLOOKUP($C40,Sheet2!$A$2:$D$10,4,0) -> 2 | L40: =VLOOKUP($C40,Sheet2!$A$2:$E$10,5,0) -> Bin | M40: =J40/K40 -> 10 | O40: GJ02ZZ7144 | P40: 12508Q100183
A41: G/I/25-26/01156 | B41: 13Y590425979AC5 | C41: 55402M58U00 | D41: =VLOOKUP($C41,Sheet2!$A$2:$B$10,2,0) -> 141150-91211 | E41: CALIPER ASSY,REAR BRAKE,L | F41: 45974 | G41: 0.60416667 | H41: CA-21 | I41: AC5 | J41: 20 | K41: =VLOOKUP($C41,Sheet2!$A$2:$D$10,4,0) -> 2 | L41: =VLOOKUP($C41,Sheet2!$A$2:$E$10,5,0) -> Bin | M41: =J41/K41 -> 10 | O41: GJ02ZZ7144 | P41: 12508Q100183
A42: G/I/25-26/01156 | B42: 13Y590426010AC5 | C42: 55611M58U00 | D42: =VLOOKUP($C42,Sheet2!$A$2:$B$10,2,0) -> 141186-74360 | E42: DISC,REAR BRAKE | F42: 45974 | G42: 0.60416667 | H42: CA-21 | I42: AC5 | J42: 40 | K42: =VLOOKUP($C42,Sheet2!$A$2:$D$10,4,0) -> 40 | L42: =VLOOKUP($C42,Sheet2!$A$2:$E$10,5,0) -> Trolley | N42: =J42/K42 -> 1 | O42: GJ02ZZ7144 | P42: 910102507- 26 Qty. / 910102649-14 Qty.
A43: G/I/25-26/01157 | B43: 13Y590426053AC5 | C43: 56110M58UA1 | D43: =VLOOKUP($C43,Sheet2!$A$2:$B$10,2,0) -> 116040-92240 | E43: ACTUATOR ASSY,NO VARIANT ESP | F43: 45974 | G43: 0.60416667 | H43: CA-01 | I43: AC5 | J43: 18 | K43: =VLOOKUP($C43,Sheet2!$A$2:$D$10,4,0) -> 6 | L43: =VLOOKUP($C43,Sheet2!$A$2:$E$10,5,0) -> Bin | M43: =J43/K43 -> 3 | O43: GJ02ZZ7144 | P43: 12505Q100064
A44: G/I/25-26/01157 | B44: 13Y590426096AC5 | C44: 5A120M58U01 | D44: =VLOOKUP($C44,Sheet2!$A$2:$B$10,2,0) -> 114010-50820 | E44: CYLINDER ASSY,BK MASTER W/ECU | F44: 45974 | G44: 0.60416667 | H44: CA-01 | I44: AC5 | J44: 10 | K44: =VLOOKUP($C44,Sheet2!$A$2:$D$10,4,0) -> 1 | L44: =VLOOKUP($C44,Sheet2!$A$2:$E$10,5,0) -> Bin | M44: =J44/K44 -> 10 | O44: GJ02ZZ7144 | P44: 12504Q100216
A45: G/I/25-26/01157 | B45: 13Y590426134AC5 | C45: 5A120M58U50 | D45: =VLOOKUP($C45,Sheet2!$A$2:$B$10,2,0) -> 114010-50830 | E45: CYLINDER ASSY,BK MASTER W/ECU | F45: 45974 | G45: 0.60416667 | H45: CA-01 | I45: AC5 | J45: 10 | K45: =VLOOKUP($C45,Sheet2!$A$2:$D$10,4,0) -> 1 | L45: =VLOOKUP($C45,Sheet2!$A$2:$E$10,5,0) -> Bin | M45: =J45/K45 -> 10 | O45: GJ02ZZ7144 | P45: 12504Q100271
M46: 92 | N46: 6
A47: G/I/25-26/01158 | B47: 13Y590421132AC5 | C47: 55101M58U10 | D47: =VLOOKUP($C47,Sheet2!$A$2:$B$10,2,0) -> 141110-14600 | E47: CALIPER ASSY,FRONT BRAKE,R | F47: 45974 | G47: 0.8125 | H47: CA-07 | I47: AC5 | J47: 36 | K47: =VLOOKUP($C47,Sheet2!$A$2:$D$10,4,0) -> 18 | L47: =VLOOKUP($C47,Sheet2!$A$2:$E$10,5,0) -> Trolley (H) | N47: 2 | O47: GJ01KT7585 | P47: AN0250008573
A48: G/I/25-26/01158 | B48: 13Y590425820AC5 | C48: 55102M58U10 | D48: =VLOOKUP($C48,Sheet2!$A$2:$B$10,2,0) -> 141120-14600 | E48: CALIPER ASSY,FRONT BRAKE,L | F48: 45974 | G48: 0.8125 | H48: CA-07 | I48: AC5 | J48: 36 | K48: =VLOOKUP($C48,Sheet2!$A$2:$D$10,4,0) -> 18 | L48: =VLOOKUP($C48,Sheet2!$A$2:$E$10,5,0) -> Trolley (H) | O48: GJ01KT7585 | P48: AN0250008573
A49: G/I/25-26/01158 | B49: 13Y590425863AC5 | C49: 55311M58U00 | D49: =VLOOKUP($C49,Sheet2!$A$2:$B$10,2,0) -> 141185-74670 | E49: DISC,FRONT BRAKE | F49: 45974 | G49: 0.8125 | H49: CA-07 | I49: AC5 | J49: 80 | K49: =VLOOKUP($C49,Sheet2!$A$2:$D$10,4,0) -> 40 | L49: =VLOOKUP($C49,Sheet2!$A$2:$E$10,5,0) -> Trolley | N49: =J49/K49 -> 2 | O49: GJ01KT7585 | P49: 910101603
A50: G/I/25-26/01158 | B50: 13Y590425901AC5 | C50: 55401M58U00 | D50: =VLOOKUP($C50,Sheet2!$A$2:$B$10,2,0) -> 141140-91211 | E50: CALIPER ASSY,REAR BRAKE,R | F50: 45974 | G50: 0.8125 | H50: CA-21 | I50: AC5 | J50: 34 | K50: =VLOOKUP($C50,Sheet2!$A$2:$D$10,4,0) -> 2 | L50: =VLOOKUP($C50,Sheet2!$A$2:$E$10,5,0) -> Bin | M50: =J50/K50 -> 17 | O50: GJ01KT7585 | P50: 12508Q100183
A51: G/I/25-26/01158 | B51: 13Y590425944AC5 | C51: 55402M58U00 | D51: =VLOOKUP($C51,Sheet2!$A$2:$B$10,2,0) -> 141150-91211 | E51: CALIPER ASSY,REAR BRAKE,L | F51: 45974 | G51: 0.8125 | H51: CA-21 | I51: AC5 | J51: 34 | K51: =VLOOKUP($C51,Sheet2!$A$2:$D$10,4,0) -> 2 | L51: =VLOOKUP($C51,Sheet2!$A$2:$E$10,5,0) -> Bin | M51: =J51/K51 -> 17 | O51: GJ01KT7585 | P51: 12508Q100183
A52: G/I/25-26/01158 | B52: 13Y590425987AC5 | C52: 55611M58U00 | D52: =VLOOKUP($C52,Sheet2!$A$2:$B$10,2,0) -> 141186-74360 | E52: DISC,REAR BRAKE | F52: 45974 | G52: 0.8125 | H52: CA-21 | I52: AC5 | J52: 80 | K52: =VLOOKUP($C52,Sheet2!$A$2:$D$10,4,0) -> 40 | L52: =VLOOKUP($C52,Sheet2!$A$2:$E$10,5,0) -> Trolley | N52: =J52/K52 -> 2 | O52: GJ01KT7585 | P52: 910102507
A53: G/I/25-26/01159 | B53: 13Y590426029AC5 | C53: 56110M58UA1 | D53: =VLOOKUP($C53,Sheet2!$A$2:$B$10,2,0) -> 116040-92240 | E53: ACTUATOR ASSY,NO VARIANT ESP | F53: 45974 | G53: 0.8125 | H53: CA-01 | I53: AC5 | J53: 36 | K53: =VLOOKUP($C53,Sheet2!$A$2:$D$10,4,0) -> 6 | L53: =VLOOKUP($C53,Sheet2!$A$2:$E$10,5,0) -> Bin | M53: =J53/K53 -> 6 | O53: GJ01KT7585 | P53: 12505Q100064
A54: G/I/25-26/01159 | B54: 13Y590426061AC5 | C54: 5A120M58U01 | D54: =VLOOKUP($C54,Sheet2!$A$2:$B$10,2,0) -> 114010-50820 | E54: CYLINDER ASSY,BK MASTER W/ECU | F54: 45974 | G54: 0.8125 | H54: CA-01 | I54: AC5 | J54: 13 | K54: =VLOOKUP($C54,Sheet2!$A$2:$D$10,4,0) -> 1 | L54: =VLOOKUP($C54,Sheet2!$A$2:$E$10,5,0) -> Bin | M54: =J54/K54 -> 13 | O54: GJ01KT7585 | P54: 12504Q100216
A55: G/I/25-26/01159 | B55: 13Y590426100AC5 | C55: 5A120M58U50 | D55: =VLOOKUP($C55,Sheet2!$A$2:$B$10,2,0) -> 114010-50830 | E55: CYLINDER ASSY,BK MASTER W/ECU | F55: 45974 | G55: 0.8125 | H55: CA-01 | I55: AC5 | J55: 22 | K55: =VLOOKUP($C55,Sheet2!$A$2:$D$10,4,0) -> 1 | L55: =VLOOKUP($C55,Sheet2!$A$2:$E$10,5,0) -> Bin | M55: =J55/K55 -> 22 | O55: GJ01KT7585 | P55: 12504Q100271
M56: 75 | N56: 6
B57: DI Number | C57: Part Number | F57: DI Date | H57: Location | J57: Qty,
A58: G/I/25-26/01162 | B58: LR444323759AC5 | C58: 55311M58U00 | D58: =VLOOKUP($C58,Sheet2!$A$2:$B$10,2,0) -> 141185-74670 | F58: 45974 | H58: CA-07 | J58: 10 | K58: =VLOOKUP($C58,Sheet2!$A$2:$D$10,4,0) -> 40 | L58: =VLOOKUP($C58,Sheet2!$A$2:$E$10,5,0) -> Trolley | N58: 1 | O58: GJ01KT7585 | P58: 910102007
A59: G/I/25-26/01162 | B59: LR444323789AC5 | C59: 55611M58U00 | D59: =VLOOKUP($C59,Sheet2!$A$2:$B$10,2,0) -> 141186-74360 | F59: 45974 | H59: CA-21 | J59: 10 | K59: =VLOOKUP($C59,Sheet2!$A$2:$D$10,4,0) -> 40 | L59: =VLOOKUP($C59,Sheet2!$A$2:$E$10,5,0) -> Trolley | N59: 1 | O59: GJ01KT7585 | P59: 910102007

Sheet 14-11-2025
A1: Dailly SMG Pick List | J1: 24AACCN5739J1ZA
A2: Supply Month | B2: 45974 | L2: Vehicle No
A3: INVOICE NO | B3: KANBAN NO | C3: PART NUMBER | D3: Material Code | E3: PART NAME | F3: SUPPLY DATE | G3: SUPPLY TIME | H3: UNLOADING LOC | I3: Line | J3: Qty Req | K3: Packing Standerd | L3: Packed in | M3: TTL Bin | N3: TORLLY | O3: Vehicle No | P3: INV NO
A4: G/I/25-26/01164 | B4: 13Y590484800AC5 | C4: 55101M58U10 | D4: =VLOOKUP($C4,Sheet2!$A$2:$B$10,2,0) -> 141110-14600 | E4: CALIPER ASSY,FRONT BRAKE,R | F4: 45975 | G4: 0.27083333 | H4: CA-07 | I4: AC5 | J4: 18 | K4: =VLOOKUP($C4,Sheet2!$A$2:$D$10,4,0) -> 18 | L4: =VLOOKUP($C4,Sheet2!$A$2:$E$10,5,0) -> Trolley (H) | N4: 1 | O4: GJ23Y8525 | P4: AN0250008670
A5: G/I/25-26/01164 | B5: 13Y590484428AC5 | C5: 55102M58U10 | D5: =VLOOKUP($C5,Sheet2!$A$2:$B$10,2,0) -> 141120-14600 | E5: CALIPER ASSY,FRONT BRAKE,L | F5: 45975 | G5: 0.27083333 | H5: CA-07 | I5: AC5 | J5: 18 | K5: =VLOOKUP($C5,Sheet2!$A$2:$D$10,4,0) -> 18 | L5: =VLOOKUP($C5,Sheet2!$A$2:$E$10,5,0) -> Trolley (H) | O5: GJ23Y8525 | P5: AN0250008573
A6: G/I/25-26/01164 | B6: 14Y590959345AC5 | C6: 55101M58U10 | D6: =VLOOKUP($C6,Sheet2!$A$2:$B$10,2,0) -> 141110-14600 | E6: CALIPER ASSY,FRONT BRAKE,R | F6: 45975 | G6: 0.27083333 | H6: CA-07 | I6: AC5 | J6: 36 | K6: =VLOOKUP($C6,Sheet2!$A$2:$D$10,4,0) -> 18 | L6: =VLOOKUP($C6,Sheet2!$A$2:$E$10,5,0) -> Trolley (H) | N6: 2 | O6: GJ23Y8525 | P6: AN0250008670
A7: G/I/25-26/01164 | B7: 14Y590959388AC5 | C7: 55102M58U10 | D7: =VLOOKUP($C7,Sheet2!$A$2:$B$10,2,0) -> 141120-14600 | E7: CALIPER ASSY,FRONT BRAKE,L | F7: 45975 | G7: 0.27083333 | H7: CA-07 | I7: AC5 | J7: 36 | K7: =VLOOKUP($C7,Sheet2!$A$2:$D$10,4,0) -> 18 | L7: =VLOOKUP($C7,Sheet2!$A$2:$E$10,5,0) -> Trolley (H) | O7: GJ23Y8525 | P7: AN0250008670
A8: G/I/25-26/01164 | B8: 13Y590485408AC5 | C8: 55311M58U00 | D8: =VLOOKUP($C8,Sheet2!$A$2:$B$10,2,0) -> 141185-74670 | E8: DISC,FRONT BRAKE | F8: 45975 | G8: 0.27083333 | H8: CA-07 | I8: AC5 | J8: 40 | K8: =VLOOKUP($C8,Sheet2!$A$2:$D$10,4,0) -> 40 | L8: =VLOOKUP($C8,Sheet2!$A$2:$E$10,5,0) -> Trolley | N8: =J8/K8 -> 1 | O8: GJ23Y8525 | P8: 910101603
A9: G/I/25-26/01164 | B9: 14Y590959426AC5 | C9: 55311M58U00 | D9: =VLOOKUP($C9,Sheet2!$A$2:$B$10,2,0) -> 141185-74670 | E9: DISC,FRONT BRAKE | F9: 45975 | G9: 0.27083333 | H9: CA-07 | I9: AC5 | J9: 80 | K9: =VLOOKUP($C9,Sheet2!$A$2:$D$10,4,0) -> 40 | L9: =VLOOKUP($C9,Sheet2!$A$2:$E$10,5,0) -> Trolley | N9: =J9/K9 -> 2 | O9: GJ23Y8525 | P9: 910101603
A10: G/I/25-26/01164 | B10: 13Y590485610AC5 | C10: 55401M58U00 | D10: =VLOOKUP($C10,Sheet2!$A$2:$B$10,2,0) -> 141140-91211 | E10: CALIPER ASSY,REAR BRAKE,R | F10: 45975 | G10: 0.27083333 | H10: CA-21 | I10: AC5 | J10: 8 | K10: =VLOOKUP($C10,Sheet2!$A$2:$D$10,4,0) -> 2 | L10: =VLOOKUP($C10,Sheet2!$A$2:$E$10,5,0) -> Bin | M10: =J10/K10 -> 4 | O10: GJ23Y8525 | P10: 12508Q100183-4 Qty. / 12507Q100188 - 4 Qty.
A11: G/I/25-26/01164 | B11: 14Y590959477AC5 | C11: 55401M58U00 | D11: =VLOOKUP($C11,Sheet2!$A$2:$B$10,2,0) -> 141140-91211 | E11: CALIPER ASSY,REAR BRAKE,R | F11: 45975 | G11: 0.27083333 | H11: CA-21 | I11: AC5 | J11: 30 | K11: =VLOOKUP($C11,Sheet2!$A$2:$D$10,4,0) -> 2 | L11: =VLOOKUP($C11,Sheet2!$A$2:$E$10,5,0) -> Bin | M11: =J11/K11 -> 15 | O11: GJ23Y8525 | P11: 12508Q100183
A12: G/I/25-26/01164 | B12: 14Y591100453AC5 | C12: 55401M58U00 | D12: =VLOOKUP($C12,Sheet2!$A$2:$B$10,2,0) -> 141140-91211 | E12: CALIPER ASSY,REAR BRAKE,R | F12: 45975 | G12: 0.27083333 | H12: CA-21 | I12: AC5 | J12: 4 | K12: =VLOOKUP($C12,Sheet2!$A$2:$D$10,4,0) -> 2 | L12: =VLOOKUP($C12,Sheet2!$A$2:$E$10,5,0) -> Bin | M12: =J12/K12 -> 2 | O12: GJ23Y8525 | P12: 12508Q100183
A13: G/I/25-26/01164 | B13: 13Y590485904AC5 | C13: 55402M58U00 | D13: =VLOOKUP($C13,Sheet2!$A$2:$B$10,2,0) -> 141150-91211 | E13: CALIPER ASSY,REAR BRAKE,L | F13: 45975 | G13: 0.27083333 | H13: CA-21 | I13: AC5 | J13: 8 | K13: =VLOOKUP($C13,Sheet2!$A$2:$D$10,4,0) -> 2 | L13: =VLOOKUP($C13,Sheet2!$A$2:$E$10,5,0) -> Bin | M13: =J13/K13 -> 4 | O13: GJ23Y8525 | P13: 12508Q100183
A14: G/I/25-26/01164 | B14: 14Y590959515AC5 | C14: 55402M58U00 | D14: =VLOOKUP($C14,Sheet2!$A$2:$B$10,2,0) -> 141150-91211 | E14: CALIPER ASSY,REAR BRAKE,L | F14: 45975 | G14: 0.27083333 | H14: CA-21 | I14: AC5 | J14: 30 | K14: =VLOOKUP($C14,Sheet2!$A$2:$D$10,4,0) -> 2 | L14: =VLOOKUP($C14,Sheet2!$A$2:$E$10,5,0) -> Bin | M14: =J14/K14 -> 15 | O14: GJ23Y8525 | P14: 12508Q100183
A15: G/I/25-26/01164 | B15: 14Y591106273AC5 | C15: 55402M58U00 | D15: =VLOOKUP($C15,Sheet2!$A$2:$B$10,2,0) -> 141150-91211 | E15: CALIPER ASSY,REAR BRAKE,L | F15: 45975 | G15: 0.27083333 | H15: CA-21 | I15: AC5 | J15: 4 | K15: =VLOOKUP($C15,Sheet2!$A$2:$D$10,4,0) -> 2 | L15: =VLOOKUP($C15,Sheet2!$A$2:$E$10,5,0) -> Bin | M15: =J15/K15 -> 2 | O15: GJ23Y8525 | P15: 12508Q100183
A16: G/I/25-26/01164 | B16: 14Y590959558AC5 | C16: 55611M58U00 | D16: =VLOOKUP($C16,Sheet2!$A$2:$B$10,2,0) -> 141186-74360 | E16: DISC,REAR BRAKE | F16: 45975 | G16: 0.27083333 | H16: CA-21 | I16: AC5 | J16: 40 | K16: =VLOOKUP($C16,Sheet2!$A$2:$D$10,4,0) -> 40 | L16: =VLOOKUP($C16,Sheet2!$A$2:$E$10,5,0) -> Trolley | N16: =J16/K16 -> 1 | O16: GJ23Y8525 | P16: 910102507
A17: G/I/25-26/01165 | B17: 13Y590486250AC5 | C17: 56110M58UA1 | D17: =VLOOKUP($C17,Sheet2!$A$2:$B$10,2,0) -> 116040-92240 | E17: ACTUATOR ASSY,NO VARIANT ESP | F17: 45975 | G17: 0.27083333 | H17: CA-01 | I17: AC5 | J17: 6 | K17: =VLOOKUP($C17,Sheet2!$A$2:$D$10,4,0) -> 6 | L17: =VLOOKUP($C17,Sheet2!$A$2:$E$10,5,0) -> Bin | M17: =J17/K17 -> 1 | O17: GJ23Y8525 | P17: 12505Q100064
A18: G/I/25-26/01165 | B18: 14Y590959590AC5 | C18: 56110M58UA1 | D18: =VLOOKUP($C18,Sheet2!$A$2:$B$10,2,0) -> 116040-92240 | E18: ACTUATOR ASSY,NO VARIANT ESP | F18: 45975 | G18: 0.27083333 | H18: CA-01 | I18: AC5 | J18: 30 | K18: =VLOOKUP($C18,Sheet2!$A$2:$D$10,4,0) -> 6 | L18: =VLOOKUP($C18,Sheet2!$A$2:$E$10,5,0) -> Bin | M18: =J18/K18 -> 5 | O18: GJ23Y8525 | P18: 12505Q100064
A19: G/I/25-26/01165 | B19: 13Y590485882AC5 | C19: 5A120M58U01 | D19: =VLOOKUP($C19,Sheet2!$A$2:$B$10,2,0) -> 114010-50820 | E19: CYLINDER ASSY,BK MASTER W/ECU | F19: 45975 | G19: 0.27083333 | H19: CA-01 | I19: AC5 | J19: 4 | K19: =VLOOKUP($C19,Sheet2!$A$2:$D$10,4,0) -> 1 | L19: =VLOOKUP($C19,Sheet2!$A$2:$E$10,5,0) -> Bin | M19: =J19/K19 -> 4 | O19: GJ23Y8525 | P19: 12504Q100216
A20: G/I/25-26/01165 | B20: 14Y590959639AC5 | C20: 5A120M58U01 | D20: =VLOOKUP($C20,Sheet2!$A$2:$B$10,2,0) -> 114010-50820 | E20: CYLINDER ASSY,BK MASTER W/ECU | F20: 45975 | G20: 0.27083333 | H20: CA-01 | I20: AC5 | J20: 15 | K20: =VLOOKUP($C20,Sheet2!$A$2:$D$10,4,0) -> 1 | L20: =VLOOKUP($C20,Sheet2!$A$2:$E$10,5,0) -> Bin | M20: =J20/K20 -> 15 | O20: GJ23Y8525 | P20: 12504Q100216
A21: G/I/25-26/01165 | B21: 14Y591103533AC5 | C21: 5A120M58U01 | D21: =VLOOKUP($C21,Sheet2!$A$2:$B$10,2,0) -> 114010-50820 | E21: CYLINDER ASSY,BK MASTER W/ECU | F21: 45975 | G21: 0.27083333 | H21: CA-01 | I21: AC5 | J21: 2 | K21: =VLOOKUP($C21,Sheet2!$A$2:$D$10,4,0) -> 1 | L21: =VLOOKUP($C21,Sheet2!$A$2:$E$10,5,0) -> Bin | M21: =J21/K21 -> 2 | O21: GJ23Y8525 | P21: 12504Q100216
A22: G/I/25-26/01165 | B22: 13Y590484983AC5 | C22: 5A120M58U50 | D22: =VLOOKUP($C22,Sheet2!$A$2:$B$10,2,0) -> 114010-50830 | E22: CYLINDER ASSY,BK MASTER W/ECU | F22: 45975 | G22: 0.27083333 | H22: CA-01 | I22: AC5 | J22: 3 | K22: =VLOOKUP($C22,Sheet2!$A$2:$D$10,4,0) -> 1 | L22: =VLOOKUP($C22,Sheet2!$A$2:$E$10,5,0) -> Bin | M22: =J22/K22 -> 3 | O22: GJ23Y8525 | P22: 12504Q100271
A23: G/I/25-26/01165 | B23: 14Y590959671AC5 | C23: 5A120M58U50 | D23: =VLOOKUP($C23,Sheet2!$A$2:$B$10,2,0) -> 114010-50830 | E23: CYLINDER ASSY,BK MASTER W/ECU | F23: 45975 | G23: 0.27083333 | H23: CA-01 | I23: AC5 | J23: 15 | K23: =VLOOKUP($C23,Sheet2!$A$2:$D$10,4,0) -> 1 | L23: =VLOOKUP($C23,Sheet2!$A$2:$E$10,5,0) -> Bin | M23: =J23/K23 -> 15 | O23: GJ23Y8525 | P23: 12504Q100271
A24: G/I/25-26/01165 | B24: 14Y591105757AC5 | C24: 5A120M58U50 | D24: =VLOOKUP($C24,Sheet2!$A$2:$B$10,2,0) -> 114010-50830 | E24: CYLINDER ASSY,BK MASTER W/ECU | F24: 45975 | G24: 0.27083333 | H24: CA-01 | I24: AC5 | J24: 2 | K24: =VLOOKUP($C24,Sheet2!$A$2:$D$10,4,0) -> 1 | L24: =VLOOKUP($C24,Sheet2!$A$2:$E$10,5,0) -> Bin | M24: =J24/K24 -> 2 | O24: GJ23Y8525 | P24: 12504Q100271
M25: 89 | N25: 7
A26: G/I/25-26/01166 | B26: 14Y590959353AC5 | C26: 55101M58U10 | D26: =VLOOKUP($C26,Sheet2!$A$2:$B$10,2,0) -> 141110-14600 | E26: CALIPER ASSY,FRONT BRAKE,R | F26: 45975 | G26: 0.3125 | H26: CA-07 | I26: AC5 | J26: 18 | K26: =VLOOKUP($C26,Sheet2!$A$2:$D$10,4,0) -> 18 | L26: =VLOOKUP($C26,Sheet2!$A$2:$E$10,5,0) -> Trolley (H) | N26: 1 | O26: GJ02ZZ7144 | P26: AN0250008670
A27: G/I/25-26/01166 | B27: 14Y590959396AC5 | C27: 55102M58U10 | D27: =VLOOKUP($C27,Sheet2!$A$2:$B$10,2,0) -> 141120-14600 | E27: CALIPER ASSY,FRONT BRAKE,L | F27: 45975 | G27: 0.3125 | H27: CA-07 | I27: AC5 | J27: 18 | K27: =VLOOKUP($C27,Sheet2!$A$2:$D$10,4,0) -> 18 | L27: =VLOOKUP($C27,Sheet2!$A$2:$E$10,5,0) -> Trolley (H) | O27: GJ02ZZ7144 | P27: AN0250008670
A28: G/I/25-26/01166 | B28: 14Y590959434AC5 | C28: 55311M58U00 | D28: =VLOOKUP($C28,Sheet2!$A$2:$B$10,2,0) -> 141185-74670 | E28: DISC,FRONT BRAKE | F28: 45975 | G28: 0.3125 | H28: CA-07 | I28: AC5 | J28: 40 | K28: =VLOOKUP($C28,Sheet2!$A$2:$D$10,4,0) -> 40 | L28: =VLOOKUP($C28,Sheet2!$A$2:$E$10,5,0) -> Trolley | N28: =J28/K28 -> 1 | O28: GJ02ZZ7144 | P28: 910101603
A29: G/I/25-26/01166 | B29: 14Y590959485AC5 | C29: 55401M58U00 | D29: =VLOOKUP($C29,Sheet2!$A$2:$B$10,2,0) -> 141140-91211 | E29: CALIPER ASSY,REAR BRAKE,R | F29: 45975 | G29: 0.3125 | H29: CA-21 | I29: AC5 | J29: 20 | K29: =VLOOKUP($C29,Sheet2!$A$2:$D$10,4,0) -> 2 | L29: =VLOOKUP($C29,Sheet2!$A$2:$E$10,5,0) -> Bin | M29: =J29/K29 -> 10 | O29: GJ02ZZ7144 | P29: 12507Q100188
A30: G/I/25-26/01166 | B30: 14Y590959523AC5 | C30: 55402M58U00 | D30: =VLOOKUP($C30,Sheet2!$A$2:$B$10,2,0) -> 141150-91211 | E30: CALIPER ASSY,REAR BRAKE,L | F30: 45975 | G30: 0.3125 | H30: CA-21 | I30: AC5 | J30: 20 | K30: =VLOOKUP($C30,Sheet2!$A$2:$D$10,4,0) -> 2 | L30: =VLOOKUP($C30,Sheet2!$A$2:$E$10,5,0) -> Bin | M30: =J30/K30 -> 10 | O30: GJ02ZZ7144 | P30: 12507Q100188
A31: G/I/25-26/01166 | B31: 14Y590959566AC5 | C31: 55611M58U00 | D31: =VLOOKUP($C31,Sheet2!$A$2:$B$10,2,0) -> 141186-74360 | E31: DISC,REAR BRAKE | F31: 45975 | G31: 0.3125 | H31: CA-21 | I31: AC5 | J31: 40 | K31: =VLOOKUP($C31,Sheet2!$A$2:$D$10,4,0) -> 40 | L31: =VLOOKUP($C31,Sheet2!$A$2:$E$10,5,0) -> Trolley | N31: =J31/K31 -> 1 | O31: GJ02ZZ7144 | P31: 910102507
A32: G/I/25-26/01167 | B32: 14Y590959604AC5 | C32: 56110M58UA1 | D32: =VLOOKUP($C32,Sheet2!$A$2:$B$10,2,0) -> 116040-92240 | E32: ACTUATOR ASSY,NO VARIANT ESP | F32: 45975 | G32: 0.3125 | H32: CA-01 | I32: AC5 | J32: 24 | K32: =VLOOKUP($C32,Sheet2!$A$2:$D$10,4,0) -> 6 | L32: =VLOOKUP($C32,Sheet2!$A$2:$E$10,5,0) -> Bin | M32: =J32/K32 -> 4 | O32: GJ02ZZ7144 | P32: 12505Q100064
A33: G/I/25-26/01167 | B33: 14Y590959647AC5 | C33: 5A120M58U01 | D33: =VLOOKUP($C33,Sheet2!$A$2:$B$10,2,0) -> 114010-50820 | E33: CYLINDER ASSY,BK MASTER W/ECU | F33: 45975 | G33: 0.3125 | H33: CA-01 | I33: AC5 | J33: 9 | K33: =VLOOKUP($C33,Sheet2!$A$2:$D$10,4,0) -> 1 | L33: =VLOOKUP($C33,Sheet2!$A$2:$E$10,5,0) -> Bin | M33: =J33/K33 -> 9 | O33: GJ02ZZ7144 | P33: 12504Q100216
A34: G/I/25-26/01167 | B34: 14Y590959680AC5 | C34: 5A120M58U50 | D34: =VLOOKUP($C34,Sheet2!$A$2:$B$10,2,0) -> 114010-50830 | E34: CYLINDER ASSY,BK MASTER W/ECU | F34: 45975 | G34: 0.3125 | H34: CA-01 | I34: AC5 | J34: 11 | K34: =VLOOKUP($C34,Sheet2!$A$2:$D$10,4,0) -> 1 | L34: =VLOOKUP($C34,Sheet2!$A$2:$E$10,5,0) -> Bin | M34: =J34/K34 -> 11 | O34: GJ02ZZ7144 | P34: 12504Q100271
M35: 44 | N35: 3
A36: G/I/25-26/01168 | B36: 14Y590959361AC5 | C36: 55101M58U10 | D36: =VLOOKUP($C36,Sheet2!$A$2:$B$10,2,0) -> 141110-14600 | E36: CALIPER ASSY,FRONT BRAKE,R | F36: 45975 | G36: 0.60416667 | H36: CA-07 | I36: AC5 | J36: 18 | K36: =VLOOKUP($C36,Sheet2!$A$2:$D$10,4,0) -> 18 | L36: =VLOOKUP($C36,Sheet2!$A$2:$E$10,5,0) -> Trolley (H) | N36: 1 | O36: GJ01KT7585 | P36: AN0250008670
A37: G/I/25-26/01168 | B37: 14Y590959400AC5 | C37: 55102M58U10 | D37: =VLOOKUP($C37,Sheet2!$A$2:$B$10,2,0) -> 141120-14600 | E37: CALIPER ASSY,FRONT BRAKE,L | F37: 45975 | G37: 0.60416667 | H37: CA-07 | I37: AC5 | J37: 18 | K37: =VLOOKUP($C37,Sheet2!$A$2:$D$10,4,0) -> 18 | L37: =VLOOKUP($C37,Sheet2!$A$2:$E$10,5,0) -> Trolley (H) | O37: GJ01KT7585 | P37: AN0250008670
A38: G/I/25-26/01168 | B38: 14Y590959442AC5 | C38: 55311M58U00 | D38: =VLOOKUP($C38,Sheet2!$A$2:$B$10,2,0) -> 141185-74670 | E38: DISC,FRONT BRAKE | F38: 45975 | G38: 0.60416667 | H38: CA-07 | I38: AC5 | J38: 40 | K38: =VLOOKUP($C38,Sheet2!$A$2:$D$10,4,0) -> 40 | L38: =VLOOKUP($C38,Sheet2!$A$2:$E$10,5,0) -> Trolley | N38: =J38/K38 -> 1 | O38: GJ01KT7585 | P38: 910101603-10 Qty. / 910101985-30 Qty.
A39: G/I/25-26/01168 | B39: 14Y590959493AC5 | C39: 55401M58U00 | D39: =VLOOKUP($C39,Sheet2!$A$2:$B$10,2,0) -> 141140-91211 | E39: CALIPER ASSY,REAR BRAKE,R | F39: 45975 | G39: 0.60416667 | H39: CA-21 | I39: AC5 | J39: 20 | K39: =VLOOKUP($C39,Sheet2!$A$2:$D$10,4,0) -> 2 | L39: =VLOOKUP($C39,Sheet2!$A$2:$E$10,5,0) -> Bin | M39: =J39/K39 -> 10 | O39: GJ01KT7585 | P39: 12507Q100188
A40: G/I/25-26/01168 | B40: 14Y590959531AC5 | C40: 55402M58U00 | D40: =VLOOKUP($C40,Sheet2!$A$2:$B$10,2,0) -> 141150-91211 | E40: CALIPER ASSY,REAR BRAKE,L | F40: 45975 | G40: 0.60416667 | H40: CA-21 | I40: AC5 | J40: 20 | K40: =VLOOKUP($C40,Sheet2!$A$2:$D$10,4,0) -> 2 | L40: =VLOOKUP($C40,Sheet2!$A$2:$E$10,5,0) -> Bin | M40: =J40/K40 -> 10 | O40: GJ01KT7585 | P40: 12507Q100188
A41: G/I/25-26/01168 | B41: 14Y590959574AC5 | C41: 55611M58U00 | D41: =VLOOKUP($C41,Sheet2!$A$2:$B$10,2,0) -> 141186-74360 | E41: DISC,REAR BRAKE | F41: 45975 | G41: 0.60416667 | H41: CA-21 | I41: AC5 | J41: 40 | K41: =VLOOKUP($C41,Sheet2!$A$2:$D$10,4,0) -> 40 | L41: =VLOOKUP($C41,Sheet2!$A$2:$E$10,5,0) -> Trolley | N41: =J41/K41 -> 1 | O41: GJ01KT7585 | P41: 910102507
A42: G/I/25-26/01169 | B42: 14Y590959612AC5 | C42: 56110M58UA1 | D42: =VLOOKUP($C42,Sheet2!$A$2:$B$10,2,0) -> 116040-92240 | E42: ACTUATOR ASSY,NO VARIANT ESP | F42: 45975 | G42: 0.60416667 | H42: CA-01 | I42: AC5 | J42: 18 | K42: =VLOOKUP($C42,Sheet2!$A$2:$D$10,4,0) -> 6 | L42: =VLOOKUP($C42,Sheet2!$A$2:$E$10,5,0) -> Bin | M42: =J42/K42 -> 3 | O42: GJ01KT7585 | P42: 12505Q100064
A43: G/I/25-26/01169 | B43: 14Y590959655AC5 | C43: 5A120M58U01 | D43: =VLOOKUP($C43,Sheet2!$A$2:$B$10,2,0) -> 114010-50820 | E43: CYLINDER ASSY,BK MASTER W/ECU | F43: 45975 | G43: 0.60416667 | H43: CA-01 | I43: AC5 | J43: 9 | K43: =VLOOKUP($C43,Sheet2!$A$2:$D$10,4,0) -> 1 | L43: =VLOOKUP($C43,Sheet2!$A$2:$E$10,5,0) -> Bin | M43: =J43/K43 -> 9 | O43: GJ01KT7585 | P43: 12504Q100216
A44: G/I/25-26/01169 | B44: 14Y590959698AC5 | C44: 5A120M58U50 | D44: =VLOOKUP($C44,Sheet2!$A$2:$B$10,2,0) -> 114010-50830 | E44: CYLINDER ASSY,BK MASTER W/ECU | F44: 45975 | G44: 0.60416667 | H44: CA-01 | I44: AC5 | J44: 11 | K44: =VLOOKUP($C44,Sheet2!$A$2:$D$10,4,0) -> 1 | L44: =VLOOKUP($C44,Sheet2!$A$2:$E$10,5,0) -> Bin | M44: =J44/K44 -> 11 | O44: GJ01KT7585 | P44: 12504Q100271
A45: G/I/25-26/01170 | B45: 14Y590959370AC5 | C45: 55101M58U10 | D45: =VLOOKUP($C45,Sheet2!$A$2:$B$10,2,0) -> 141110-14600 | E45: CALIPER ASSY,FRONT BRAKE,R | F45: 45975 | G45: 0.8125 | H45: CA-07 | I45: AC5 | J45: 18 | K45: =VLOOKUP($C45,Sheet2!$A$2:$D$10,4,0) -> 18 | L45: =VLOOKUP($C45,Sheet2!$A$2:$E$10,5,0) -> Trolley (H) | N45: 1 | O45: GJ01KT7585 | P45: AN0250008670
A46: G/I/25-26/01170 | B46: 14Y590959418AC5 | C46: 55102M58U10 | D46: =VLOOKUP($C46,Sheet2!$A$2:$B$10,2,0) -> 141120-14600 | E46: CALIPER ASSY,FRONT BRAKE,L | F46: 45975 | G46: 0.8125 | H46: CA-07 | I46: AC5 | J46: 18 | K46: =VLOOKUP($C46,Sheet2!$A$2:$D$10,4,0) -> 18 | L46: =VLOOKUP($C46,Sheet2!$A$2:$E$10,5,0) -> Trolley (H) | O46: GJ01KT7585 | P46: AN0250008670
A47: G/I/25-26/01170 | B47: 14Y590959450AC5 | C47: 55311M58U00 | D47: =VLOOKUP($C47,Sheet2!$A$2:$B$10,2,0) -> 141185-74670 | E47: DISC,FRONT BRAKE | F47: 45975 | G47: 0.8125 | H47: CA-07 | I47: AC5 | J47: 40 | K47: =VLOOKUP($C47,Sheet2!$A$2:$D$10,4,0) -> 40 | L47: =VLOOKUP($C47,Sheet2!$A$2:$E$10,5,0) -> Trolley | N47: =J47/K47 -> 1 | O47: GJ01KT7585 | P47: 910101985
A48: G/I/25-26/01170 | B48: 14Y590959469AC5 | C48: 55401M58U00 | D48: =VLOOKUP($C48,Sheet2!$A$2:$B$10,2,0) -> 141140-91211 | E48: CALIPER ASSY,REAR BRAKE,R | F48: 45975 | G48: 0.8125 | H48: CA-21 | I48: AC5 | J48: 30 | K48: =VLOOKUP($C48,Sheet2!$A$2:$D$10,4,0) -> 2 | L48: =VLOOKUP($C48,Sheet2!$A$2:$E$10,5,0) -> Bin | M48: =J48/K48 -> 15 | O48: GJ01KT7585 | P48: 12507Q100188
A49: G/I/25-26/01170 | B49: 14Y590959507AC5 | C49: 55402M58U00 | D49: =VLOOKUP($C49,Sheet2!$A$2:$B$10,2,0) -> 141150-91211 | E49: CALIPER ASSY,REAR BRAKE,L | F49: 45975 | G49: 0.8125 | H49: CA-21 | I49: AC5 | J49: 30 | K49: =VLOOKUP($C49,Sheet2!$A$2:$D$10,4,0) -> 2 | L49: =VLOOKUP($C49,Sheet2!$A$2:$E$10,5,0) -> Bin | M49: =J49/K49 -> 15 | O49: GJ01KT7585 | P49: 12507Q100188
A50: G/I/25-26/01170 | B50: 14Y590959540AC5 | C50: 55611M58U00 | D50: =VLOOKUP($C50,Sheet2!$A$2:$B$10,2,0) -> 141186-74360 | E50: DISC,REAR BRAKE | F50: 45975 | G50: 0.8125 | H50: CA-21 | I50: AC5 | J50: 40 | K50: =VLOOKUP($C50,Sheet2!$A$2:$D$10,4,0) -> 40 | L50: =VLOOKUP($C50,Sheet2!$A$2:$E$10,5,0) -> Trolley | N50: =J50/K50 -> 1 | O50: GJ01KT7585 | P50: 910102507
A51: G/I/25-26/01172 | B51: 14Y590959540AC5 | C51: 55611M58U00 | D51: =VLOOKUP($C51,Sheet2!$A$2:$B$10,2,0) -> 141186-74360 | E51: DISC,REAR BRAKE | F51: 45975 | G51: 0.8125 | H51: CA-21 | I51: AC5 | J51: 40 | K51: =VLOOKUP($C51,Sheet2!$A$2:$D$10,4,0) -> 40 | L51: =VLOOKUP($C51,Sheet2!$A$2:$E$10,5,0) -> Trolley | N51: =J51/K51 -> 1 | O51: GJ01KT7585 | P51: 910102786
A52: G/I/25-26/01171 | B52: 14Y590959582AC5 | C52: 56110M58UA1 | D52: =VLOOKUP($C52,Sheet2!$A$2:$B$10,2,0) -> 116040-92240 | E52: ACTUATOR ASSY,NO VARIANT ESP | F52: 45975 | G52: 0.8125 | H52: CA-01 | I52: AC5 | J52: 30 | K52: =VLOOKUP($C52,Sheet2!$A$2:$D$10,4,0) -> 6 | L52: =VLOOKUP($C52,Sheet2!$A$2:$E$10,5,0) -> Bin | M52: =J52/K52 -> 5 | O52: GJ01KT7585 | P52: 12505Q100064
A53: G/I/25-26/01171 | B53: 14Y590959620AC5 | C53: 5A120M58U01 | D53: =VLOOKUP($C53,Sheet2!$A$2:$B$10,2,0) -> 114010-50820 | E53: CYLINDER ASSY,BK MASTER W/ECU | F53: 45975 | G53: 0.8125 | H53: CA-01 | I53: AC5 | J53: 13 | K53: =VLOOKUP($C53,Sheet2!$A$2:$D$10,4,0) -> 1 | L53: =VLOOKUP($C53,Sheet2!$A$2:$E$10,5,0) -> Bin | M53: =J53/K53 -> 13 | O53: GJ01KT7585 | P53: 12504Q100216
A54: G/I/25-26/01171 | B54: 14Y590959663AC5 | C54: 5A120M58U50 | D54: =VLOOKUP($C54,Sheet2!$A$2:$B$10,2,0) -> 114010-50830 | E54: CYLINDER ASSY,BK MASTER W/ECU | F54: 45975 | G54: 0.8125 | H54: CA-01 | I54: AC5 | J54: 17 | K54: =VLOOKUP($C54,Sheet2!$A$2:$D$10,4,0) -> 1 | L54: =VLOOKUP($C54,Sheet2!$A$2:$E$10,5,0) -> Bin | M54: =J54/K54 -> 17 | O54: GJ01KT7585 | P54: 12504Q100271
M55: 108 | N55: 7

Sheet 14-11-2025 GJ RPDC
A1: For | B1: Original DI Date | C1: INVOICE NO | D1: Revised DI Date | E1: Vendor Code | F1: DI Number | G1: Part Number | H1: Scheduled Quantity | I1: Packing Standerd | J1: Vehicle No | K1: Location | L1: Attention | M1: Recieved Quantity | N1: Price Change Flag | O1: Latest Batch Code | P1: Price | Q1: Sales Id | R1: Sales No | S1: Price Revision List
A2: SPARES | B2: 45954 | C2: G/I/25-26/01163 | D2: 45975 | E2: X539 | F2: K25441082763 | G2: 55810M58U20 | H2: 30 | I2: 6 | J2: GJ01KT6537 | K2: WAD | L2: * | M2: 1 | N2: N | O2: AA | P2: 7144.5 | S2: Item Price Revision List
A3: SPARES | B3: 45975 | C3: G/I/25-26/01164 | E3: X539 | F3: L25443884733 | G3: 55311M58U00 | H3: 100 | I3: 1 | J3: GJ01KT6537 | K3: WAD | L3: * | M3: 2 | N3: N | O3: AA | P3: 4259 | S3: Item Price Revision List
A4: SPARES | B4: 45954 | C4: G/I/25-26/01165 | D4: 45975 | E4: X539 | F4: K25441082783 | G4: 55910M58U10 | H4: 30 | I4: 10 | J4: GJ01KT6537 | K4: WAD | L4: * | M4: 3 | N4: N | O4: AA | P4: 3917.5 | S4: Item Price Revision List
A5: SPARES | B5: 45975 | C5: G/I/25-26/01166 | E5: X539 | F5: L25443885233 | G5: 55611M58U00 | H5: 100 | I5: 1 | J5: GJ01KT6537 | K5: WAD | L5: * | M5: 4 | N5: N | O5: AA | P5: 3733.5 | S5: Item Price Revision List
A6: SPARES | B6: 45975 | C6: G/I/25-26/01167 | E6: X539 | F6: L25443885343 | G6: 55930M58U00 | H6: 120 | I6: 10 | J6: GJ01KT6537 | K6: WAD | L6: * | M6: 5 | N6: N | O6: AA | P6: 460 | S6: Item Price Revision List
A7: SPARES | B7: 45975 | C7: G/I/25-26/01168 | E7: X539 | F7: L25443885353 | G7: 55960M58U00 | H7: 120 | I7: 10 | J7: GJ01KT6537 | K7: WAD | L7: * | M7: 6 | N7: N | O7: AA | P7: 751 | S7: Item Price Revision List
A13: Download : X53920251113Spares.txt

Sheet 15-11-2025
A1: Dailly SMG Pick List | J1: 24AACCN5739J1ZA
A2: Supply Month | B2: 45976 | L2: Vehicle No
A3: INVOICE NO | B3: KANBAN NO | C3: PART NUMBER | D3: Material Code | E3: PART NAME | F3: SUPPLY DATE | G3: SUPPLY TIME | H3: UNLOADING LOC | I3: Line | J3: Qty Req | K3: Packing Standerd | L3: Packed in | M3: TTL Bin | N3: TORLLY | O3: Vehicle No | P3: INV NO
A4: G/I/25-26/01173 | B4: 15Y591646502AC5 | C4: 55101M58U10 | D4: =VLOOKUP($C4,Sheet2!$A$2:$B$10,2,0) -> 141110-14600 | E4: CALIPER ASSY,FRONT BRAKE,R | F4: 45976 | G4: 0.27083333 | H4: CA-07 | I4: AC5 | J4: 36 | K4: =VLOOKUP($C4,Sheet2!$A$2:$D$10,4,0) -> 18 | L4: =VLOOKUP($C4,Sheet2!$A$2:$E$10,5,0) -> Trolley (H) | N4: 2 | O4: GJ02ZZ7144 | P4: AN0250008670
A5: G/I/25-26/01173 | B5: 15Y591646545AC5 | C5: 55102M58U10 | D5: =VLOOKUP($C5,Sheet2!$A$2:$B$10,2,0) -> 141120-14600 | E5: CALIPER ASSY,FRONT BRAKE,L | F5: 45976 | G5: 0.27083333 | H5: CA-07 | I5: AC5 | J5: 36 | K5: =VLOOKUP($C5,Sheet2!$A$2:$D$10,4,0) -> 18 | L5: =VLOOKUP($C5,Sheet2!$A$2:$E$10,5,0) -> Trolley (H) | O5: GJ02ZZ7144 | P5: AN0250008670
A6: G/I/25-26/01173 | B6: 15Y591646570AC5 | C6: 55311M58U00 | D6: =VLOOKUP($C6,Sheet2!$A$2:$B$10,2,0) -> 141185-74670 | E6: DISC,FRONT BRAKE | F6: 45976 | G6: 0.27083333 | H6: CA-07 | I6: AC5 | J6: 80 | K6: =VLOOKUP($C6,Sheet2!$A$2:$D$10,4,0) -> 40 | L6: =VLOOKUP($C6,Sheet2!$A$2:$E$10,5,0) -> Trolley | N6: =J6/K6 -> 2 | O6: GJ02ZZ7144 | P6: 910101985
A7: G/I/25-26/01173 | B7: 15Y591646626AC5 | C7: 55401M58U00 | D7: =VLOOKUP($C7,Sheet2!$A$2:$B$10,2,0) -> 141140-91211 | E7: CALIPER ASSY,REAR BRAKE,R | F7: 45976 | G7: 0.27083333 | H7: CA-21 | I7: AC5 | J7: 30 | K7: =VLOOKUP($C7,Sheet2!$A$2:$D$10,4,0) -> 2 | L7: =VLOOKUP($C7,Sheet2!$A$2:$E$10,5,0) -> Bin | M7: =J7/K7 -> 15 | O7: GJ02ZZ7144 | P7: 12507Q100188
A8: G/I/25-26/01173 | B8: 15Y591730210AC5 | C8: 55401M58U00 | D8: =VLOOKUP($C8,Sheet2!$A$2:$B$10,2,0) -> 141140-91211 | E8: CALIPER ASSY,REAR BRAKE,R | F8: 45976 | G8: 0.27083333 | H8: CA-21 | I8: AC5 | J8: 6 | K8: =VLOOKUP($C8,Sheet2!$A$2:$D$10,4,0) -> 2 | L8: =VLOOKUP($C8,Sheet2!$A$2:$E$10,5,0) -> Bin | M8: =J8/K8 -> 3 | O8: GJ02ZZ7144 | P8: 12507Q100188
