Workbook

Sheet Sheet1
A1: PART NUMBER | B1: Mat Code | C1: PART NAME | D1: Packing Standard | E1: Packed In
A2: 55101M58U10 | B2: 141110-14600 | C2: CALIPER RR | D2: 18 | E2: Trolley (H)
A3: 55102M58U10 | B3: 141120-14600 | C3: CALIPER LH | D3: 18 | E3: Trolley (H)
A4: 55311M58U00 | B4: 141185-74670 | C4: DISC FR | D4: 40 | E4: Trolley
A5: 55401M58U00 | B5: 141140-91211 | C5: MOC RH | D5: 2 | E5: Bin
A6: 55402M58U00 | B6: 141150-91211 | C6: MOC LH | D6: 2 | E6: Bin
A7: 55611M58U00 | B7: 141186-74360 | C7: DISC RR | D7: 40 | E7: Trolley
A8: 56110M58UA1 | B8: 116040-92240 | C8: ESC | D8: 6 | E8: Bin
A9: 5A120M58U50 | B9: 114010-50830 | C9: AHB LH | D9: 1 | E9: Bin
A10: 5A120M58U01 | B10: 114010-50820 | C10: AHB RH | D10: 1 | E10: Bin

Sheet 01-12-2025
A1: Dailly SMG Pick List | J1: 24AACCN5739J1ZA
A2: Supply Month | B2: 45992 | L2: Vehicle No
A3: INVOICE NO | B3: KANBAN NO | C3: PART NUMBER | D3: Material Code | E3: PART NAME | F3: SUPPLY DATE | G3: SUPPLY TIME | H3: UNLOADING LOC | I3: Line | J3: Qty Req | K3: Packing Standerd | L3: Packed in | M3: TTL Bin | N3: TORLLY | O3: Vehicle No | P3: INV NO
A4: G/I/25-26/01294 | B4: 01Z599626144AC5 | C4: 55101M58U10 | D4: =VLOOKUP($C4,Sheet1!$A$2:$B$10,2,0) -> 141110-14600 | E4: CALIPER ASSY,FRONT BRAKE,R | F4: 45992 | G4: 0.47916667 | H4: CA-07 | I4: AC5 | J4: 18 | K4: =VLOOKUP($C4,Sheet1!$A$2:$D$10,4,0) -> 18 | L4: =VLOOKUP($C4,Sheet1!$A$2:$E$10,5,0) -> Trolley (H) | N4: 1 | O4: GJ02ZZ7144 | P4: Barode sticker
A5: G/I/25-26/01294 | B5: 01Z599626179AC5 | C5: 55102M58U10 | D5: =VLOOKUP($C5,Sheet1!$A$2:$B$10,2,0) -> 141120-14600 | E5: CALIPER ASSY,FRONT BRAKE,L | F5: 45992 | G5: 0.47916667 | H5: CA-07 | I5: AC5 | J5: 18 | K5: =VLOOKUP($C5,Sheet1!$A$2:$D$10,4,0) -> 18 | L5: =VLOOKUP($C5,Sheet1!$A$2:$E$10,5,0) -> Trolley (H) | O5: GJ02ZZ7144 | P5: Barode sticker
A6: G/I/25-26/01294 | B6: 01Z599798425AC5 | C6: 55101M58U10 | D6: =VLOOKUP($C6,Sheet1!$A$2:$B$10,2,0) -> 141110-14600 | E6: CALIPER ASSY,FRONT BRAKE,R | F6: 45992 | G6: 0.47916667 | H6: CA-07 | I6: AC5 | J6: 18 | K6: =VLOOKUP($C6,Sheet1!$A$2:$D$10,4,0) -> 18 | L6: =VLOOKUP($C6,Sheet1!$A$2:$E$10,5,0) -> Trolley (H) | N6: 1 | O6: GJ02ZZ7144 | P6: Barode sticker
A7: G/I/25-26/01294 | B7: 01Z599798050AC5 | C7: 55102M58U10 | D7: =VLOOKUP($C7,Sheet1!$A$2:$B$10,2,0) -> 141120-14600 | E7: CALIPER ASSY,FRONT BRAKE,L | F7: 45992 | G7: 0.47916667 | H7: CA-07 | I7: AC5 | J7: 18 | K7: =VLOOKUP($C7,Sheet1!$A$2:$D$10,4,0) -> 18 | L7: =VLOOKUP($C7,Sheet1!$A$2:$E$10,5,0) -> Trolley (H) | O7: GJ02ZZ7144 | P7: Barode sticker
A8: G/I/25-26/01294 | B8: 01Z599626209AC5 | C8: 55311M58U00 | D8: =VLOOKUP($C8,Sheet1!$A$2:$B$10,2,0) -> 141185-74670 | E8: DISC,FRONT BRAKE | F8: 45992 | G8: 0.47916667 | H8: CA-07 | I8: AC5 | J8: 40 | K8: =VLOOKUP($C8,Sheet1!$A$2:$D$10,4,0) -> 40 | L8: =VLOOKUP($C8,Sheet1!$A$2:$E$10,5,0) -> Trolley | N8: =J8/K8 -> 1 | O8: GJ02ZZ7144 | P8: 910102507
A9: G/I/25-26/01294 | B9: 01Z599804298AC5 | C9: 55311M58U00 | D9: =VLOOKUP($C9,Sheet1!$A$2:$B$10,2,0) -> 141185-74670 | E9: DISC,FRONT BRAKE | F9: 45992 | G9: 0.47916667 | H9: CA-07 | I9: AC5 | J9: 40 | K9: =VLOOKUP($C9,Sheet1!$A$2:$D$10,4,0) -> 40 | L9: =VLOOKUP($C9,Sheet1!$A$2:$E$10,5,0) -> Trolley | N9: =J9/K9 -> 1 | O9: GJ02ZZ7144 | P9: 910102507
A10: G/I/25-26/01294 | B10: 01Z599626241AC5 | C10: 55401M58U00 | D10: =VLOOKUP($C10,Sheet1!$A$2:$B$10,2,0) -> 141140-91211 | E10: CALIPER ASSY,REAR BRAKE,R | F10: 45992 | G10: 0.47916667 | H10: CA-21 | I10: AC5 | J10: 20 | K10: =VLOOKUP($C10,Sheet1!$A$2:$D$10,4,0) -> 2 | L10: =VLOOKUP($C10,Sheet1!$A$2:$E$10,5,0) -> Bin | M10: =J10/K10 -> 10 | O10: GJ02ZZ7144 | P10: 12509Q100239
A11: G/I/25-26/01294 | B11: 01Z599802309AC5 | C11: 55401M58U00 | D11: =VLOOKUP($C11,Sheet1!$A$2:$B$10,2,0) -> 141140-91211 | E11: CALIPER ASSY,REAR BRAKE,R | F11: 45992 | G11: 0.47916667 | H11: CA-21 | I11: AC5 | J11: 26 | K11: =VLOOKUP($C11,Sheet1!$A$2:$D$10,4,0) -> 2 | L11: =VLOOKUP($C11,Sheet1!$A$2:$E$10,5,0) -> Bin | M11: =J11/K11 -> 13 | O11: GJ02ZZ7144 | P11: 12509Q100239
A12: G/I/25-26/01294 | B12: 01Z599626284AC5 | C12: 55402M58U00 | D12: =VLOOKUP($C12,Sheet1!$A$2:$B$10,2,0) -> 141150-91211 | E12: CALIPER ASSY,REAR BRAKE,L | F12: 45992 | G12: 0.47916667 | H12: CA-21 | I12: AC5 | J12: 20 | K12: =VLOOKUP($C12,Sheet1!$A$2:$D$10,4,0) -> 2 | L12: =VLOOKUP($C12,Sheet1!$A$2:$E$10,5,0) -> Bin | M12: =J12/K12 -> 10 | O12: GJ02ZZ7144 | P12: 12509Q100239
A13: G/I/25-26/01294 | B13: 01Z599804573AC5 | C13: 55402M58U00 | D13: =VLOOKUP($C13,Sheet1!$A$2:$B$10,2,0) -> 141150-91211 | E13: CALIPER ASSY,REAR BRAKE,L | F13: 45992 | G13: 0.47916667 | H13: CA-21 | I13: AC5 | J13: 26 | K13: =VLOOKUP($C13,Sheet1!$A$2:$D$10,4,0) -> 2 | L13: =VLOOKUP($C13,Sheet1!$A$2:$E$10,5,0) -> Bin | M13: =J13/K13 -> 13 | O13: GJ02ZZ7144 | P13: 12509Q100239
A14: G/I/25-26/01294 | B14: 01Z599626314AC5 | C14: 55611M58U00 | D14: =VLOOKUP($C14,Sheet1!$A$2:$B$10,2,0) -> 141186-74360 | E14: DISC,REAR BRAKE | F14: 45992 | G14: 0.47916667 | H14: CA-21 | I14: AC5 | J14: 40 | K14: =VLOOKUP($C14,Sheet1!$A$2:$D$10,4,0) -> 40 | L14: =VLOOKUP($C14,Sheet1!$A$2:$E$10,5,0) -> Trolley | N14: =J14/K14 -> 1 | O14: GJ02ZZ7144 | P14: 910101143
A15: G/I/25-26/01294 | B15: 01Z599805189AC5 | C15: 55611M58U00 | D15: =VLOOKUP($C15,Sheet1!$A$2:$B$10,2,0) -> 141186-74360 | E15: DISC,REAR BRAKE | F15: 45992 | G15: 0.47916667 | H15: CA-21 | I15: AC5 | J15: 40 | K15: =VLOOKUP($C15,Sheet1!$A$2:$D$10,4,0) -> 40 | L15: =VLOOKUP($C15,Sheet1!$A$2:$E$10,5,0) -> Trolley | N15: =J15/K15 -> 1 | O15: GJ02ZZ7144 | P15: 910101143
A16: G/I/25-26/01295 | B16: 01Z599626357AC5 | C16: 56110M58UA1 | D16: =VLOOKUP($C16,Sheet1!$A$2:$B$10,2,0) -> 116040-92240 | E16: ACTUATOR ASSY,NO VARIANT ESP | F16: 45992 | G16: 0.47916667 | H16: CA-01 | I16: AC5 | J16: 24 | K16: =VLOOKUP($C16,Sheet1!$A$2:$D$10,4,0) -> 6 | L16: =VLOOKUP($C16,Sheet1!$A$2:$E$10,5,0) -> Bin | M16: =J16/K16 -> 4 | O16: GJ02ZZ7144 | P16: 12505Q100031
A17: G/I/25-26/01295 | B17: 01Z599803712AC5 | C17: 56110M58UA1 | D17: =VLOOKUP($C17,Sheet1!$A$2:$B$10,2,0) -> 116040-92240 | E17: ACTUATOR ASSY,NO VARIANT ESP | F17: 45992 | G17: 0.47916667 | H17: CA-01 | I17: AC5 | J17: 30 | K17: =VLOOKUP($C17,Sheet1!$A$2:$D$10,4,0) -> 6 | L17: =VLOOKUP($C17,Sheet1!$A$2:$E$10,5,0) -> Bin | M17: =J17/K17 -> 5 | O17: GJ02ZZ7144 | P17: 12505Q100031
A18: G/I/25-26/01295 | B18: 01Z599626390AC5 | C18: 5A120M58U01 | D18: =VLOOKUP($C18,Sheet1!$A$2:$B$10,2,0) -> 114010-50820 | E18: CYLINDER ASSY,BK MASTER W/ECU | F18: 45992 | G18: 0.47916667 | H18: CA-01 | I18: AC5 | J18: 5 | K18: =VLOOKUP($C18,Sheet1!$A$2:$D$10,4,0) -> 1 | L18: =VLOOKUP($C18,Sheet1!$A$2:$E$10,5,0) -> Bin | M18: =J18/K18 -> 5 | O18: GJ02ZZ7144 | P18: 12504Q100266
A19: G/I/25-26/01295 | B19: 01Z599796090AC5 | C19: 5A120M58U01 | D19: =VLOOKUP($C19,Sheet1!$A$2:$B$10,2,0) -> 114010-50820 | E19: CYLINDER ASSY,BK MASTER W/ECU | F19: 45992 | G19: 0.47916667 | H19: CA-01 | I19: AC5 | J19: 1 | K19: =VLOOKUP($C19,Sheet1!$A$2:$D$10,4,0) -> 1 | L19: =VLOOKUP($C19,Sheet1!$A$2:$E$10,5,0) -> Bin | M19: =J19/K19 -> 1 | O19: GJ02ZZ7144 | P19: 12504Q100256
A20: G/I/25-26/01295 | B20: 01Z599626438AC5 | C20: 5A120M58U50 | D20: =VLOOKUP($C20,Sheet1!$A$2:$B$10,2,0) -> 114010-50830 | E20: CYLINDER ASSY,BK MASTER W/ECU | F20: 45992 | G20: 0.47916667 | H20: CA-01 | I20: AC5 | J20: 15 | K20: =VLOOKUP($C20,Sheet1!$A$2:$D$10,4,0) -> 1 | L20: =VLOOKUP($C20,Sheet1!$A$2:$E$10,5,0) -> Bin | M20: =J20/K20 -> 15 | O20: GJ02ZZ7144 | P20: 12504Q100256
A21: G/I/25-26/01295 | B21: 01Z599803186AC5 | C21: 5A120M58U50 | D21: =VLOOKUP($C21,Sheet1!$A$2:$B$10,2,0) -> 114010-50830 | E21: CYLINDER ASSY,BK MASTER W/ECU | F21: 45992 | G21: 0.47916667 | H21: CA-01 | I21: AC5 | J21: 25 | K21: =VLOOKUP($C21,Sheet1!$A$2:$D$10,4,0) -> 1 | L21: =VLOOKUP($C21,Sheet1!$A$2:$E$10,5,0) -> Bin | M21: =J21/K21 -> 25 | O21: GJ02ZZ7144 | P21: 12504Q100256
M22: 101 | N22: 6
A23: G/I/25-26/01296 | B23: 01Z599626152AC5 | C23: 55101M58U10 | D23: =VLOOKUP($C23,Sheet1!$A$2:$B$10,2,0) -> 141110-14600 | E23: CALIPER ASSY,FRONT BRAKE,R | F23: 45992 | G23: 0.52083333 | H23: CA-07 | I23: AC5 | J23: 18 | K23: =VLOOKUP($C23,Sheet1!$A$2:$D$10,4,0) -> 18 | L23: =VLOOKUP($C23,Sheet1!$A$2:$E$10,5,0) -> Trolley (H) | N23: 1 | O23: GJ23Y8525 | P23: Barode sticker
A24: G/I/25-26/01296 | B24: 01Z599626187AC5 | C24: 55102M58U10 | D24: =VLOOKUP($C24,Sheet1!$A$2:$B$10,2,0) -> 141120-14600 | E24: CALIPER ASSY,FRONT BRAKE,L | F24: 45992 | G24: 0.52083333 | H24: CA-07 | I24: AC5 | J24: 18 | K24: =VLOOKUP($C24,Sheet1!$A$2:$D$10,4,0) -> 18 | L24: =VLOOKUP($C24,Sheet1!$A$2:$E$10,5,0) -> Trolley (H) | O24: GJ23Y8525 | P24: Barode sticker
A25: G/I/25-26/01296 | B25: 01Z599626217AC5 | C25: 55311M58U00 | D25: =VLOOKUP($C25,Sheet1!$A$2:$B$10,2,0) -> 141185-74670 | E25: DISC,FRONT BRAKE | F25: 45992 | G25: 0.52083333 | H25: CA-07 | I25: AC5 | J25: 40 | K25: =VLOOKUP($C25,Sheet1!$A$2:$D$10,4,0) -> 40 | L25: =VLOOKUP($C25,Sheet1!$A$2:$E$10,5,0) -> Trolley | N25: =J25/K25 -> 1 | O25: GJ23Y8525 | P25: 910102507
A26: G/I/25-26/01296 | B26: 01Z599626250AC5 | C26: 55401M58U00 | D26: =VLOOKUP($C26,Sheet1!$A$2:$B$10,2,0) -> 141140-91211 | E26: CALIPER ASSY,REAR BRAKE,R | F26: 45992 | G26: 0.52083333 | H26: CA-21 | I26: AC5 | J26: 20 | K26: =VLOOKUP($C26,Sheet1!$A$2:$D$10,4,0) -> 2 | L26: =VLOOKUP($C26,Sheet1!$A$2:$E$10,5,0) -> Bin | M26: =J26/K26 -> 10 | O26: GJ23Y8525 | P26: 12509Q100239
A27: G/I/25-26/01296 | B27: 01Z599626292AC5 | C27: 55402M58U00 | D27: =VLOOKUP($C27,Sheet1!$A$2:$B$10,2,0) -> 141150-91211 | E27: CALIPER ASSY,REAR BRAKE,L | F27: 45992 | G27: 0.52083333 | H27: CA-21 | I27: AC5 | J27: 20 | K27: =VLOOKUP($C27,Sheet1!$A$2:$D$10,4,0) -> 2 | L27: =VLOOKUP($C27,Sheet1!$A$2:$E$10,5,0) -> Bin | M27: =J27/K27 -> 10 | O27: GJ23Y8525 | P27: 12509Q100239
A28: G/I/25-26/01296 | B28: 01Z599626322AC5 | C28: 55611M58U00 | D28: =VLOOKUP($C28,Sheet1!$A$2:$B$10,2,0) -> 141186-74360 | E28: DISC,REAR BRAKE | F28: 45992 | G28: 0.52083333 | H28: CA-21 | I28: AC5 | J28: 40 | K28: =VLOOKUP($C28,Sheet1!$A$2:$D$10,4,0) -> 40 | L28: =VLOOKUP($C28,Sheet1!$A$2:$E$10,5,0) -> Trolley | N28: =J28/K28 -> 1 | O28: GJ23Y8525 | P28: 910101143
A29: G/I/25-26/01297 | B29: 01Z599626365AC5 | C29: 56110M58UA1 | D29: =VLOOKUP($C29,Sheet1!$A$2:$B$10,2,0) -> 116040-92240 | E29: ACTUATOR ASSY,NO VARIANT ESP | F29: 45992 | G29: 0.52083333 | H29: CA-01 | I29: AC5 | J29: 18 | K29: =VLOOKUP($C29,Sheet1!$A$2:$D$10,4,0) -> 6 | L29: =VLOOKUP($C29,Sheet1!$A$2:$E$10,5,0) -> Bin | M29: =J29/K29 -> 3 | O29: GJ23Y8525 | P29: 12505Q100031
A30: G/I/25-26/01297 | B30: 01Z599626403AC5 | C30: 5A120M58U01 | D30: =VLOOKUP($C30,Sheet1!$A$2:$B$10,2,0) -> 114010-50820 | E30: CYLINDER ASSY,BK MASTER W/ECU | F30: 45992 | G30: 0.52083333 | H30: CA-01 | I30: AC5 | J30: 12 | K30: =VLOOKUP($C30,Sheet1!$A$2:$D$10,4,0) -> 1 | L30: =VLOOKUP($C30,Sheet1!$A$2:$E$10,5,0) -> Bin | M30: =J30/K30 -> 12 | O30: GJ23Y8525 | P30: 12504Q100266
A31: G/I/25-26/01297 | B31: 01Z599626446AC5 | C31: 5A120M58U50 | D31: =VLOOKUP($C31,Sheet1!$A$2:$B$10,2,0) -> 114010-50830 | E31: CYLINDER ASSY,BK MASTER W/ECU | F31: 45992 | G31: 0.52083333 | H31: CA-01 | I31: AC5 | J31: 8 | K31: =VLOOKUP($C31,Sheet1!$A$2:$D$10,4,0) -> 1 | L31: =VLOOKUP($C31,Sheet1!$A$2:$E$10,5,0) -> Bin | M31: =J31/K31 -> 8 | O31: GJ23Y8525 | P31: 12504Q100256
M32: 43 | N32: 3
A33: G/I/25-26/01298 | B33: 01Z599626160AC5 | C33: 55101M58U10 | D33: =VLOOKUP($C33,Sheet1!$A$2:$B$10,2,0) -> 141110-14600 | E33: CALIPER ASSY,FRONT BRAKE,R | F33: 45992 | G33: 0.60416667 | H33: CA-07 | I33: AC5 | J33: 18 | K33: =VLOOKUP($C33,Sheet1!$A$2:$D$10,4,0) -> 18 | L33: =VLOOKUP($C33,Sheet1!$A$2:$E$10,5,0) -> Trolley (H) | N33: 1 | O33: HR47G9416 | P33: Barode sticker
A34: G/I/25-26/01298 | B34: 01Z599626195AC5 | C34: 55102M58U10 | D34: =VLOOKUP($C34,Sheet1!$A$2:$B$10,2,0) -> 141120-14600 | E34: CALIPER ASSY,FRONT BRAKE,L | F34: 45992 | G34: 0.60416667 | H34: CA-07 | I34: AC5 | J34: 18 | K34: =VLOOKUP($C34,Sheet1!$A$2:$D$10,4,0) -> 18 | L34: =VLOOKUP($C34,Sheet1!$A$2:$E$10,5,0) -> Trolley (H) | O34: HR47G9416 | P34: Barode sticker
A35: G/I/25-26/01298 | B35: 01Z599626225AC5 | C35: 55311M58U00 | D35: =VLOOKUP($C35,Sheet1!$A$2:$B$10,2,0) -> 141185-74670 | E35: DISC,FRONT BRAKE | F35: 45992 | G35: 0.60416667 | H35: CA-07 | I35: AC5 | J35: 40 | K35: =VLOOKUP($C35,Sheet1!$A$2:$D$10,4,0) -> 40 | L35: =VLOOKUP($C35,Sheet1!$A$2:$E$10,5,0) -> Trolley | N35: =J35/K35 -> 1 | O35: HR47G9416 | P35: 910102649
A36: G/I/25-26/01298 | B36: 01Z599626268AC5 | C36: 55401M58U00 | D36: =VLOOKUP($C36,Sheet1!$A$2:$B$10,2,0) -> 141140-91211 | E36: CALIPER ASSY,REAR BRAKE,R | F36: 45992 | G36: 0.60416667 | H36: CA-21 | I36: AC5 | J36: 12 | K36: =VLOOKUP($C36,Sheet1!$A$2:$D$10,4,0) -> 2 | L36: =VLOOKUP($C36,Sheet1!$A$2:$E$10,5,0) -> Bin | M36: =J36/K36 -> 6 | O36: HR47G9416 | P36: 12509Q100239
A37: G/I/25-26/01298 | B37: 01Z599626306AC5 | C37: 55402M58U00 | D37: =VLOOKUP($C37,Sheet1!$A$2:$B$10,2,0) -> 141150-91211 | E37: CALIPER ASSY,REAR BRAKE,L | F37: 45992 | G37: 0.60416667 | H37: CA-21 | I37: AC5 | J37: 12 | K37: =VLOOKUP($C37,Sheet1!$A$2:$D$10,4,0) -> 2 | L37: =VLOOKUP($C37,Sheet1!$A$2:$E$10,5,0) -> Bin | M37: =J37/K37 -> 6 | O37: HR47G9416 | P37: 12509Q100239
A38: G/I/25-26/01298 | B38: 01Z599626330AC5 | C38: 55611M58U00 | D38: =VLOOKUP($C38,Sheet1!$A$2:$B$10,2,0) -> 141186-74360 | E38: DISC,REAR BRAKE | F38: 45992 | G38: 0.60416667 | H38: CA-21 | I38: AC5 | J38: 40 | K38: =VLOOKUP($C38,Sheet1!$A$2:$D$10,4,0) -> 40 | L38: =VLOOKUP($C38,Sheet1!$A$2:$E$10,5,0) -> Trolley | N38: =J38/K38 -> 1 | O38: HR47G9416 | P38: 910101143
A39: G/I/25-26/01299 | B39: 01Z599626373AC5 | C39: 56110M58UA1 | D39: =VLOOKUP($C39,Sheet1!$A$2:$B$10,2,0) -> 116040-92240 | E39: ACTUATOR ASSY,NO VARIANT ESP | F39: 45992 | G39: 0.60416667 | H39: CA-01 | I39: AC5 | J39: 12 | K39: =VLOOKUP($C39,Sheet1!$A$2:$D$10,4,0) -> 6 | L39: =VLOOKUP($C39,Sheet1!$A$2:$E$10,5,0) -> Bin | M39: =J39/K39 -> 2 | O39: HR47G9416 | P39: 12505Q100031
A40: G/I/25-26/01299 | B40: 01Z599626411AC5 | C40: 5A120M58U01 | D40: =VLOOKUP($C40,Sheet1!$A$2:$B$10,2,0) -> 114010-50820 | E40: CYLINDER ASSY,BK MASTER W/ECU | F40: 45992 | G40: 0.60416667 | H40: CA-01 | I40: AC5 | J40: 7 | K40: =VLOOKUP($C40,Sheet1!$A$2:$D$10,4,0) -> 1 | L40: =VLOOKUP($C40,Sheet1!$A$2:$E$10,5,0) -> Bin | M40: =J40/K40 -> 7 | O40: HR47G9416 | P40: 12504Q100266
A41: G/I/25-26/01299 | B41: 01Z599626454AC5 | C41: 5A120M58U50 | D41: =VLOOKUP($C41,Sheet1!$A$2:$B$10,2,0) -> 114010-50830 | E41: CYLINDER ASSY,BK MASTER W/ECU | F41: 45992 | G41: 0.60416667 | H41: CA-01 | I41: AC5 | J41: 4 | K41: =VLOOKUP($C41,Sheet1!$A$2:$D$10,4,0) -> 1 | L41: =VLOOKUP($C41,Sheet1!$A$2:$E$10,5,0) -> Bin | M41: =J41/K41 -> 4 | O41: HR47G9416 | P41: 12504Q100256
M42: 25 | N42: 3
A43: G/I/25-26/01300 | B43: 01Z599626233AC5 | C43: 55401M58U00 | D43: =VLOOKUP($C43,Sheet1!$A$2:$B$10,2,0) -> 141140-91211 | E43: CALIPER ASSY,REAR BRAKE,R | F43: 45992 | G43: 0.6875 | H43: CA-21 | I43: AC5 | J43: 8 | K43: =VLOOKUP($C43,Sheet1!$A$2:$D$10,4,0) -> 2 | L43: =VLOOKUP($C43,Sheet1!$A$2:$E$10,5,0) -> Bin | M43: =J43/K43 -> 4 | O43: HR47E8635 | P43: 12509Q100239
A44: G/I/25-26/01300 | B44: 01Z599626276AC5 | C44: 55402M58U00 | D44: =VLOOKUP($C44,Sheet1!$A$2:$B$10,2,0) -> 141150-91211 | E44: CALIPER ASSY,REAR BRAKE,L | F44: 45992 | G44: 0.6875 | H44: CA-21 | I44: AC5 | J44: 8 | K44: =VLOOKUP($C44,Sheet1!$A$2:$D$10,4,0) -> 2 | L44: =VLOOKUP($C44,Sheet1!$A$2:$E$10,5,0) -> Bin | M44: =J44/K44 -> 4 | O44: HR47E8635 | P44: 12509Q100239
A45: G/I/25-26/01301 | B45: 01Z599626349AC5 | C45: 56110M58UA1 | D45: =VLOOKUP($C45,Sheet1!$A$2:$B$10,2,0) -> 116040-92240 | E45: ACTUATOR ASSY,NO VARIANT ESP | F45: 45992 | G45: 0.6875 | H45: CA-01 | I45: AC5 | J45: 6 | K45: =VLOOKUP($C45,Sheet1!$A$2:$D$10,4,0) -> 6 | L45: =VLOOKUP($C45,Sheet1!$A$2:$E$10,5,0) -> Bin | M45: =J45/K45 -> 1 | O45: HR47E8635 | P45: 12505Q100031
A46: G/I/25-26/01301 | B46: 01Z599626381AC5 | C46: 5A120M58U01 | D46: =VLOOKUP($C46,Sheet1!$A$2:$B$10,2,0) -> 114010-50820 | E46: CYLINDER ASSY,BK MASTER W/ECU | F46: 45992 | G46: 0.6875 | H46: CA-01 | I46: AC5 | J46: 4 | K46: =VLOOKUP($C46,Sheet1!$A$2:$D$10,4,0) -> 1 | L46: =VLOOKUP($C46,Sheet1!$A$2:$E$10,5,0) -> Bin | M46: =J46/K46 -> 4 | O46: HR47E8635 | P46: 12504Q100266
A47: G/I/25-26/01301 | B47: 01Z599626420AC5 | C47: 5A120M58U50 | D47: =VLOOKUP($C47,Sheet1!$A$2:$B$10,2,0) -> 114010-50830 | E47: CYLINDER ASSY,BK MASTER W/ECU | F47: 45992 | G47: 0.6875 | H47: CA-01 | I47: AC5 | J47: 6 | K47: =VLOOKUP($C47,Sheet1!$A$2:$D$10,4,0) -> 1 | L47: =VLOOKUP($C47,Sheet1!$A$2:$E$10,5,0) -> Bin | M47: =J47/K47 -> 6 | O47: HR47E8635 | P47: 12504Q100256
M48: 19
B49: Download : X539_eNagare_20251129.txt

Sheet 02-12-2025
A1: Dailly SMG Pick List | J1: 24AACCN5739J1ZA
A2: Supply Month | B2: 45993 | L2: Vehicle No
A3: INVOICE NO | B3: KANBAN NO | C3: PART NUMBER | D3: Material Code | E3: PART NAME | F3: SUPPLY DATE | G3: SUPPLY TIME | H3: UNLOADING LOC | I3: Line | J3: Qty Req | K3: Packing Standerd | L3: Packed in | M3: TTL Bin | N3: TORLLY | O3: Vehicle No | P3: INV NO
A4: G/I/25-26/01302 | B4: 02Z500460281AC5 | C4: 55101M58U10 | D4: =VLOOKUP($C4,Sheet1!$A$2:$B$10,2,0) -> 141110-14600 | E4: CALIPER ASSY,FRONT BRAKE,R | F4: 45993 | G4: 0.35416667 | H4: CA-07 | I4: AC5 | J4: 36 | K4: =VLOOKUP($C4,Sheet1!$A$2:$D$10,4,0) -> 18 | L4: =VLOOKUP($C4,Sheet1!$A$2:$E$10,5,0) -> Trolley (H) | N4: 2 | O4: GJ01KT7585 | P4: Barode sticker
A5: G/I/25-26/01302 | B5: 02Z500461059AC5 | C5: 55102M58U10 | D5: =VLOOKUP($C5,Sheet1!$A$2:$B$10,2,0) -> 141120-14600 | E5: CALIPER ASSY,FRONT BRAKE,L | F5: 45993 | G5: 0.35416667 | H5: CA-07 | I5: AC5 | J5: 36 | K5: =VLOOKUP($C5,Sheet1!$A$2:$D$10,4,0) -> 18 | L5: =VLOOKUP($C5,Sheet1!$A$2:$E$10,5,0) -> Trolley (H) | O5: GJ01KT7585 | P5: Barode sticker
A6: G/I/25-26/01302 | B6: 02Z500327590AC5 | C6: 55311M58U00 | D6: =VLOOKUP($C6,Sheet1!$A$2:$B$10,2,0) -> 141185-74670 | E6: DISC,FRONT BRAKE | F6: 45993 | G6: 0.35416667 | H6: CA-07 | I6: AC5 | J6: 40 | K6: =VLOOKUP($C6,Sheet1!$A$2:$D$10,4,0) -> 40 | L6: =VLOOKUP($C6,Sheet1!$A$2:$E$10,5,0) -> Trolley | N6: =J6/K6 -> 1 | O6: GJ01KT7585 | P6: 910102649
A7: G/I/25-26/01302 | B7: 02Z500457973AC5 | C7: 55311M58U00 | D7: =VLOOKUP($C7,Sheet1!$A$2:$B$10,2,0) -> 141185-74670 | E7: DISC,FRONT BRAKE | F7: 45993 | G7: 0.35416667 | H7: CA-07 | I7: AC5 | J7: 40 | K7: =VLOOKUP($C7,Sheet1!$A$2:$D$10,4,0) -> 40 | L7: =VLOOKUP($C7,Sheet1!$A$2:$E$10,5,0) -> Trolley | N7: =J7/K7 -> 1 | O7: GJ01KT7585 | P7: 910102394
A8: G/I/25-26/01302 | B8: 02Z500327620AC5 | C8: 55401M58U00 | D8: =VLOOKUP($C8,Sheet1!$A$2:$B$10,2,0) -> 141140-91211 | E8: CALIPER ASSY,REAR BRAKE,R | F8: 45993 | G8: 0.35416667 | H8: CA-21 | I8: AC5 | J8: 20 | K8: =VLOOKUP($C8,Sheet1!$A$2:$D$10,4,0) -> 2 | L8: =VLOOKUP($C8,Sheet1!$A$2:$E$10,5,0) -> Bin | M8: =J8/K8 -> 10 | O8: GJ01KT7585 | P8: 12509Q100239
A9: G/I/25-26/01302 | B9: 02Z500455156AC5 | C9: 55401M58U00 | D9: =VLOOKUP($C9,Sheet1!$A$2:$B$10,2,0) -> 141140-91211 | E9: CALIPER ASSY,REAR BRAKE,R | F9: 45993 | G9: 0.35416667 | H9: CA-21 | I9: AC5 | J9: 22 | K9: =VLOOKUP($C9,Sheet1!$A$2:$D$10,4,0) -> 2 | L9: =VLOOKUP($C9,Sheet1!$A$2:$E$10,5,0) -> Bin | M9: =J9/K9 -> 11 | O9: GJ01KT7585 | P9: 12509Q100239
A10: G/I/25-26/01302 | B10: 02Z500327662AC5 | C10: 55402M58U00 | D10: =VLOOKUP($C10,Sheet1!$A$2:$B$10,2,0) -> 141150-91211 | E10: CALIPER ASSY,REAR BRAKE,L | F10: 45993 | G10: 0.35416667 | H10: CA-21 | I10: AC5 | J10: 20 | K10: =VLOOKUP($C10,Sheet1!$A$2:$D$10,4,0) -> 2 | L10: =VLOOKUP($C10,Sheet1!$A$2:$E$10,5,0) -> Bin | M10: =J10/K10 -> 10 | O10: GJ01KT7585 | P10: 12509Q100239
A11: G/I/25-26/01302 | B11: 02Z500465461AC5 | C11: 55402M58U00 | D11: =VLOOKUP($C11,Sheet1!$A$2:$B$10,2,0) -> 141150-91211 | E11: CALIPER ASSY,REAR BRAKE,L | F11: 45993 | G11: 0.35416667 | H11: CA-21 | I11: AC5 | J11: 22 | K11: =VLOOKUP($C11,Sheet1!$A$2:$D$10,4,0) -> 2 | L11: =VLOOKUP($C11,Sheet1!$A$2:$E$10,5,0) -> Bin | M11: =J11/K11 -> 11 | O11: GJ01KT7585 | P11: 12509Q100239
A12: G/I/25-26/01303 | B12: 02Z500327530AC5 | C12: 55101M58U10 | D12: =VLOOKUP($C12,Sheet1!$A$2:$B$10,2,0) -> 141110-14600 | E12: CALIPER ASSY,FRONT BRAKE,R | F12: 45993 | G12: 0.35416667 | H12: CA-07 | I12: AC5 | J12: 18 | K12: =VLOOKUP($C12,Sheet1!$A$2:$D$10,4,0) -> 18 | L12: =VLOOKUP($C12,Sheet1!$A$2:$E$10,5,0) -> Trolley (H) | N12: 1 | O12: GJ01KT7585 | P12: Barode sticker
A13: G/I/25-26/01303 | B13: 02Z500327565AC5 | C13: 55102M58U10 | D13: =VLOOKUP($C13,Sheet1!$A$2:$B$10,2,0) -> 141120-14600 | E13: CALIPER ASSY,FRONT BRAKE,L | F13: 45993 | G13: 0.35416667 | H13: CA-07 | I13: AC5 | J13: 18 | K13: =VLOOKUP($C13,Sheet1!$A$2:$D$10,4,0) -> 18 | L13: =VLOOKUP($C13,Sheet1!$A$2:$E$10,5,0) -> Trolley (H) | O13: GJ01KT7585 | P13: Barode sticker
A14: G/I/25-26/01303 | B14: 02Z500327697AC5 | C14: 55611M58U00 | D14: =VLOOKUP($C14,Sheet1!$A$2:$B$10,2,0) -> 141186-74360 | E14: DISC,REAR BRAKE | F14: 45993 | G14: 0.35416667 | H14: CA-21 | I14: AC5 | J14: 40 | K14: =VLOOKUP($C14,Sheet1!$A$2:$D$10,4,0) -> 40 | L14: =VLOOKUP($C14,Sheet1!$A$2:$E$10,5,0) -> Trolley | N14: =J14/K14 -> 1 | O14: GJ01KT7585 | P14: 910101985-36PCS / 910101603-04 PCS
A15: G/I/25-26/01303 | B15: 02Z500455113AC5 | C15: 55611M58U00 | D15: =VLOOKUP($C15,Sheet1!$A$2:$B$10,2,0) -> 141186-74360 | E15: DISC,REAR BRAKE | F15: 45993 | G15: 0.35416667 | H15: CA-21 | I15: AC5 | J15: 80 | K15: =VLOOKUP($C15,Sheet1!$A$2:$D$10,4,0) -> 40 | L15: =VLOOKUP($C15,Sheet1!$A$2:$E$10,5,0) -> Trolley | N15: =J15/K15 -> 2 | O15: GJ01KT7585 | P15: 910101603-40 PCS / 910101143-40 PCS
A16: G/I/25-26/01304 | B16: 02Z500327727AC5 | C16: 56110M58UA1 | D16: =VLOOKUP($C16,Sheet1!$A$2:$B$10,2,0) -> 116040-92240 | E16: ACTUATOR ASSY,NO VARIANT ESP | F16: 45993 | G16: 0.35416667 | H16: CA-01 | I16: AC5 | J16: 18 | K16: =VLOOKUP($C16,Sheet1!$A$2:$D$10,4,0) -> 6 | L16: =VLOOKUP($C16,Sheet1!$A$2:$E$10,5,0) -> Bin | M16: =J16/K16 -> 3 | O16: GJ01KT7585 | P16: 12505Q100031
A17: G/I/25-26/01304 | B17: 02Z500460508AC5 | C17: 56110M58UA1 | D17: =VLOOKUP($C17,Sheet1!$A$2:$B$10,2,0) -> 116040-92240 | E17: ACTUATOR ASSY,NO VARIANT ESP | F17: 45993 | G17: 0.35416667 | H17: CA-01 | I17: AC5 | J17: 24 | K17: =VLOOKUP($C17,Sheet1!$A$2:$D$10,4,0) -> 6 | L17: =VLOOKUP($C17,Sheet1!$A$2:$E$10,5,0) -> Bin | M17: =J17/K17 -> 4 | O17: GJ01KT7585 | P17: 12505Q100031
A18: G/I/25-26/01304 | B18: 02Z500327751AC5 | C18: 5A120M58U01 | D18: =VLOOKUP($C18,Sheet1!$A$2:$B$10,2,0) -> 114010-50820 | E18: CYLINDER ASSY,BK MASTER W/ECU | F18: 45993 | G18: 0.35416667 | H18: CA-01 | I18: AC5 | J18: 5 | K18: =VLOOKUP($C18,Sheet1!$A$2:$D$10,4,0) -> 1 | L18: =VLOOKUP($C18,Sheet1!$A$2:$E$10,5,0) -> Bin | M18: =J18/K18 -> 5 | O18: GJ01KT7585 | P18: 12504Q100266
A19: G/I/25-26/01304 | B19: 02Z500457523AC5 | C19: 5A120M58U01 | D19: =VLOOKUP($C19,Sheet1!$A$2:$B$10,2,0) -> 114010-50820 | E19: CYLINDER ASSY,BK MASTER W/ECU | F19: 45993 | G19: 0.35416667 | H19: CA-01 | I19: AC5 | J19: 7 | K19: =VLOOKUP($C19,Sheet1!$A$2:$D$10,4,0) -> 1 | L19: =VLOOKUP($C19,Sheet1!$A$2:$E$10,5,0) -> Bin | M19: =J19/K19 -> 7 | O19: GJ01KT7585 | P19: 12504Q100266
A20: G/I/25-26/01304 | B20: 02Z500327794AC5 | C20: 5A120M58U50 | D20: =VLOOKUP($C20,Sheet1!$A$2:$B$10,2,0) -> 114010-50830 | E20: CYLINDER ASSY,BK MASTER W/ECU | F20: 45993 | G20: 0.35416667 | H20: CA-01 | I20: AC5 | J20: 15 | K20: =VLOOKUP($C20,Sheet1!$A$2:$D$10,4,0) -> 1 | L20: =VLOOKUP($C20,Sheet1!$A$2:$E$10,5,0) -> Bin | M20: =J20/K20 -> 15 | O20: GJ01KT7585 | P20: 12504Q100256
A21: G/I/25-26/01304 | B21: 02Z500455660AC5 | C21: 5A120M58U50 | D21: =VLOOKUP($C21,Sheet1!$A$2:$B$10,2,0) -> 114010-50830 | E21: CYLINDER ASSY,BK MASTER W/ECU | F21: 45993 | G21: 0.35416667 | H21: CA-01 | I21: AC5 | J21: 16 | K21: =VLOOKUP($C21,Sheet1!$A$2:$D$10,4,0) -> 1 | L21: =VLOOKUP($C21,Sheet1!$A$2:$E$10,5,0) -> Bin | M21: =J21/K21 -> 16 | O21: GJ01KT7585 | P21: 12504Q100256
M22: 92 | N22: 8
A23: G/I/25-26/01305 | B23: 02Z500327549AC5 | C23: 55101M58U10 | D23: =VLOOKUP($C23,Sheet1!$A$2:$B$10,2,0) -> 141110-14600 | E23: CALIPER ASSY,FRONT BRAKE,R | F23: 45993 | G23: 0.5625 | H23: CA-07 | I23: AC5 | J23: 18 | K23: =VLOOKUP($C23,Sheet1!$A$2:$D$10,4,0) -> 18 | L23: =VLOOKUP($C23,Sheet1!$A$2:$E$10,5,0) -> Trolley (H) | N23: 1 | O23: GJ02ZZ7144 | P23: Barode sticker
A24: G/I/25-26/01305 | B24: 02Z500327573AC5 | C24: 55102M58U10 | D24: =VLOOKUP($C24,Sheet1!$A$2:$B$10,2,0) -> 141120-14600 | E24: CALIPER ASSY,FRONT BRAKE,L | F24: 45993 | G24: 0.5625 | H24: CA-07 | I24: AC5 | J24: 18 | K24: =VLOOKUP($C24,Sheet1!$A$2:$D$10,4,0) -> 18 | L24: =VLOOKUP($C24,Sheet1!$A$2:$E$10,5,0) -> Trolley (H) | O24: GJ02ZZ7144 | P24: Barode sticker
A25: G/I/25-26/01305 | B25: 02Z500327603AC5 | C25: 55311M58U00 | D25: =VLOOKUP($C25,Sheet1!$A$2:$B$10,2,0) -> 141185-74670 | E25: DISC,FRONT BRAKE | F25: 45993 | G25: 0.5625 | H25: CA-07 | I25: AC5 | J25: 40 | K25: =VLOOKUP($C25,Sheet1!$A$2:$D$10,4,0) -> 40 | L25: =VLOOKUP($C25,Sheet1!$A$2:$E$10,5,0) -> Trolley | N25: =J25/K25 -> 1 | O25: GJ02ZZ7144 | P25: 910102507
A26: G/I/25-26/01305 | B26: 02Z500327638AC5 | C26: 55401M58U00 | D26: =VLOOKUP($C26,Sheet1!$A$2:$B$10,2,0) -> 141140-91211 | E26: CALIPER ASSY,REAR BRAKE,R | F26: 45993 | G26: 0.5625 | H26: CA-21 | I26: AC5 | J26: 20 | K26: =VLOOKUP($C26,Sheet1!$A$2:$D$10,4,0) -> 2 | L26: =VLOOKUP($C26,Sheet1!$A$2:$E$10,5,0) -> Bin | M26: =J26/K26 -> 10 | O26: GJ02ZZ7144 | P26: 12509Q100239
A27: G/I/25-26/01305 | B27: 02Z500327670AC5 | C27: 55402M58U00 | D27: =VLOOKUP($C27,Sheet1!$A$2:$B$10,2,0) -> 141150-91211 | E27: CALIPER ASSY,REAR BRAKE,L | F27: 45993 | G27: 0.5625 | H27: CA-21 | I27: AC5 | J27: 20 | K27: =VLOOKUP($C27,Sheet1!$A$2:$D$10,4,0) -> 2 | L27: =VLOOKUP($C27,Sheet1!$A$2:$E$10,5,0) -> Bin | M27: =J27/K27 -> 10 | O27: GJ02ZZ7144 | P27: 12509Q100239
A28: G/I/25-26/01305 | B28: 02Z500327700AC5 | C28: 55611M58U00 | D28: =VLOOKUP($C28,Sheet1!$A$2:$B$10,2,0) -> 141186-74360 | E28: DISC,REAR BRAKE | F28: 45993 | G28: 0.5625 | H28: CA-21 | I28: AC5 | J28: 40 | K28: =VLOOKUP($C28,Sheet1!$A$2:$D$10,4,0) -> 40 | L28: =VLOOKUP($C28,Sheet1!$A$2:$E$10,5,0) -> Trolley | N28: =J28/K28 -> 1 | O28: GJ02ZZ7144 | P28: 910101985
A29: G/I/25-26/01306 | B29: 02Z500327735AC5 | C29: 56110M58UA1 | D29: =VLOOKUP($C29,Sheet1!$A$2:$B$10,2,0) -> 116040-92240 | E29: ACTUATOR ASSY,NO VARIANT ESP | F29: 45993 | G29: 0.5625 | H29: CA-01 | I29: AC5 | J29: 24 | K29: =VLOOKUP($C29,Sheet1!$A$2:$D$10,4,0) -> 6 | L29: =VLOOKUP($C29,Sheet1!$A$2:$E$10,5,0) -> Bin | M29: =J29/K29 -> 4 | O29: GJ02ZZ7144 | P29: 12505Q100031
A30: G/I/25-26/01306 | B30: 02Z500327760AC5 | C30: 5A120M58U01 | D30: =VLOOKUP($C30,Sheet1!$A$2:$B$10,2,0) -> 114010-50820 | E30: CYLINDER ASSY,BK MASTER W/ECU | F30: 45993 | G30: 0.5625 | H30: CA-01 | I30: AC5 | J30: 12 | K30: =VLOOKUP($C30,Sheet1!$A$2:$D$10,4,0) -> 1 | L30: =VLOOKUP($C30,Sheet1!$A$2:$E$10,5,0) -> Bin | M30: =J30/K30 -> 12 | O30: GJ02ZZ7144 | P30: 12504Q100266
A31: G/I/25-26/01306 | B31: 02Z500327808AC5 | C31: 5A120M58U50 | D31: =VLOOKUP($C31,Sheet1!$A$2:$B$10,2,0) -> 114010-50830 | E31: CYLINDER ASSY,BK MASTER W/ECU | F31: 45993 | G31: 0.5625 | H31: CA-01 | I31: AC5 | J31: 3 | K31: =VLOOKUP($C31,Sheet1!$A$2:$D$10,4,0) -> 1 | L31: =VLOOKUP($C31,Sheet1!$A$2:$E$10,5,0) -> Bin | M31: =J31/K31 -> 3 | O31: GJ02ZZ7144 | P31: 12504Q100256
A32: G/I/25-26/01307 | B32: 02Z500327646AC5 | C32: 55401M58U00 | D32: =VLOOKUP($C32,Sheet1!$A$2:$B$10,2,0) -> 141140-91211 | E32: CALIPER ASSY,REAR BRAKE,R | F32: 45993 | G32: 0.60416667 | H32: CA-21 | I32: AC5 | J32: 4 | K32: =VLOOKUP($C32,Sheet1!$A$2:$D$10,4,0) -> 2 | L32: =VLOOKUP($C32,Sheet1!$A$2:$E$10,5,0) -> Bin | M32: =J32/K32 -> 2 | O32: GJ02ZZ7144 | P32: 12509Q100239
A33: G/I/25-26/01307 | B33: 02Z500327689AC5 | C33: 55402M58U00 | D33: =VLOOKUP($C33,Sheet1!$A$2:$B$10,2,0) -> 141150-91211 | E33: CALIPER ASSY,REAR BRAKE,L | F33: 45993 | G33: 0.60416667 | H33: CA-21 | I33: AC5 | J33: 4 | K33: =VLOOKUP($C33,Sheet1!$A$2:$D$10,4,0) -> 2 | L33: =VLOOKUP($C33,Sheet1!$A$2:$E$10,5,0) -> Bin | M33: =J33/K33 -> 2 | O33: GJ02ZZ7144 | P33: 12509Q100239
A34: G/I/25-26/01308 | B34: 02Z500327778AC5 | C34: 5A120M58U01 | D34: =VLOOKUP($C34,Sheet1!$A$2:$B$10,2,0) -> 114010-50820 | E34: CYLINDER ASSY,BK MASTER W/ECU | F34: 45993 | G34: 0.60416667 | H34: CA-01 | I34: AC5 | J34: 2 | K34: =VLOOKUP($C34,Sheet1!$A$2:$D$10,4,0) -> 1 | L34: =VLOOKUP($C34,Sheet1!$A$2:$E$10,5,0) -> Bin | M34: =J34/K34 -> 2 | O34: GJ02ZZ7144 | P34: 12504Q100266
M35: 45 | N35: 3
A36: G/I/25-26/01309 | B36: 02Z500327522AC5 | C36: 55101M58U10 | D36: =VLOOKUP($C36,Sheet1!$A$2:$B$10,2,0) -> 141110-14600 | E36: CALIPER ASSY,FRONT BRAKE,R | F36: 45993 | G36: 0.64583333 | H36: CA-07 | I36: AC5 | J36: 18 | K36: =VLOOKUP($C36,Sheet1!$A$2:$D$10,4,0) -> 18 | L36: =VLOOKUP($C36,Sheet1!$A$2:$E$10,5,0) -> Trolley (H) | N36: 1 | O36: HR47E8635 | P36: Barode sticker
A37: G/I/25-26/01309 | B37: 02Z500327557AC5 | C37: 55102M58U10 | D37: =VLOOKUP($C37,Sheet1!$A$2:$B$10,2,0) -> 141120-14600 | E37: CALIPER ASSY,FRONT BRAKE,L | F37: 45993 | G37: 0.64583333 | H37: CA-07 | I37: AC5 | J37: 18 | K37: =VLOOKUP($C37,Sheet1!$A$2:$D$10,4,0) -> 18 | L37: =VLOOKUP($C37,Sheet1!$A$2:$E$10,5,0) -> Trolley (H) | O37: HR47E8635 | P37: Barode sticker
A38: G/I/25-26/01309 | B38: 02Z500327581AC5 | C38: 55311M58U00 | D38: =VLOOKUP($C38,Sheet1!$A$2:$B$10,2,0) -> 141185-74670 | E38: DISC,FRONT BRAKE | F38: 45993 | G38: 0.64583333 | H38: CA-07 | I38: AC5 | J38: 40 | K38: =VLOOKUP($C38,Sheet1!$A$2:$D$10,4,0) -> 40 | L38: =VLOOKUP($C38,Sheet1!$A$2:$E$10,5,0) -> Trolley | N38: =J38/K38 -> 1 | O38: HR47E8635 | P38: 910102649
A39: G/I/25-26/01309 | B39: 02Z500327611AC5 | C39: 55401M58U00 | D39: =VLOOKUP($C39,Sheet1!$A$2:$B$10,2,0) -> 141140-91211 | E39: CALIPER ASSY,REAR BRAKE,R | F39: 45993 | G39: 0.64583333 | H39: CA-21 | I39: AC5 | J39: 8 | K39: =VLOOKUP($C39,Sheet1!$A$2:$D$10,4,0) -> 2 | L39: =VLOOKUP($C39,Sheet1!$A$2:$E$10,5,0) -> Bin | M39: =J39/K39 -> 4 | O39: HR47E8635 | P39: 12509Q100239
A40: G/I/25-26/01309 | B40: 02Z500327654AC5 | C40: 55402M58U00 | D40: =VLOOKUP($C40,Sheet1!$A$2:$B$10,2,0) -> 141150-91211 | E40: CALIPER ASSY,REAR BRAKE,L | F40: 45993 | G40: 0.64583333 | H40: CA-21 | I40: AC5 | J40: 8 | K40: =VLOOKUP($C40,Sheet1!$A$2:$D$10,4,0) -> 2 | L40: =VLOOKUP($C40,Sheet1!$A$2:$E$10,5,0) -> Bin | M40: =J40/K40 -> 4 | O40: HR47E8635 | P40: 12509Q100239
A41: G/I/25-26/01310 | B41: 02Z500327719AC5 | C41: 56110M58UA1 | D41: =VLOOKUP($C41,Sheet1!$A$2:$B$10,2,0) -> 116040-92240 | E41: ACTUATOR ASSY,NO VARIANT ESP | F41: 45993 | G41: 0.64583333 | H41: CA-01 | I41: AC5 | J41: 6 | K41: =VLOOKUP($C41,Sheet1!$A$2:$D$10,4,0) -> 6 | L41: =VLOOKUP($C41,Sheet1!$A$2:$E$10,5,0) -> Bin | M41: =J41/K41 -> 1 | O41: HR47E8635 | P41: 12505Q100031
A42: G/I/25-26/01310 | B42: 02Z500327743AC5 | C42: 5A120M58U01 | D42: =VLOOKUP($C42,Sheet1!$A$2:$B$10,2,0) -> 114010-50820 | E42: CYLINDER ASSY,BK MASTER W/ECU | F42: 45993 | G42: 0.64583333 | H42: CA-01 | I42: AC5 | J42: 9 | K42: =VLOOKUP($C42,Sheet1!$A$2:$D$10,4,0) -> 1 | L42: =VLOOKUP($C42,Sheet1!$A$2:$E$10,5,0) -> Bin | M42: =J42/K42 -> 9 | O42: HR47E8635 | P42: 12504Q100266
A43: G/I/25-26/01310 | B43: 02Z500327786AC5 | C43: 5A120M58U50 | D43: =VLOOKUP($C43,Sheet1!$A$2:$B$10,2,0) -> 114010-50830 | E43: CYLINDER ASSY,BK MASTER W/ECU | F43: 45993 | G43: 0.64583333 | H43: CA-01 | I43: AC5 | J43: 5 | K43: =VLOOKUP($C43,Sheet1!$A$2:$D$10,4,0) -> 1 | L43: =VLOOKUP($C43,Sheet1!$A$2:$E$10,5,0) -> Bin | M43: =J43/K43 -> 5 | O43: HR47E8635 | P43: 12504Q100256
M44: 23 | N44: 2
B45: Download : X539_eNagare_2025121.txt

Sheet 03-12-2025
A1: Dailly SMG Pick List | J1: 24AACCN5739J1ZA
A2: Supply Month | B2: 45994 | L2: Vehicle No
A3: INVOICE NO | B3: KANBAN NO | C3: PART NUMBER | D3: Material Code | E3: PART NAME | F3: SUPPLY DATE | G3: SUPPLY TIME | H3: UNLOADING LOC | I3: Line | J3: Qty Req | K3: Packing Standerd | L3: Packed in | M3: TTL Bin | N3: TORLLY | O3: Vehicle No | P3: INV NO
A4: G/I/25-26/01311 | B4: 03Z501091131AC5 | C4: 55101M58U10 | D4: =VLOOKUP($C4,Sheet1!$A$2:$B$10,2,0) -> 141110-14600 | E4: CALIPER ASSY,FRONT BRAKE,R | F4: 45994 | G4: 0.39583333 | H4: CA-07 | I4: AC5 | J4: 54 | K4: =VLOOKUP($C4,Sheet1!$A$2:$D$10,4,0) -> 18 | L4: =VLOOKUP($C4,Sheet1!$A$2:$E$10,5,0) -> Trolley (H) | N4: 3 | O4: GJ01KT7585 | P4: Barode sticker
A5: G/I/25-26/01311 | B5: 03Z501096001AC5 | C5: 55102M58U10 | D5: =VLOOKUP($C5,Sheet1!$A$2:$B$10,2,0) -> 141120-14600 | E5: CALIPER ASSY,FRONT BRAKE,L | F5: 45994 | G5: 0.39583333 | H5: CA-07 | I5: AC5 | J5: 54 | K5: =VLOOKUP($C5,Sheet1!$A$2:$D$10,4,0) -> 18 | L5: =VLOOKUP($C5,Sheet1!$A$2:$E$10,5,0) -> Trolley (H) | O5: GJ01KT7585 | P5: Barode sticker
A6: G/I/25-26/01311 | B6: 03Z501049909AC5 | C6: 55311M58U00 | D6: =VLOOKUP($C6,Sheet1!$A$2:$B$10,2,0) -> 141185-74670 | E6: DISC,FRONT BRAKE | F6: 45994 | G6: 0.39583333 | H6: CA-07 | I6: AC5 | J6: 40 | K6: =VLOOKUP($C6,Sheet1!$A$2:$D$10,4,0) -> 40 | L6: =VLOOKUP($C6,Sheet1!$A$2:$E$10,5,0) -> Trolley | N6: =J6/K6 -> 1 | O6: GJ01KT7585 | P6: 910102394
A7: G/I/25-26/01311 | B7: 03Z501100670AC5 | C7: 55311M58U00 | D7: =VLOOKUP($C7,Sheet1!$A$2:$B$10,2,0) -> 141185-74670 | E7: DISC,FRONT BRAKE | F7: 45994 | G7: 0.39583333 | H7: CA-07 | I7: AC5 | J7: 120 | K7: =VLOOKUP($C7,Sheet1!$A$2:$D$10,4,0) -> 40 | L7: =VLOOKUP($C7,Sheet1!$A$2:$E$10,5,0) -> Trolley | N7: =J7/K7 -> 3 | O7: GJ01KT7585 | P7: 910102649- 80 Qty/ 910102507-40 Qty
A8: G/I/25-26/01311 | B8: 03Z501049925AC5 | C8: 55401M58U00 | D8: =VLOOKUP($C8,Sheet1!$A$2:$B$10,2,0) -> 141140-91211 | E8: CALIPER ASSY,REAR BRAKE,R | F8: 45994 | G8: 0.39583333 | H8: CA-21 | I8: AC5 | J8: 20 | K8: =VLOOKUP($C8,Sheet1!$A$2:$D$10,4,0) -> 2 | L8: =VLOOKUP($C8,Sheet1!$A$2:$E$10,5,0) -> Bin | M8: =J8/K8 -> 10 | O8: GJ01KT7585 | P8: 12509Q100239
A9: G/I/25-26/01311 | B9: 03Z501102567AC5 | C9: 55401M58U00 | D9: =VLOOKUP($C9,Sheet1!$A$2:$B$10,2,0) -> 141140-91211 | E9: CALIPER ASSY,REAR BRAKE,R | F9: 45994 | G9: 0.39583333 | H9: CA-21 | I9: AC5 | J9: 54 | K9: =VLOOKUP($C9,Sheet1!$A$2:$D$10,4,0) -> 2 | L9: =VLOOKUP($C9,Sheet1!$A$2:$E$10,5,0) -> Bin | M9: =J9/K9 -> 27 | O9: GJ01KT7585 | P9: 12509Q100239
A10: G/I/25-26/01311 | B10: 03Z501049950AC5 | C10: 55402M58U00 | D10: =VLOOKUP($C10,Sheet1!$A$2:$B$10,2,0) -> 141150-91211 | E10: CALIPER ASSY,REAR BRAKE,L | F10: 45994 | G10: 0.39583333 | H10: CA-21 | I10: AC5 | J10: 20 | K10: =VLOOKUP($C10,Sheet1!$A$2:$D$10,4,0) -> 2 | L10: =VLOOKUP($C10,Sheet1!$A$2:$E$10,5,0) -> Bin | M10: =J10/K10 -> 10 | O10: GJ01KT7585 | P10: 12509Q100239
A11: G/I/25-26/01311 | B11: 03Z501102486AC5 | C11: 55402M58U00 | D11: =VLOOKUP($C11,Sheet1!$A$2:$B$10,2,0) -> 141150-91211 | E11: CALIPER ASSY,REAR BRAKE,L | F11: 45994 | G11: 0.39583333 | H11: CA-21 | I11: AC5 | J11: 54 | K11: =VLOOKUP($C11,Sheet1!$A$2:$D$10,4,0) -> 2 | L11: =VLOOKUP($C11,Sheet1!$A$2:$E$10,5,0) -> Bin | M11: =J11/K11 -> 27 | O11: GJ01KT7585 | P11: 12509Q100239
M12: 74 | N12: 7
A13: G/I/25-26/01314 | B13: 03Z501049852AC5 | C13: 55101M58U10 | D13: =VLOOKUP($C13,Sheet1!$A$2:$B$10,2,0) -> 141110-14600 | E13: CALIPER ASSY,FRONT BRAKE,R | F13: 45994 | G13: 0.39583333 | H13: CA-07 | I13: AC5 | J13: 18 | K13: =VLOOKUP($C13,Sheet1!$A$2:$D$10,4,0) -> 18 | L13: =VLOOKUP($C13,Sheet1!$A$2:$E$10,5,0) -> Trolley (H) | N13: 1 | O13: GJ23Y8525 | P13: Barode sticker
A14: G/I/25-26/01314 | B14: 03Z501049879AC5 | C14: 55102M58U10 | D14: =VLOOKUP($C14,Sheet1!$A$2:$B$10,2,0) -> 141120-14600 | E14: CALIPER ASSY,FRONT BRAKE,L | F14: 45994 | G14: 0.39583333 | H14: CA-07 | I14: AC5 | J14: 18 | K14: =VLOOKUP($C14,Sheet1!$A$2:$D$10,4,0) -> 18 | L14: =VLOOKUP($C14,Sheet1!$A$2:$E$10,5,0) -> Trolley (H) | O14: GJ23Y8525 | P14: Barode sticker
A15: G/I/25-26/01312 | B15: 03Z501049976AC5 | C15: 55611M58U00 | D15: =VLOOKUP($C15,Sheet1!$A$2:$B$10,2,0) -> 141186-74360 | E15: DISC,REAR BRAKE | F15: 45994 | G15: 0.39583333 | H15: CA-21 | I15: AC5 | J15: 40 | K15: =VLOOKUP($C15,Sheet1!$A$2:$D$10,4,0) -> 40 | L15: =VLOOKUP($C15,Sheet1!$A$2:$E$10,5,0) -> Trolley | N15: =J15/K15 -> 1 | O15: GJ23Y8525 | P15: 910101603
A16: G/I/25-26/01312 | B16: 03Z501098403AC5 | C16: 55611M58U00 | D16: =VLOOKUP($C16,Sheet1!$A$2:$B$10,2,0) -> 141186-74360 | E16: DISC,REAR BRAKE | F16: 45994 | G16: 0.39583333 | H16: CA-21 | I16: AC5 | J16: 120 | K16: =VLOOKUP($C16,Sheet1!$A$2:$D$10,4,0) -> 40 | L16: =VLOOKUP($C16,Sheet1!$A$2:$E$10,5,0) -> Trolley | N16: =J16/K16 -> 3 | O16: GJ23Y8525 | P16: 910101143-02 Qty. / 910101603- 80 Qty. / 910101985-38 Qty.
A17: G/I/25-26/01313 | B17: 03Z501097423AC5 | C17: 56110M58UA1 | D17: =VLOOKUP($C17,Sheet1!$A$2:$B$10,2,0) -> 116040-92240 | E17: ACTUATOR ASSY,NO VARIANT ESP | F17: 45994 | G17: 0.39583333 | H17: CA-01 | I17: AC5 | J17: 36 | K17: =VLOOKUP($C17,Sheet1!$A$2:$D$10,4,0) -> 6 | L17: =VLOOKUP($C17,Sheet1!$A$2:$E$10,5,0) -> Bin | M17: =J17/K17 -> 6 | O17: GJ23Y8525 | P17: 12505Q100031
A18: G/I/25-26/01313 | B18: 03Z501049992AC5 | C18: 5A120M58U01 | D18: =VLOOKUP($C18,Sheet1!$A$2:$B$10,2,0) -> 114010-50820 | E18: CYLINDER ASSY,BK MASTER W/ECU | F18: 45994 | G18: 0.39583333 | H18: CA-01 | I18: AC5 | J18: 11 | K18: =VLOOKUP($C18,Sheet1!$A$2:$D$10,4,0) -> 1 | L18: =VLOOKUP($C18,Sheet1!$A$2:$E$10,5,0) -> Bin | M18: =J18/K18 -> 11 | O18: GJ23Y8525 | P18: 12504Q100266
A19: G/I/25-26/01313 | B19: 03Z501101676AC5 | C19: 5A120M58U01 | D19: =VLOOKUP($C19,Sheet1!$A$2:$B$10,2,0) -> 114010-50820 | E19: CYLINDER ASSY,BK MASTER W/ECU | F19: 45994 | G19: 0.39583333 | H19: CA-01 | I19: AC5 | J19: 22 | K19: =VLOOKUP($C19,Sheet1!$A$2:$D$10,4,0) -> 1 | L19: =VLOOKUP($C19,Sheet1!$A$2:$E$10,5,0) -> Bin | M19: =J19/K19 -> 22 | O19: GJ23Y8525 | P19: 12504Q100256
A20: G/I/25-26/01313 | B20: 03Z501050028AC5 | C20: 5A120M58U50 | D20: =VLOOKUP($C20,Sheet1!$A$2:$B$10,2,0) -> 114010-50830 | E20: CYLINDER ASSY,BK MASTER W/ECU | F20: 45994 | G20: 0.39583333 | H20: CA-01 | I20: AC5 | J20: 9 | K20: =VLOOKUP($C20,Sheet1!$A$2:$D$10,4,0) -> 1 | L20: =VLOOKUP($C20,Sheet1!$A$2:$E$10,5,0) -> Bin | M20: =J20/K20 -> 9 | O20: GJ23Y8525 | P20: 12504Q100256
A21: G/I/25-26/01313 | B21: 03Z501088700AC5 | C21: 5A120M58U50 | D21: =VLOOKUP($C21,Sheet1!$A$2:$B$10,2,0) -> 114010-50830 | E21: CYLINDER ASSY,BK MASTER W/ECU | F21: 45994 | G21: 0.39583333 | H21: CA-01 | I21: AC5 | J21: 32 | K21: =VLOOKUP($C21,Sheet1!$A$2:$D$10,4,0) -> 1 | L21: =VLOOKUP($C21,Sheet1!$A$2:$E$10,5,0) -> Bin | M21: =J21/K21 -> 32 | O21: GJ23Y8525 | P21: 12504Q100256
M22: 80 | N22: 5
A23: G/I/25-26/01315 | B23: 03Z501049860AC5 | C23: 55101M58U10 | D23: =VLOOKUP($C23,Sheet1!$A$2:$B$10,2,0) -> 141110-14600 | E23: CALIPER ASSY,FRONT BRAKE,R | F23: 45994 | G23: 0.52083333 | H23: CA-07 | I23: AC5 | J23: 18 | K23: =VLOOKUP($C23,Sheet1!$A$2:$D$10,4,0) -> 18 | L23: =VLOOKUP($C23,Sheet1!$A$2:$E$10,5,0) -> Trolley (H) | N23: 1 | O23: HR47G9416 | P23: old invoice
A24: G/I/25-26/01315 | B24: 03Z501049887AC5 | C24: 55102M58U10 | D24: =VLOOKUP($C24,Sheet1!$A$2:$B$10,2,0) -> 141120-14600 | E24: CALIPER ASSY,FRONT BRAKE,L | F24: 45994 | G24: 0.52083333 | H24: CA-07 | I24: AC5 | J24: 18 | K24: =VLOOKUP($C24,Sheet1!$A$2:$D$10,4,0) -> 18 | L24: =VLOOKUP($C24,Sheet1!$A$2:$E$10,5,0) -> Trolley (H) | O24: HR47G9416 | P24: old invoice
A25: G/I/25-26/01315 | B25: 03Z501049933AC5 | C25: 55401M58U00 | D25: =VLOOKUP($C25,Sheet1!$A$2:$B$10,2,0) -> 141140-91211 | E25: CALIPER ASSY,REAR BRAKE,R | F25: 45994 | G25: 0.52083333 | H25: CA-21 | I25: AC5 | J25: 4 | K25: =VLOOKUP($C25,Sheet1!$A$2:$D$10,4,0) -> 2 | L25: =VLOOKUP($C25,Sheet1!$A$2:$E$10,5,0) -> Bin | M25: =J25/K25 -> 2 | O25: HR47G9416 | P25: 12509Q100239
A26: G/I/25-26/01315 | B26: 03Z501049968AC5 | C26: 55402M58U00 | D26: =VLOOKUP($C26,Sheet1!$A$2:$B$10,2,0) -> 141150-91211 | E26: CALIPER ASSY,REAR BRAKE,L | F26: 45994 | G26: 0.52083333 | H26: CA-21 | I26: AC5 | J26: 4 | K26: =VLOOKUP($C26,Sheet1!$A$2:$D$10,4,0) -> 2 | L26: =VLOOKUP($C26,Sheet1!$A$2:$E$10,5,0) -> Bin | M26: =J26/K26 -> 2 | O26: HR47G9416 | P26: 12509Q100239
A27: G/I/25-26/01316 | B27: 03Z501050001AC5 | C27: 5A120M58U01 | D27: =VLOOKUP($C27,Sheet1!$A$2:$B$10,2,0) -> 114010-50820 | E27: CYLINDER ASSY,BK MASTER W/ECU | F27: 45994 | G27: 0.52083333 | H27: CA-01 | I27: AC5 | J27: 2 | K27: =VLOOKUP($C27,Sheet1!$A$2:$D$10,4,0) -> 1 | L27: =VLOOKUP($C27,Sheet1!$A$2:$E$10,5,0) -> Bin | M27: =J27/K27 -> 2 | O27: HR47G9416 | P27: 12504Q100256
A28: G/I/25-26/01316 | B28: 03Z501050036AC5 | C28: 5A120M58U50 | D28: =VLOOKUP($C28,Sheet1!$A$2:$B$10,2,0) -> 114010-50830 | E28: CYLINDER ASSY,BK MASTER W/ECU | F28: 45994 | G28: 0.52083333 | H28: CA-01 | I28: AC5 | J28: 1 | K28: =VLOOKUP($C28,Sheet1!$A$2:$D$10,4,0) -> 1 | L28: =VLOOKUP($C28,Sheet1!$A$2:$E$10,5,0) -> Bin | M28: =J28/K28 -> 1 | O28: HR47G9416 | P28: 12504Q100256
M29: 7 | N29: 1
A30: G/I/25-26/01317 | B30: 03Z501049895AC5 | C30: 55311M58U00 | D30: =VLOOKUP($C30,Sheet1!$A$2:$B$10,2,0) -> 141185-74670 | E30: DISC,FRONT BRAKE | F30: 45994 | G30: 0.97916667 | H30: CA-07 | I30: AC5 | J30: 40 | K30: =VLOOKUP($C30,Sheet1!$A$2:$D$10,4,0) -> 40 | L30: =VLOOKUP($C30,Sheet1!$A$2:$E$10,5,0) -> Trolley | N30: =J30/K30 -> 1 | O30: HR47E8635 | P30: 910102507
A31: G/I/25-26/01317 | B31: 03Z501049917AC5 | C31: 55401M58U00 | D31: =VLOOKUP($C31,Sheet1!$A$2:$B$10,2,0) -> 141140-91211 | E31: CALIPER ASSY,REAR BRAKE,R | F31: 45994 | G31: 0.97916667 | H31: CA-21 | I31: AC5 | J31: 12 | K31: =VLOOKUP($C31,Sheet1!$A$2:$D$10,4,0) -> 2 | L31: =VLOOKUP($C31,Sheet1!$A$2:$E$10,5,0) -> Bin | M31: =J31/K31 -> 6 | O31: HR47E8635 | P31: 12509Q100239
A32: G/I/25-26/01317 | B32: 03Z501049941AC5 | C32: 55402M58U00 | D32: =VLOOKUP($C32,Sheet1!$A$2:$B$10,2,0) -> 141150-91211 | E32: CALIPER ASSY,REAR BRAKE,L | F32: 45994 | G32: 0.97916667 | H32: CA-21 | I32: AC5 | J32: 12 | K32: =VLOOKUP($C32,Sheet1!$A$2:$D$10,4,0) -> 2 | L32: =VLOOKUP($C32,Sheet1!$A$2:$E$10,5,0) -> Bin | M32: =J32/K32 -> 6 | O32: HR47E8635 | P32: 12509Q100239
A33: G/I/25-26/01318 | B33: 03Z501049984AC5 | C33: 5A120M58U01 | D33: =VLOOKUP($C33,Sheet1!$A$2:$B$10,2,0) -> 114010-50820 | E33: CYLINDER ASSY,BK MASTER W/ECU | F33: 45994 | G33: 0.97916667 | H33: CA-01 | I33: AC5 | J33: 2 | K33: =VLOOKUP($C33,Sheet1!$A$2:$D$10,4,0) -> 1 | L33: =VLOOKUP($C33,Sheet1!$A$2:$E$10,5,0) -> Bin | M33: =J33/K33 -> 2 | O33: HR47E8635 | P33: 12504Q100256
A34: G/I/25-26/01318 | B34: 03Z501050010AC5 | C34: 5A120M58U50 | D34: =VLOOKUP($C34,Sheet1!$A$2:$B$10,2,0) -> 114010-50830 | E34: CYLINDER ASSY,BK MASTER W/ECU | F34: 45994 | G34: 0.97916667 | H34: CA-01 | I34: AC5 | J34: 11 | K34: =VLOOKUP($C34,Sheet1!$A$2:$D$10,4,0) -> 1 | L34: =VLOOKUP($C34,Sheet1!$A$2:$E$10,5,0) -> Bin | M34: =J34/K34 -> 11 | O34: HR47E8635 | P34: 12504Q100256
M35: 25 | N35: 1
B36: Download : X539_eNagare_2025122.txt

Sheet 04-12-2025
A1: Dailly SMG Pick List | J1: 24AACCN5739J1ZA
A2: Supply Month | B2: 45995 | L2: Vehicle No
A3: INVOICE NO | B3: KANBAN NO | C3: PART NUMBER | D3: Material Code | E3: PART NAME | F3: SUPPLY DATE | G3: SUPPLY TIME | H3: UNLOADING LOC | I3: Line | J3: Qty Req | K3: Packing Standerd | L3: Packed in | M3: TTL Bin | N3: TORLLY | O3: Vehicle No | P3: INV NO
A4: G/I/25-26/01319 | B4: 04Z501700855AC5 | C4: 55101M58U10 | D4: =VLOOKUP($C4,Sheet1!$A$2:$B$10,2,0) -> 141110-14600 | E4: CALIPER ASSY,FRONT BRAKE,R | F4: 45995 | G4: 0.27083333 | H4: CA-07 | I4: AC5 | J4: 18 | K4: =VLOOKUP($C4,Sheet1!$A$2:$D$10,4,0) -> 18 | L4: =VLOOKUP($C4,Sheet1!$A$2:$E$10,5,0) -> Trolley (H) | N4: 1 | O4: GJ02ZZ7144 | P4: Barode sticker | Q4: old
A5: G/I/25-26/01319 | B5: 04Z501700898AC5 | C5: 55102M58U10 | D5: =VLOOKUP($C5,Sheet1!$A$2:$B$10,2,0) -> 141120-14600 | E5: CALIPER ASSY,FRONT BRAKE,L | F5: 45995 | G5: 0.27083333 | H5: CA-07 | I5: AC5 | J5: 18 | K5: =VLOOKUP($C5,Sheet1!$A$2:$D$10,4,0) -> 18 | L5: =VLOOKUP($C5,Sheet1!$A$2:$E$10,5,0) -> Trolley (H) | O5: GJ02ZZ7144 | P5: Barode sticker | Q5: old
A6: G/I/25-26/01319 | B6: 04Z501742914AC5 | C6: 55101M58U10 | D6: =VLOOKUP($C6,Sheet1!$A$2:$B$10,2,0) -> 141110-14600 | E6: CALIPER ASSY,FRONT BRAKE,R | F6: 45995 | G6: 0.27083333 | H6: CA-07 | I6: AC5 | J6: 36 | K6: =VLOOKUP($C6,Sheet1!$A$2:$D$10,4,0) -> 18 | L6: =VLOOKUP($C6,Sheet1!$A$2:$E$10,5,0) -> Trolley (H) | N6: 2 | O6: GJ02ZZ7144 | P6: Barode sticker | Q6: old
A7: G/I/25-26/01319 | B7: 04Z501753444AC5 | C7: 55102M58U10 | D7: =VLOOKUP($C7,Sheet1!$A$2:$B$10,2,0) -> 141120-14600 | E7: CALIPER ASSY,FRONT BRAKE,L | F7: 45995 | G7: 0.27083333 | H7: CA-07 | I7: AC5 | J7: 36 | K7: =VLOOKUP($C7,Sheet1!$A$2:$D$10,4,0) -> 18 | L7: =VLOOKUP($C7,Sheet1!$A$2:$E$10,5,0) -> Trolley (H) | O7: GJ02ZZ7144 | P7: Barode sticker | Q7: old
A8: G/I/25-26/01319 | B8: 04Z501700936AC5 | C8: 55311M58U00 | D8: =VLOOKUP($C8,Sheet1!$A$2:$B$10,2,0) -> 141185-74670 | E8: DISC,FRONT BRAKE | F8: 45995 | G8: 0.27083333 | H8: CA-07 | I8: AC5 | J8: 40 | K8: =VLOOKUP($C8,Sheet1!$A$2:$D$10,4,0) -> 40 | L8: =VLOOKUP($C8,Sheet1!$A$2:$E$10,5,0) -> Trolley | N8: =J8/K8 -> 1 | O8: GJ02ZZ7144 | P8: 910102807
A9: G/I/25-26/01319 | B9: 04Z501749951AC5 | C9: 55311M58U00 | D9: =VLOOKUP($C9,Sheet1!$A$2:$B$10,2,0) -> 141185-74670 | E9: DISC,FRONT BRAKE | F9: 45995 | G9: 0.27083333 | H9: CA-07 | I9: AC5 | J9: 40 | K9: =VLOOKUP($C9,Sheet1!$A$2:$D$10,4,0) -> 40 | L9: =VLOOKUP($C9,Sheet1!$A$2:$E$10,5,0) -> Trolley | N9: =J9/K9 -> 1 | O9: GJ02ZZ7144 | P9: 910102649
A10: G/I/25-26/01319 | B10: 04Z501700987AC5 | C10: 55401M58U00 | D10: =VLOOKUP($C10,Sheet1!$A$2:$B$10,2,0) -> 141140-91211 | E10: CALIPER ASSY,REAR BRAKE,R | F10: 45995 | G10: 0.27083333 | H10: CA-21 | I10: AC5 | J10: 20 | K10: =VLOOKUP($C10,Sheet1!$A$2:$D$10,4,0) -> 2 | L10: =VLOOKUP($C10,Sheet1!$A$2:$E$10,5,0) -> Bin | M10: =J10/K10 -> 10 | O10: GJ02ZZ7144 | P10: 12509Q100239
A11: G/I/25-26/01319 | B11: 04Z501743252AC5 | C11: 55401M58U00 | D11: =VLOOKUP($C11,Sheet1!$A$2:$B$10,2,0) -> 141140-91211 | E11: CALIPER ASSY,REAR BRAKE,R | F11: 45995 | G11: 0.27083333 | H11: CA-21 | I11: AC5 | J11: 22 | K11: =VLOOKUP($C11,Sheet1!$A$2:$D$10,4,0) -> 2 | L11: =VLOOKUP($C11,Sheet1!$A$2:$E$10,5,0) -> Bin | M11: =J11/K11 -> 11 | O11: GJ02ZZ7144 | P11: 12509Q100239
A12: G/I/25-26/01319 | B12: 04Z501701029AC5 | C12: 55402M58U00 | D12: =VLOOKUP($C12,Sheet1!$A$2:$B$10,2,0) -> 141150-91211 | E12: CALIPER ASSY,REAR BRAKE,L | F12: 45995 | G12: 0.27083333 | H12: CA-21 | I12: AC5 | J12: 20 | K12: =VLOOKUP($C12,Sheet1!$A$2:$D$10,4,0) -> 2 | L12: =VLOOKUP($C12,Sheet1!$A$2:$E$10,5,0) -> Bin | M12: =J12/K12 -> 10 | O12: GJ02ZZ7144 | P12: 12509Q100239
A13: G/I/25-26/01319 | B13: 04Z501758764AC5 | C13: 55402M58U00 | D13: =VLOOKUP($C13,Sheet1!$A$2:$B$10,2,0) -> 141150-91211 | E13: CALIPER ASSY,REAR BRAKE,L | F13: 45995 | G13: 0.27083333 | H13: CA-21 | I13: AC5 | J13: 22 | K13: =VLOOKUP($C13,Sheet1!$A$2:$D$10,4,0) -> 2 | L13: =VLOOKUP($C13,Sheet1!$A$2:$E$10,5,0) -> Bin | M13: =J13/K13 -> 11 | O13: GJ02ZZ7144 | P13: 12509Q100239
A14: G/I/25-26/01319 | B14: 04Z501701061AC5 | C14: 55611M58U00 | D14: =VLOOKUP($C14,Sheet1!$A$2:$B$10,2,0) -> 141186-74360 | E14: DISC,REAR BRAKE | F14: 45995 | G14: 0.27083333 | H14: CA-21 | I14: AC5 | J14: 40 | K14: =VLOOKUP($C14,Sheet1!$A$2:$D$10,4,0) -> 40 | L14: =VLOOKUP($C14,Sheet1!$A$2:$E$10,5,0) -> Trolley | N14: =J14/K14 -> 1 | O14: GJ02ZZ7144 | P14: 910101603 | Q14: old
A15: G/I/25-26/01319 | B15: 04Z501753207AC5 | C15: 55611M58U00 | D15: =VLOOKUP($C15,Sheet1!$A$2:$B$10,2,0) -> 141186-74360 | E15: DISC,REAR BRAKE | F15: 45995 | G15: 0.27083333 | H15: CA-21 | I15: AC5 | J15: 80 | K15: =VLOOKUP($C15,Sheet1!$A$2:$D$10,4,0) -> 40 | L15: =VLOOKUP($C15,Sheet1!$A$2:$E$10,5,0) -> Trolley | N15: =J15/K15 -> 2 | O15: GJ02ZZ7144 | P15: 910101603/ 910100578 | Q15: old
A16: G/I/25-26/01320 | B16: 04Z501701100AC5 | C16: 56110M58UA1 | D16: =VLOOKUP($C16,Sheet1!$A$2:$B$10,2,0) -> 116040-92240 | E16: ACTUATOR ASSY,NO VARIANT ESP | F16: 45995 | G16: 0.27083333 | H16: CA-01 | I16: AC5 | J16: 24 | K16: =VLOOKUP($C16,Sheet1!$A$2:$D$10,4,0) -> 6 | L16: =VLOOKUP($C16,Sheet1!$A$2:$E$10,5,0) -> Bin | M16: =J16/K16 -> 4 | O16: GJ02ZZ7144 | P16: 12505Q100031
A17: G/I/25-26/01320 | B17: 04Z501746081AC5 | C17: 56110M58UA1 | D17: =VLOOKUP($C17,Sheet1!$A$2:$B$10,2,0) -> 116040-92240 | E17: ACTUATOR ASSY,NO VARIANT ESP | F17: 45995 | G17: 0.27083333 | H17: CA-01 | I17: AC5 | J17: 18 | K17: =VLOOKUP($C17,Sheet1!$A$2:$D$10,4,0) -> 6 | L17: =VLOOKUP($C17,Sheet1!$A$2:$E$10,5,0) -> Bin | M17: =J17/K17 -> 3 | O17: GJ02ZZ7144 | P17: 12505Q100031
A18: G/I/25-26/01320 | B18: 04Z501701142AC5 | C18: 5A120M58U01 | D18: =VLOOKUP($C18,Sheet1!$A$2:$B$10,2,0) -> 114010-50820 | E18: CYLINDER ASSY,BK MASTER W/ECU | F18: 45995 | G18: 0.27083333 | H18: CA-01 | I18: AC5 | J18: 9 | K18: =VLOOKUP($C18,Sheet1!$A$2:$D$10,4,0) -> 1 | L18: =VLOOKUP($C18,Sheet1!$A$2:$E$10,5,0) -> Bin | M18: =J18/K18 -> 9 | O18: GJ02ZZ7144 | P18: 12504Q100266
A19: G/I/25-26/01320 | B19: 04Z501741993AC5 | C19: 5A120M58U01 | D19: =VLOOKUP($C19,Sheet1!$A$2:$B$10,2,0) -> 114010-50820 | E19: CYLINDER ASSY,BK MASTER W/ECU | F19: 45995 | G19: 0.27083333 | H19: CA-01 | I19: AC5 | J19: 13 | K19: =VLOOKUP($C19,Sheet1!$A$2:$D$10,4,0) -> 1 | L19: =VLOOKUP($C19,Sheet1!$A$2:$E$10,5,0) -> Bin | M19: =J19/K19 -> 13 | O19: GJ02ZZ7144 | P19: 12504Q100266
A20: G/I/25-26/01320 | B20: 04Z501701185AC5 | C20: 5A120M58U50 | D20: =VLOOKUP($C20,Sheet1!$A$2:$B$10,2,0) -> 114010-50830 | E20: CYLINDER ASSY,BK MASTER W/ECU | F20: 45995 | G20: 0.27083333 | H20: CA-01 | I20: AC5 | J20: 11 | K20: =VLOOKUP($C20,Sheet1!$A$2:$D$10,4,0) -> 1 | L20: =VLOOKUP($C20,Sheet1!$A$2:$E$10,5,0) -> Bin | M20: =J20/K20 -> 11 | O20: GJ02ZZ7144 | P20: 12504Q100256
A21: G/I/25-26/01320 | B21: 04Z501754130AC5 | C21: 5A120M58U50 | D21: =VLOOKUP($C21,Sheet1!$A$2:$B$10,2,0) -> 114010-50830 | E21: CYLINDER ASSY,BK MASTER W/ECU | F21: 45995 | G21: 0.27083333 | H21: CA-01 | I21: AC5 | J21: 10 | K21: =VLOOKUP($C21,Sheet1!$A$2:$D$10,4,0) -> 1 | L21: =VLOOKUP($C21,Sheet1!$A$2:$E$10,5,0) -> Bin | M21: =J21/K21 -> 10 | O21: GJ02ZZ7144 | P21: 12504Q100256
M22: 92 | N22: 8
A23: G/I/25-26/01321 | B23: 04Z501700863AC5 | C23: 55101M58U10 | D23: =VLOOKUP($C23,Sheet1!$A$2:$B$10,2,0) -> 141110-14600 | E23: CALIPER ASSY,FRONT BRAKE,R | F23: 45995 | G23: 0.52083333 | H23: CA-07 | I23: AC5 | J23: 18 | K23: =VLOOKUP($C23,Sheet1!$A$2:$D$10,4,0) -> 18 | L23: =VLOOKUP($C23,Sheet1!$A$2:$E$10,5,0) -> Trolley (H) | N23: 1 | O23: GJ23Y8525 | P23: Barode sticker
A24: G/I/25-26/01321 | B24: 04Z501700901AC5 | C24: 55102M58U10 | D24: =VLOOKUP($C24,Sheet1!$A$2:$B$10,2,0) -> 141120-14600 | E24: CALIPER ASSY,FRONT BRAKE,L | F24: 45995 | G24: 0.52083333 | H24: CA-07 | I24: AC5 | J24: 18 | K24: =VLOOKUP($C24,Sheet1!$A$2:$D$10,4,0) -> 18 | L24: =VLOOKUP($C24,Sheet1!$A$2:$E$10,5,0) -> Trolley (H) | O24: GJ23Y8525 | P24: Barode sticker
A25: G/I/25-26/01321 | B25: 04Z501700944AC5 | C25: 55311M58U00 | D25: =VLOOKUP($C25,Sheet1!$A$2:$B$10,2,0) -> 141185-74670 | E25: DISC,FRONT BRAKE | F25: 45995 | G25: 0.52083333 | H25: CA-07 | I25: AC5 | J25: 40 | K25: =VLOOKUP($C25,Sheet1!$A$2:$D$10,4,0) -> 40 | L25: =VLOOKUP($C25,Sheet1!$A$2:$E$10,5,0) -> Trolley | N25: =J25/K25 -> 1 | O25: GJ23Y8525 | P25: 910102786
A26: G/I/25-26/01321 | B26: 04Z501700995AC5 | C26: 55401M58U00 | D26: =VLOOKUP($C26,Sheet1!$A$2:$B$10,2,0) -> 141140-91211 | E26: CALIPER ASSY,REAR BRAKE,R | F26: 45995 | G26: 0.52083333 | H26: CA-21 | I26: AC5 | J26: 20 | K26: =VLOOKUP($C26,Sheet1!$A$2:$D$10,4,0) -> 2 | L26: =VLOOKUP($C26,Sheet1!$A$2:$E$10,5,0) -> Bin | M26: =J26/K26 -> 10 | O26: GJ23Y8525 | P26: 12509Q100239
A27: G/I/25-26/01321 | B27: 04Z501701037AC5 | C27: 55402M58U00 | D27: =VLOOKUP($C27,Sheet1!$A$2:$B$10,2,0) -> 141150-91211 | E27: CALIPER ASSY,REAR BRAKE,L | F27: 45995 | G27: 0.52083333 | H27: CA-21 | I27: AC5 | J27: 20 | K27: =VLOOKUP($C27,Sheet1!$A$2:$D$10,4,0) -> 2 | L27: =VLOOKUP($C27,Sheet1!$A$2:$E$10,5,0) -> Bin | M27: =J27/K27 -> 10 | O27: GJ23Y8525 | P27: 12509Q100239
A28: G/I/25-26/01321 | B28: 04Z501701070AC5 | C28: 55611M58U00 | D28: =VLOOKUP($C28,Sheet1!$A$2:$B$10,2,0) -> 141186-74360 | E28: DISC,REAR BRAKE | F28: 45995 | G28: 0.52083333 | H28: CA-21 | I28: AC5 | J28: 40 | K28: =VLOOKUP($C28,Sheet1!$A$2:$D$10,4,0) -> 40 | L28: =VLOOKUP($C28,Sheet1!$A$2:$E$10,5,0) -> Trolley | N28: =J28/K28 -> 1 | O28: GJ23Y8525 | P28: 910100578
A29: G/I/25-26/01322 | B29: 04Z501701118AC5 | C29: 56110M58UA1 | D29: =VLOOKUP($C29,Sheet1!$A$2:$B$10,2,0) -> 116040-92240 | E29: ACTUATOR ASSY,NO VARIANT ESP | F29: 45995 | G29: 0.52083333 | H29: CA-01 | I29: AC5 | J29: 18 | K29: =VLOOKUP($C29,Sheet1!$A$2:$D$10,4,0) -> 6 | L29: =VLOOKUP($C29,Sheet1!$A$2:$E$10,5,0) -> Bin | M29: =J29/K29 -> 3 | O29: GJ23Y8525 | P29: 12505Q100031
A30: G/I/25-26/01322 | B30: 04Z501701150AC5 | C30: 5A120M58U01 | D30: =VLOOKUP($C30,Sheet1!$A$2:$B$10,2,0) -> 114010-50820 | E30: CYLINDER ASSY,BK MASTER W/ECU | F30: 45995 | G30: 0.52083333 | H30: CA-01 | I30: AC5 | J30: 11 | K30: =VLOOKUP($C30,Sheet1!$A$2:$D$10,4,0) -> 1 | L30: =VLOOKUP($C30,Sheet1!$A$2:$E$10,5,0) -> Bin | M30: =J30/K30 -> 11 | O30: GJ23Y8525 | P30: 12504Q100266
A31: G/I/25-26/01322 | B31: 04Z501701193AC5 | C31: 5A120M58U50 | D31: =VLOOKUP($C31,Sheet1!$A$2:$B$10,2,0) -> 114010-50830 | E31: CYLINDER ASSY,BK MASTER W/ECU | F31: 45995 | G31: 0.52083333 | H31: CA-01 | I31: AC5 | J31: 9 | K31: =VLOOKUP($C31,Sheet1!$A$2:$D$10,4,0) -> 1 | L31: =VLOOKUP($C31,Sheet1!$A$2:$E$10,5,0) -> Bin | M31: =J31/K31 -> 9 | O31: GJ23Y8525 | P31: 12504Q100256
M32: 43 | N32: 3
A33: G/I/25-26/01323 | B33: 04Z501700871AC5 | C33: 55101M58U10 | D33: =VLOOKUP($C33,Sheet1!$A$2:$B$10,2,0) -> 141110-14600 | E33: CALIPER ASSY,FRONT BRAKE,R | F33: 45995 | G33: 0.60416667 | H33: CA-07 | I33: AC5 | J33: 18 | K33: =VLOOKUP($C33,Sheet1!$A$2:$D$10,4,0) -> 18 | L33: =VLOOKUP($C33,Sheet1!$A$2:$E$10,5,0) -> Trolley (H) | N33: 1 | O33: HR47G9416 | P33: Barode sticker
A34: G/I/25-26/01323 | B34: 04Z501700910AC5 | C34: 55102M58U10 | D34: =VLOOKUP($C34,Sheet1!$A$2:$B$10,2,0) -> 141120-14600 | E34: CALIPER ASSY,FRONT BRAKE,L | F34: 45995 | G34: 0.60416667 | H34: CA-07 | I34: AC5 | J34: 18 | K34: =VLOOKUP($C34,Sheet1!$A$2:$D$10,4,0) -> 18 | L34: =VLOOKUP($C34,Sheet1!$A$2:$E$10,5,0) -> Trolley (H) | O34: HR47G9416 | P34: Barode sticker
A35: G/I/25-26/01323 | B35: 04Z501700952AC5 | C35: 55311M58U00 | D35: =VLOOKUP($C35,Sheet1!$A$2:$B$10,2,0) -> 141185-74670 | E35: DISC,FRONT BRAKE | F35: 45995 | G35: 0.60416667 | H35: CA-07 | I35: AC5 | J35: 40 | K35: =VLOOKUP($C35,Sheet1!$A$2:$D$10,4,0) -> 40 | L35: =VLOOKUP($C35,Sheet1!$A$2:$E$10,5,0) -> Trolley | N35: =J35/K35 -> 1 | O35: HR47G9416 | P35: 910102786
A36: G/I/25-26/01323 | B36: 04Z501701002AC5 | C36: 55401M58U00 | D36: =VLOOKUP($C36,Sheet1!$A$2:$B$10,2,0) -> 141140-91211 | E36: CALIPER ASSY,REAR BRAKE,R | F36: 45995 | G36: 0.60416667 | H36: CA-21 | I36: AC5 | J36: 20 | K36: =VLOOKUP($C36,Sheet1!$A$2:$D$10,4,0) -> 2 | L36: =VLOOKUP($C36,Sheet1!$A$2:$E$10,5,0) -> Bin | M36: =J36/K36 -> 10 | O36: HR47G9416 | P36: 12509Q100239
A37: G/I/25-26/01323 | B37: 04Z501701045AC5 | C37: 55402M58U00 | D37: =VLOOKUP($C37,Sheet1!$A$2:$B$10,2,0) -> 141150-91211 | E37: CALIPER ASSY,REAR BRAKE,L | F37: 45995 | G37: 0.60416667 | H37: CA-21 | I37: AC5 | J37: 20 | K37: =VLOOKUP($C37,Sheet1!$A$2:$D$10,4,0) -> 2 | L37: =VLOOKUP($C37,Sheet1!$A$2:$E$10,5,0) -> Bin | M37: =J37/K37 -> 10 | O37: HR47G9416 | P37: 12509Q100239
A38: G/I/25-26/01323 | B38: 04Z501701088AC5 | C38: 55611M58U00 | D38: =VLOOKUP($C38,Sheet1!$A$2:$B$10,2,0) -> 141186-74360 | E38: DISC,REAR BRAKE | F38: 45995 | G38: 0.60416667 | H38: CA-21 | I38: AC5 | J38: 40 | K38: =VLOOKUP($C38,Sheet1!$A$2:$D$10,4,0) -> 40 | L38: =VLOOKUP($C38,Sheet1!$A$2:$E$10,5,0) -> Trolley | N38: =J38/K38 -> 1 | O38: HR47G9416 | P38: 910100578
A39: G/I/25-26/01324 | B39: 04Z501701126AC5 | C39: 56110M58UA1 | D39: =VLOOKUP($C39,Sheet1!$A$2:$B$10,2,0) -> 116040-92240 | E39: ACTUATOR ASSY,NO VARIANT ESP | F39: 45995 | G39: 0.60416667 | H39: CA-01 | I39: AC5 | J39: 18 | K39: =VLOOKUP($C39,Sheet1!$A$2:$D$10,4,0) -> 6 | L39: =VLOOKUP($C39,Sheet1!$A$2:$E$10,5,0) -> Bin | M39: =J39/K39 -> 3 | O39: HR47G9416 | P39: 12505Q100031
A40: G/I/25-26/01324 | B40: 04Z501701169AC5 | C40: 5A120M58U01 | D40: =VLOOKUP($C40,Sheet1!$A$2:$B$10,2,0) -> 114010-50820 | E40: CYLINDER ASSY,BK MASTER W/ECU | F40: 45995 | G40: 0.60416667 | H40: CA-01 | I40: AC5 | J40: 5 | K40: =VLOOKUP($C40,Sheet1!$A$2:$D$10,4,0) -> 1 | L40: =VLOOKUP($C40,Sheet1!$A$2:$E$10,5,0) -> Bin | M40: =J40/K40 -> 5 | O40: HR47G9416 | P40: 12504Q100266
A41: G/I/25-26/01324 | B41: 04Z501701207AC5 | C41: 5A120M58U50 | D41: =VLOOKUP($C41,Sheet1!$A$2:$B$10,2,0) -> 114010-50830 | E41: CYLINDER ASSY,BK MASTER W/ECU | F41: 45995 | G41: 0.60416667 | H41: CA-01 | I41: AC5 | J41: 14 | K41: =VLOOKUP($C41,Sheet1!$A$2:$D$10,4,0) -> 1 | L41: =VLOOKUP($C41,Sheet1!$A$2:$E$10,5,0) -> Bin | M41: =J41/K41 -> 14 | O41: HR47G9416 | P41: 12504Q100256
M42: 42 | N42: 3
A43: G/I/25-26/01325 | B43: 04Z501700880AC5 | C43: 55101M58U10 | D43: =VLOOKUP($C43,Sheet1!$A$2:$B$10,2,0) -> 141110-14600 | E43: CALIPER ASSY,FRONT BRAKE,R | F43: 45995 | G43: 0.64583333 | H43: CA-07 | I43: AC5 | J43: 18 | K43: =VLOOKUP($C43,Sheet1!$A$2:$D$10,4,0) -> 18 | L43: =VLOOKUP($C43,Sheet1!$A$2:$E$10,5,0) -> Trolley (H) | N43: 1 | O43: HR47E8635 | P43: Barode sticker
A44: G/I/25-26/01325 | B44: 04Z501700928AC5 | C44: 55102M58U10 | D44: =VLOOKUP($C44,Sheet1!$A$2:$B$10,2,0) -> 141120-14600 | E44: CALIPER ASSY,FRONT BRAKE,L | F44: 45995 | G44: 0.64583333 | H44: CA-07 | I44: AC5 | J44: 18 | K44: =VLOOKUP($C44,Sheet1!$A$2:$D$10,4,0) -> 18 | L44: =VLOOKUP($C44,Sheet1!$A$2:$E$10,5,0) -> Trolley (H) | O44: HR47E8635 | P44: Barode sticker
A45: G/I/25-26/01325 | B45: 04Z501700960AC5 | C45: 55311M58U00 | D45: =VLOOKUP($C45,Sheet1!$A$2:$B$10,2,0) -> 141185-74670 | E45: DISC,FRONT BRAKE | F45: 45995 | G45: 0.64583333 | H45: CA-07 | I45: AC5 | J45: 40 | K45: =VLOOKUP($C45,Sheet1!$A$2:$D$10,4,0) -> 40 | L45: =VLOOKUP($C45,Sheet1!$A$2:$E$10,5,0) -> Trolley | N45: =J45/K45 -> 1 | O45: HR47E8635 | P45: 910102649
A46: G/I/25-26/01325 | B46: 04Z501700979AC5 | C46: 55401M58U00 | D46: =VLOOKUP($C46,Sheet1!$A$2:$B$10,2,0) -> 141140-91211 | E46: CALIPER ASSY,REAR BRAKE,R | F46: 45995 | G46: 0.64583333 | H46: CA-21 | I46: AC5 | J46: 26 | K46: =VLOOKUP($C46,Sheet1!$A$2:$D$10,4,0) -> 2 | L46: =VLOOKUP($C46,Sheet1!$A$2:$E$10,5,0) -> Bin | M46: =J46/K46 -> 13 | O46: HR47E8635 | P46: 12509Q100239
A47: G/I/25-26/01325 | B47: 04Z501701010AC5 | C47: 55402M58U00 | D47: =VLOOKUP($C47,Sheet1!$A$2:$B$10,2,0) -> 141150-91211 | E47: CALIPER ASSY,REAR BRAKE,L | F47: 45995 | G47: 0.64583333 | H47: CA-21 | I47: AC5 | J47: 26 | K47: =VLOOKUP($C47,Sheet1!$A$2:$D$10,4,0) -> 2 | L47: =VLOOKUP($C47,Sheet1!$A$2:$E$10,5,0) -> Bin | M47: =J47/K47 -> 13 | O47: HR47E8635 | P47: 12509Q100239
A48: G/I/25-26/01325 | B48: 04Z501701053AC5 | C48: 55611M58U00 | D48: =VLOOKUP($C48,Sheet1!$A$2:$B$10,2,0) -> 141186-74360 | E48: DISC,REAR BRAKE | F48: 45995 | G48: 0.64583333 | H48: CA-21 | I48: AC5 | J48: 40 | K48: =VLOOKUP($C48,Sheet1!$A$2:$D$10,4,0) -> 40 | L48: =VLOOKUP($C48,Sheet1!$A$2:$E$10,5,0) -> Trolley | N48: =J48/K48 -> 1 | O48: HR47E8635 | P48: 910100578
A49: G/I/25-26/01326 | B49: 04Z501701096AC5 | C49: 56110M58UA1 | D49: =VLOOKUP($C49,Sheet1!$A$2:$B$10,2,0) -> 116040-92240 | E49: ACTUATOR ASSY,NO VARIANT ESP | F49: 45995 | G49: 0.64583333 | H49: CA-01 | I49: AC5 | J49: 30 | K49: =VLOOKUP($C49,Sheet1!$A$2:$D$10,4,0) -> 6 | L49: =VLOOKUP($C49,Sheet1!$A$2:$E$10,5,0) -> Bin | M49: =J49/K49 -> 5 | O49: HR47E8635 | P49: 12505Q100031
A50: G/I/25-26/01326 | B50: 04Z501701134AC5 | C50: 5A120M58U01 | D50: =VLOOKUP($C50,Sheet1!$A$2:$B$10,2,0) -> 114010-50820 | E50: CYLINDER ASSY,BK MASTER W/ECU | F50: 45995 | G50: 0.64583333 | H50: CA-01 | I50: AC5 | J50: 19 | K50: =VLOOKUP($C50,Sheet1!$A$2:$D$10,4,0) -> 1 | L50: =VLOOKUP($C50,Sheet1!$A$2:$E$10,5,0) -> Bin | M50: =J50/K50 -> 19 | O50: HR47E8635 | P50: 12504Q100266
A51: G/I/25-26/01326 | B51: 04Z501701177AC5 | C51: 5A120M58U50 | D51: =VLOOKUP($C51,Sheet1!$A$2:$B$10,2,0) -> 114010-50830 | E51: CYLINDER ASSY,BK MASTER W/ECU | F51: 45995 | G51: 0.64583333 | H51: CA-01 | I51: AC5 | J51: 7 | K51: =VLOOKUP($C51,Sheet1!$A$2:$D$10,4,0) -> 1 | L51: =VLOOKUP($C51,Sheet1!$A$2:$E$10,5,0) -> Bin | M51: =J51/K51 -> 7 | O51: HR47E8635 | P51: 12504Q100256
M52: 57 | N52: 3
A53: G/I/25-26/01327 | B53: 05Z502423618AC5 | C53: 55101M58U10 | D53: =VLOOKUP($C53,Sheet1!$A$2:$B$10,2,0) -> 141110-14600 | E53: CALIPER ASSY,FRONT BRAKE,R | F53: 45995 | G53: 0.69791667 | H53: CA-07 | I53: AC5 | J53: 18 | K53: =VLOOKUP($C53,Sheet1!$A$2:$D$10,4,0) -> 18 | L53: =VLOOKUP($C53,Sheet1!$A$2:$E$10,5,0) -> Trolley (H) | N53: 1 | O53: GJ02ZZ7144 | P53: Barode sticker
A54: G/I/25-26/01327 | B54: 05Z502422263AC5 | C54: 55102M58U10 | D54: =VLOOKUP($C54,Sheet1!$A$2:$B$10,2,0) -> 141120-14600 | E54: CALIPER ASSY,FRONT BRAKE,L | F54: 45995 | G54: 0.69791667 | H54: CA-07 | I54: AC5 | J54: 18 | K54: =VLOOKUP($C54,Sheet1!$A$2:$D$10,4,0) -> 18 | L54: =VLOOKUP($C54,Sheet1!$A$2:$E$10,5,0) -> Trolley (H) | O54: GJ02ZZ7144 | P54: Barode sticker
A55: G/I/25-26/01327 | B55: 05Z502423626AC5 | C55: 55311M58U00 | D55: =VLOOKUP($C55,Sheet1!$A$2:$B$10,2,0) -> 141185-74670 | E55: DISC,FRONT BRAKE | F55: 45995 | G55: 0.69791667 | H55: CA-07 | I55: AC5 | J55: 40 | K55: =VLOOKUP($C55,Sheet1!$A$2:$D$10,4,0) -> 40 | L55: =VLOOKUP($C55,Sheet1!$A$2:$E$10,5,0) -> Trolley | N55: 1 | O55: GJ02ZZ7144 | P55: 910102786
A56: G/I/25-26/01327 | B56: 05Z502423111AC5 | C56: 55401M58U00 | D56: =VLOOKUP($C56,Sheet1!$A$2:$B$10,2,0) -> 141140-91211 | E56: CALIPER ASSY,REAR BRAKE,R | F56: 45995 | G56: 0.69791667 | H56: CA-21 | I56: AC5 | J56: 8 | K56: =VLOOKUP($C56,Sheet1!$A$2:$D$10,4,0) -> 2 | L56: =VLOOKUP($C56,Sheet1!$A$2:$E$10,5,0) -> Bin | M56: =J56/K56 -> 4 | O56: GJ02ZZ7144 | P56: 12509Q100239
A57: G/I/25-26/01327 | B57: 05Z502422760AC5 | C57: 55402M58U00 | D57: =VLOOKUP($C57,Sheet1!$A$2:$B$10,2,0) -> 141150-91211 | E57: CALIPER ASSY,REAR BRAKE,L | F57: 45995 | G57: 0.69791667 | H57: CA-21 | I57: AC5 | J57: 8 | K57: =VLOOKUP($C57,Sheet1!$A$2:$D$10,4,0) -> 2 | L57: =VLOOKUP($C57,Sheet1!$A$2:$E$10,5,0) -> Bin | M57: =J57/K57 -> 4 | O57: GJ02ZZ7144 | P57: 12509Q100239
A58: G/I/25-26/01328 | B58: 05Z502425025AC5 | C58: 56110M58UA1 | D58: =VLOOKUP($C58,Sheet1!$A$2:$B$10,2,0) -> 116040-92240 | E58: ACTUATOR ASSY,NO VARIANT ESP | F58: 45995 | G58: 0.69791667 | H58: CA-01 | I58: AC5 | J58: 6 | K58: =VLOOKUP($C58,Sheet1!$A$2:$D$10,4,0) -> 6 | L58: =VLOOKUP($C58,Sheet1!$A$2:$E$10,5,0) -> Bin | M58: =J58/K58 -> 1 | O58: GJ02ZZ7144 | P58: 12505Q100031
A59: G/I/25-26/01328 | B59: 05Z502424037AC5 | C59: 5A120M58U01 | D59: =VLOOKUP($C59,Sheet1!$A$2:$B$10,2,0) -> 114010-50820 | E59: CYLINDER ASSY,BK MASTER W/ECU | F59: 45995 | G59: 0.69791667 | H59: CA-01 | I59: AC5 | J59: 6 | K59: =VLOOKUP($C59,Sheet1!$A$2:$D$10,4,0) -> 1 | L59: =VLOOKUP($C59,Sheet1!$A$2:$E$10,5,0) -> Bin | M59: =J59/K59 -> 6 | O59: GJ02ZZ7144 | P59: 12504Q100266
A60: G/I/25-26/01328 | B60: 05Z502422999AC5 | C60: 5A120M58U50 | D60: =VLOOKUP($C60,Sheet1!$A$2:$B$10,2,0) -> 114010-50830 | E60: CYLINDER ASSY,BK MASTER W/ECU | F60: 45995 | G60: 0.69791667 | H60: CA-01 | I60: AC5 | J60: 1 | K60: =VLOOKUP($C60,Sheet1!$A$2:$D$10,4,0) -> 1 | L60: =VLOOKUP($C60,Sheet1!$A$2:$E$10,5,0) -> Bin | M60: =J60/K60 -> 1 | O60: GJ02ZZ7144 | P60: 12504Q100256
M61: 16 | N61: 2
A69: Download : X539_eNagare_2025123.txt

Sheet 05-12-2025
A1: Dailly SMG Pick List | J1: 24AACCN5739J1ZA
A2: Supply Month | B2: 45996 | L2: Vehicle No
A3: INVOICE NO | B3: KANBAN NO | C3: PART NUMBER | D3: Material Code | E3: PART NAME | F3: SUPPLY DATE | G3: SUPPLY TIME | H3: UNLOADING LOC | I3: Line | J3: Qty Req | K3: Packing Standerd | L3: Packed in | M3: TTL Bin | N3: TORLLY | O3: Vehicle No | P3: INV NO
A4: G/I/25-26/01329 | B4: 05Z502400480AC5 | C4: 55101M58U10 | D4: =VLOOKUP($C4,Sheet1!$A$2:$B$10,2,0) -> 141110-14600 | E4: CALIPER ASSY,FRONT BRAKE,R | F4: 45996 | G4: 0.27083333 | H4: CA-07 | I4: AC5 | J4: 18 | K4: =VLOOKUP($C4,Sheet1!$A$2:$D$10,4,0) -> 18 | L4: =VLOOKUP($C4,Sheet1!$A$2:$E$10,5,0) -> Trolley (H) | N4: 1 | O4: GJ23Y8525 | P4: Barode sticker
A5: G/I/25-26/01329 | B5: 05Z502400510AC5 | C5: 55102M58U10 | D5: =VLOOKUP($C5,Sheet1!$A$2:$B$10,2,0) -> 141120-14600 | E5: CALIPER ASSY,FRONT BRAKE,L | F5: 45996 | G5: 0.27083333 | H5: CA-07 | I5: AC5 | J5: 18 | K5: =VLOOKUP($C5,Sheet1!$A$2:$D$10,4,0) -> 18 | L5: =VLOOKUP($C5,Sheet1!$A$2:$E$10,5,0) -> Trolley (H) | O5: GJ23Y8525 | P5: Barode sticker
A6: G/I/25-26/01329 | B6: 05Z502400553AC5 | C6: 55311M58U00 | D6: =VLOOKUP($C6,Sheet1!$A$2:$B$10,2,0) -> 141185-74670 | E6: DISC,FRONT BRAKE | F6: 45996 | G6: 0.27083333 | H6: CA-07 | I6: AC5 | J6: 40 | K6: =VLOOKUP($C6,Sheet1!$A$2:$D$10,4,0) -> 40 | L6: =VLOOKUP($C6,Sheet1!$A$2:$E$10,5,0) -> Trolley | N6: =J6/K6 -> 1 | O6: GJ23Y8525 | P6: 910102786
A7: G/I/25-26/01329 | B7: 05Z502400596AC5 | C7: 55401M58U00 | D7: =VLOOKUP($C7,Sheet1!$A$2:$B$10,2,0) -> 141140-91211 | E7: CALIPER ASSY,REAR BRAKE,R | F7: 45996 | G7: 0.27083333 | H7: CA-21 | I7: AC5 | J7: 24 | K7: =VLOOKUP($C7,Sheet1!$A$2:$D$10,4,0) -> 2 | L7: =VLOOKUP($C7,Sheet1!$A$2:$E$10,5,0) -> Bin | M7: =J7/K7 -> 12 | O7: GJ23Y8525 | P7: 12509Q100239
A8: G/I/25-26/01329 | B8: 05Z502431238AC5 | C8: 55401M58U00 | D8: =VLOOKUP($C8,Sheet1!$A$2:$B$10,2,0) -> 141140-91211 | E8: CALIPER ASSY,REAR BRAKE,R | F8: 45996 | G8: 0.27083333 | H8: CA-21 | I8: AC5 | J8: 12 | K8: =VLOOKUP($C8,Sheet1!$A$2:$D$10,4,0) -> 2 | L8: =VLOOKUP($C8,Sheet1!$A$2:$E$10,5,0) -> Bin | M8: =J8/K8 -> 6 | O8: GJ23Y8525 | P8: 12509Q100239
A9: G/I/25-26/01329 | B9: 05Z502400634AC5 | C9: 55402M58U00 | D9: =VLOOKUP($C9,Sheet1!$A$2:$B$10,2,0) -> 141150-91211 | E9: CALIPER ASSY,REAR BRAKE,L | F9: 45996 | G9: 0.27083333 | H9: CA-21 | I9: AC5 | J9: 24 | K9: =VLOOKUP($C9,Sheet1!$A$2:$D$10,4,0) -> 2 | L9: =VLOOKUP($C9,Sheet1!$A$2:$E$10,5,0) -> Bin | M9: =J9/K9 -> 12 | O9: GJ23Y8525 | P9: 12509Q100239
A10: G/I/25-26/01329 | B10: 05Z502437937AC5 | C10: 55402M58U00 | D10: =VLOOKUP($C10,Sheet1!$A$2:$B$10,2,0) -> 141150-91211 | E10: CALIPER ASSY,REAR BRAKE,L | F10: 45996 | G10: 0.27083333 | H10: CA-21 | I10: AC5 | J10: 12 | K10: =VLOOKUP($C10,Sheet1!$A$2:$D$10,4,0) -> 2 | L10: =VLOOKUP($C10,Sheet1!$A$2:$E$10,5,0) -> Bin | M10: =J10/K10 -> 6 | O10: GJ23Y8525 | P10: 12509Q100239
A11: G/I/25-26/01329 | B11: 05Z502400669AC5 | C11: 55611M58U00 | D11: =VLOOKUP($C11,Sheet1!$A$2:$B$10,2,0) -> 141186-74360 | E11: DISC,REAR BRAKE | F11: 45996 | G11: 0.27083333 | H11: CA-21 | I11: AC5 | J11: 40 | K11: =VLOOKUP($C11,Sheet1!$A$2:$D$10,4,0) -> 40 | L11: =VLOOKUP($C11,Sheet1!$A$2:$E$10,5,0) -> Trolley | N11: =J11/K11 -> 1 | O11: GJ23Y8525 | P11: 910100578
A12: G/I/25-26/01329 | B12: 05Z502438089AC5 | C12: 55611M58U00 | D12: =VLOOKUP($C12,Sheet1!$A$2:$B$10,2,0) -> 141186-74360 | E12: DISC,REAR BRAKE | F12: 45996 | G12: 0.27083333 | H12: CA-21 | I12: AC5 | J12: 40 | K12: =VLOOKUP($C12,Sheet1!$A$2:$D$10,4,0) -> 40 | L12: =VLOOKUP($C12,Sheet1!$A$2:$E$10,5,0) -> Trolley | N12: =J12/K12 -> 1 | O12: GJ23Y8525 | P12: 910100578-25 Qty. / 910101143-15 Qty.
A13: G/I/25-26/01330 | B13: 05Z502400715AC5 | C13: 56110M58UA1 | D13: =VLOOKUP($C13,Sheet1!$A$2:$B$10,2,0) -> 116040-92240 | E13: ACTUATOR ASSY,NO VARIANT ESP | F13: 45996 | G13: 0.27083333 | H13: CA-01 | I13: AC5 | J13: 24 | K13: =VLOOKUP($C13,Sheet1!$A$2:$D$10,4,0) -> 6 | L13: =VLOOKUP($C13,Sheet1!$A$2:$E$10,5,0) -> Bin | M13: =J13/K13 -> 4 | O13: GJ23Y8525 | P13: 12505Q100031
A14: G/I/25-26/01330 | B14: 05Z502430088AC5 | C14: 56110M58UA1 | D14: =VLOOKUP($C14,Sheet1!$A$2:$B$10,2,0) -> 116040-92240 | E14: ACTUATOR ASSY,NO VARIANT ESP | F14: 45996 | G14: 0.27083333 | H14: CA-01 | I14: AC5 | J14: 12 | K14: =VLOOKUP($C14,Sheet1!$A$2:$D$10,4,0) -> 6 | L14: =VLOOKUP($C14,Sheet1!$A$2:$E$10,5,0) -> Bin | M14: =J14/K14 -> 2 | O14: GJ23Y8525 | P14: 12505Q100031
A15: G/I/25-26/01330 | B15: 05Z502400758AC5 | C15: 5A120M58U01 | D15: =VLOOKUP($C15,Sheet1!$A$2:$B$10,2,0) -> 114010-50820 | E15: CYLINDER ASSY,BK MASTER W/ECU | F15: 45996 | G15: 0.27083333 | H15: CA-01 | I15: AC5 | J15: 14 | K15: =VLOOKUP($C15,Sheet1!$A$2:$D$10,4,0) -> 1 | L15: =VLOOKUP($C15,Sheet1!$A$2:$E$10,5,0) -> Bin | M15: =J15/K15 -> 14 | O15: GJ23Y8525 | P15: 12504Q100266
A16: G/I/25-26/01330 | B16: 05Z502439905AC5 | C16: 5A120M58U01 | D16: =VLOOKUP($C16,Sheet1!$A$2:$B$10,2,0) -> 114010-50820 | E16: CYLINDER ASSY,BK MASTER W/ECU | F16: 45996 | G16: 0.27083333 | H16: CA-01 | I16: AC5 | J16: 1 | K16: =VLOOKUP($C16,Sheet1!$A$2:$D$10,4,0) -> 1 | L16: =VLOOKUP($C16,Sheet1!$A$2:$E$10,5,0) -> Bin | M16: =J16/K16 -> 1 | O16: GJ23Y8525 | P16: 12504Q100266
A17: G/I/25-26/01330 | B17: 05Z502400790AC5 | C17: 5A120M58U50 | D17: =VLOOKUP($C17,Sheet1!$A$2:$B$10,2,0) -> 114010-50830 | E17: CYLINDER ASSY,BK MASTER W/ECU | F17: 45996 | G17: 0.27083333 | H17: CA-01 | I17: AC5 | J17: 9 | K17: =VLOOKUP($C17,Sheet1!$A$2:$D$10,4,0) -> 1 | L17: =VLOOKUP($C17,Sheet1!$A$2:$E$10,5,0) -> Bin | M17: =J17/K17 -> 9 | O17: GJ23Y8525 | P17: 12504Q100256
A18: G/I/25-26/01330 | B18: 05Z502427664AC5 | C18: 5A120M58U50 | D18: =VLOOKUP($C18,Sheet1!$A$2:$B$10,2,0) -> 114010-50830 | E18: CYLINDER ASSY,BK MASTER W/ECU | F18: 45996 | G18: 0.27083333 | H18: CA-01 | I18: AC5 | J18: 11 | K18: =VLOOKUP($C18,Sheet1!$A$2:$D$10,4,0) -> 1 | L18: =VLOOKUP($C18,Sheet1!$A$2:$E$10,5,0) -> Bin | M18: =J18/K18 -> 11 | O18: GJ23Y8525 | P18: 12504Q100256
M19: 77 | N19: 4
A20: G/I/25-26/01331 | B20: 05Z502400499AC5 | C20: 55101M58U10 | D20: =VLOOKUP($C20,Sheet1!$A$2:$B$10,2,0) -> 141110-14600 | E20: CALIPER ASSY,FRONT BRAKE,R | F20: 45996 | G20: 0.47916667 | H20: CA-07 | I20: AC5 | J20: 36 | K20: =VLOOKUP($C20,Sheet1!$A$2:$D$10,4,0) -> 18 | L20: =VLOOKUP($C20,Sheet1!$A$2:$E$10,5,0) -> Trolley (H) | N20: 2 | O20: GJ01KT7585 | P20: Barode sticker
A21: G/I/25-26/01331 | B21: 05Z502400529AC5 | C21: 55102M58U10 | D21: =VLOOKUP($C21,Sheet1!$A$2:$B$10,2,0) -> 141120-14600 | E21: CALIPER ASSY,FRONT BRAKE,L | F21: 45996 | G21: 0.47916667 | H21: CA-07 | I21: AC5 | J21: 36 | K21: =VLOOKUP($C21,Sheet1!$A$2:$D$10,4,0) -> 18 | L21: =VLOOKUP($C21,Sheet1!$A$2:$E$10,5,0) -> Trolley (H) | O21: GJ01KT7585 | P21: Barode sticker
A22: G/I/25-26/01331 | B22: 05Z502400561AC5 | C22: 55311M58U00 | D22: =VLOOKUP($C22,Sheet1!$A$2:$B$10,2,0) -> 141185-74670 | E22: DISC,FRONT BRAKE | F22: 45996 | G22: 0.47916667 | H22: CA-07 | I22: AC5 | J22: 40 | K22: =VLOOKUP($C22,Sheet1!$A$2:$D$10,4,0) -> 40 | L22: =VLOOKUP($C22,Sheet1!$A$2:$E$10,5,0) -> Trolley | N22: =J22/K22 -> 1 | O22: GJ01KT7585 | P22: 910102786
A23: G/I/25-26/01331 | B23: 05Z502400600AC5 | C23: 55401M58U00 | D23: =VLOOKUP($C23,Sheet1!$A$2:$B$10,2,0) -> 141140-91211 | E23: CALIPER ASSY,REAR BRAKE,R | F23: 45996 | G23: 0.47916667 | H23: CA-21 | I23: AC5 | J23: 20 | K23: =VLOOKUP($C23,Sheet1!$A$2:$D$10,4,0) -> 2 | L23: =VLOOKUP($C23,Sheet1!$A$2:$E$10,5,0) -> Bin | M23: =J23/K23 -> 10 | O23: GJ01KT7585 | P23: 12509Q100239
A24: G/I/25-26/01331 | B24: 05Z502400642AC5 | C24: 55402M58U00 | D24: =VLOOKUP($C24,Sheet1!$A$2:$B$10,2,0) -> 141150-91211 | E24: CALIPER ASSY,REAR BRAKE,L | F24: 45996 | G24: 0.47916667 | H24: CA-21 | I24: AC5 | J24: 20 | K24: =VLOOKUP($C24,Sheet1!$A$2:$D$10,4,0) -> 2 | L24: =VLOOKUP($C24,Sheet1!$A$2:$E$10,5,0) -> Bin | M24: =J24/K24 -> 10 | O24: GJ01KT7585 | P24: 12509Q100239
A25: G/I/25-26/01331 | B25: 05Z502400677AC5 | C25: 55611M58U00 | D25: =VLOOKUP($C25,Sheet1!$A$2:$B$10,2,0) -> 141186-74360 | E25: DISC,REAR BRAKE | F25: 45996 | G25: 0.47916667 | H25: CA-21 | I25: AC5 | J25: 40 | K25: =VLOOKUP($C25,Sheet1!$A$2:$D$10,4,0) -> 40 | L25: =VLOOKUP($C25,Sheet1!$A$2:$E$10,5,0) -> Trolley | N25: =J25/K25 -> 1 | O25: GJ01KT7585 | P25: 910101143
A26: G/I/25-26/01332 | B26: 05Z502400723AC5 | C26: 56110M58UA1 | D26: =VLOOKUP($C26,Sheet1!$A$2:$B$10,2,0) -> 116040-92240 | E26: ACTUATOR ASSY,NO VARIANT ESP | F26: 45996 | G26: 0.47916667 | H26: CA-01 | I26: AC5 | J26: 24 | K26: =VLOOKUP($C26,Sheet1!$A$2:$D$10,4,0) -> 6 | L26: =VLOOKUP($C26,Sheet1!$A$2:$E$10,5,0) -> Bin | M26: =J26/K26 -> 4 | O26: GJ01KT7585 | P26: 12505Q100031
A27: G/I/25-26/01332 | B27: 05Z502400766AC5 | C27: 5A120M58U01 | D27: =VLOOKUP($C27,Sheet1!$A$2:$B$10,2,0) -> 114010-50820 | E27: CYLINDER ASSY,BK MASTER W/ECU | F27: 45996 | G27: 0.47916667 | H27: CA-01 | I27: AC5 | J27: 2 | K27: =VLOOKUP($C27,Sheet1!$A$2:$D$10,4,0) -> 1 | L27: =VLOOKUP($C27,Sheet1!$A$2:$E$10,5,0) -> Bin | M27: =J27/K27 -> 2 | O27: GJ01KT7585 | P27: 12504Q100266
A28: G/I/25-26/01332 | B28: 05Z502400804AC5 | C28: 5A120M58U50 | D28: =VLOOKUP($C28,Sheet1!$A$2:$B$10,2,0) -> 114010-50830 | E28: CYLINDER ASSY,BK MASTER W/ECU | F28: 45996 | G28: 0.47916667 | H28: CA-01 | I28: AC5 | J28: 18 | K28: =VLOOKUP($C28,Sheet1!$A$2:$D$10,4,0) -> 1 | L28: =VLOOKUP($C28,Sheet1!$A$2:$E$10,5,0) -> Bin | M28: =J28/K28 -> 18 | O28: GJ01KT7585 | P28: 12504Q100256
M29: 44 | N29: 4
A30: G/I/25-26/01333 | B30: 05Z502400502AC5 | C30: 55101M58U10 | D30: =VLOOKUP($C30,Sheet1!$A$2:$B$10,2,0) -> 141110-14600 | E30: CALIPER ASSY,FRONT BRAKE,R | F30: 45996 | G30: 0.5625 | H30: CA-07 | I30: AC5 | J30: 18 | K30: =VLOOKUP($C30,Sheet1!$A$2:$D$10,4,0) -> 18 | L30: =VLOOKUP($C30,Sheet1!$A$2:$E$10,5,0) -> Trolley (H) | N30: 1 | O30: HR47G9416 | P30: Barode sticker
A31: G/I/25-26/01333 | B31: 05Z502400537AC5 | C31: 55102M58U10 | D31: =VLOOKUP($C31,Sheet1!$A$2:$B$10,2,0) -> 141120-14600 | E31: CALIPER ASSY,FRONT BRAKE,L | F31: 45996 | G31: 0.5625 | H31: CA-07 | I31: AC5 | J31: 18 | K31: =VLOOKUP($C31,Sheet1!$A$2:$D$10,4,0) -> 18 | L31: =VLOOKUP($C31,Sheet1!$A$2:$E$10,5,0) -> Trolley (H) | O31: HR47G9416 | P31: Barode sticker
A32: G/I/25-26/01333 | B32: 05Z502400570AC5 | C32: 55311M58U00 | D32: =VLOOKUP($C32,Sheet1!$A$2:$B$10,2,0) -> 141185-74670 | E32: DISC,FRONT BRAKE | F32: 45996 | G32: 0.5625 | H32: CA-07 | I32: AC5 | J32: 40 | K32: =VLOOKUP($C32,Sheet1!$A$2:$D$10,4,0) -> 40 | L32: =VLOOKUP($C32,Sheet1!$A$2:$E$10,5,0) -> Trolley | N32: =J32/K32 -> 1 | O32: HR47G9416 | P32: 910102786
A33: G/I/25-26/01333 | B33: 05Z502400618AC5 | C33: 55401M58U00 | D33: =VLOOKUP($C33,Sheet1!$A$2:$B$10,2,0) -> 141140-91211 | E33: CALIPER ASSY,REAR BRAKE,R | F33: 45996 | G33: 0.5625 | H33: CA-21 | I33: AC5 | J33: 20 | K33: =VLOOKUP($C33,Sheet1!$A$2:$D$10,4,0) -> 2 | L33: =VLOOKUP($C33,Sheet1!$A$2:$E$10,5,0) -> Bin | M33: =J33/K33 -> 10 | O33: HR47G9416 | P33: 12509Q100239
A34: G/I/25-26/01333 | B34: 05Z502400650AC5 | C34: 55402M58U00 | D34: =VLOOKUP($C34,Sheet1!$A$2:$B$10,2,0) -> 141150-91211 | E34: CALIPER ASSY,REAR BRAKE,L | F34: 45996 | G34: 0.5625 | H34: CA-21 | I34: AC5 | J34: 20 | K34: =VLOOKUP($C34,Sheet1!$A$2:$D$10,4,0) -> 2 | L34: =VLOOKUP($C34,Sheet1!$A$2:$E$10,5,0) -> Bin | M34: =J34/K34 -> 10 | O34: HR47G9416 | P34: 12509Q100239
A35: G/I/25-26/01333 | B35: 05Z502400685AC5 | C35: 55611M58U00 | D35: =VLOOKUP($C35,Sheet1!$A$2:$B$10,2,0) -> 141186-74360 | E35: DISC,REAR BRAKE | F35: 45996 | G35: 0.5625 | H35: CA-21 | I35: AC5 | J35: 40 | K35: =VLOOKUP($C35,Sheet1!$A$2:$D$10,4,0) -> 40 | L35: =VLOOKUP($C35,Sheet1!$A$2:$E$10,5,0) -> Trolley | N35: =J35/K35 -> 1 | O35: HR47G9416 | P35: 910101143
A36: G/I/25-26/01334 | B36: 05Z502400731AC5 | C36: 56110M58UA1 | D36: =VLOOKUP($C36,Sheet1!$A$2:$B$10,2,0) -> 116040-92240 | E36: ACTUATOR ASSY,NO VARIANT ESP | F36: 45996 | G36: 0.5625 | H36: CA-01 | I36: AC5 | J36: 18 | K36: =VLOOKUP($C36,Sheet1!$A$2:$D$10,4,0) -> 6 | L36: =VLOOKUP($C36,Sheet1!$A$2:$E$10,5,0) -> Bin | M36: =J36/K36 -> 3 | O36: HR47G9416 | P36: 12505Q100031
A37: G/I/25-26/01334 | B37: 05Z502400774AC5 | C37: 5A120M58U01 | D37: =VLOOKUP($C37,Sheet1!$A$2:$B$10,2,0) -> 114010-50820 | E37: CYLINDER ASSY,BK MASTER W/ECU | F37: 45996 | G37: 0.5625 | H37: CA-01 | I37: AC5 | J37: 11 | K37: =VLOOKUP($C37,Sheet1!$A$2:$D$10,4,0) -> 1 | L37: =VLOOKUP($C37,Sheet1!$A$2:$E$10,5,0) -> Bin | M37: =J37/K37 -> 11 | O37: HR47G9416 | P37: 12504Q100266-5 Qty / 12504Q100241-6 Qty.
A38: G/I/25-26/01334 | B38: 05Z502400812AC5 | C38: 5A120M58U50 | D38: =VLOOKUP($C38,Sheet1!$A$2:$B$10,2,0) -> 114010-50830 | E38: CYLINDER ASSY,BK MASTER W/ECU | F38: 45996 | G38: 0.5625 | H38: CA-01 | I38: AC5 | J38: 9 | K38: =VLOOKUP($C38,Sheet1!$A$2:$D$10,4,0) -> 1 | L38: =VLOOKUP($C38,Sheet1!$A$2:$E$10,5,0) -> Bin | M38: =J38/K38 -> 9 | O38: HR47G9416 | P38: 12504Q100256
M39: 43 | N39: 3
A40: G/I/25-26/01335 | B40: 05Z502400545AC5 | C40: 55311M58U00 | D40: =VLOOKUP($C40,Sheet1!$A$2:$B$10,2,0) -> 141185-74670 | E40: DISC,FRONT BRAKE | F40: 45996 | G40: 0.64583333 | H40: CA-07 | I40: AC5 | J40: 40 | K40: =VLOOKUP($C40,Sheet1!$A$2:$D$10,4,0) -> 40 | L40: =VLOOKUP($C40,Sheet1!$A$2:$E$10,5,0) -> Trolley | N40: =J40/K40 -> 1 | O40: GJ23Y8525 | P40: 910102786
A41: G/I/25-26/01335 | B41: 05Z502400588AC5 | C41: 55401M58U00 | D41: =VLOOKUP($C41,Sheet1!$A$2:$B$10,2,0) -> 141140-91211 | E41: CALIPER ASSY,REAR BRAKE,R | F41: 45996 | G41: 0.64583333 | H41: CA-21 | I41: AC5 | J41: 24 | K41: =VLOOKUP($C41,Sheet1!$A$2:$D$10,4,0) -> 2 | L41: =VLOOKUP($C41,Sheet1!$A$2:$E$10,5,0) -> Bin | M41: =J41/K41 -> 12 | O41: GJ23Y8525 | P41: 12509Q100239
A42: G/I/25-26/01335 | B42: 05Z502400626AC5 | C42: 55402M58U00 | D42: =VLOOKUP($C42,Sheet1!$A$2:$B$10,2,0) -> 141150-91211 | E42: CALIPER ASSY,REAR BRAKE,L | F42: 45996 | G42: 0.64583333 | H42: CA-21 | I42: AC5 | J42: 24 | K42: =VLOOKUP($C42,Sheet1!$A$2:$D$10,4,0) -> 2 | L42: =VLOOKUP($C42,Sheet1!$A$2:$E$10,5,0) -> Bin | M42: =J42/K42 -> 12 | O42: GJ23Y8525 | P42: 12509Q100239
A43: G/I/25-26/01335 | B43: 05Z502400693AC5 | C43: 55611M58U00 | D43: =VLOOKUP($C43,Sheet1!$A$2:$B$10,2,0) -> 141186-74360 | E43: DISC,REAR BRAKE | F43: 45996 | G43: 0.64583333 | H43: CA-21 | I43: AC5 | J43: 40 | K43: =VLOOKUP($C43,Sheet1!$A$2:$D$10,4,0) -> 40 | L43: =VLOOKUP($C43,Sheet1!$A$2:$E$10,5,0) -> Trolley | N43: =J43/K43 -> 1 | O43: GJ23Y8525 | P43: 910101143
A44: G/I/25-26/01336 | B44: 05Z502400707AC5 | C44: 56110M58UA1 | D44: =VLOOKUP($C44,Sheet1!$A$2:$B$10,2,0) -> 116040-92240 | E44: ACTUATOR ASSY,NO VARIANT ESP | F44: 45996 | G44: 0.64583333 | H44: CA-01 | I44: AC5 | J44: 24 | K44: =VLOOKUP($C44,Sheet1!$A$2:$D$10,4,0) -> 6 | L44: =VLOOKUP($C44,Sheet1!$A$2:$E$10,5,0) -> Bin | M44: =J44/K44 -> 4 | O44: GJ23Y8525 | P44: 12505Q100031
A45: G/I/25-26/01336 | B45: 05Z502400740AC5 | C45: 5A120M58U01 | D45: =VLOOKUP($C45,Sheet1!$A$2:$B$10,2,0) -> 114010-50820 | E45: CYLINDER ASSY,BK MASTER W/ECU | F45: 45996 | G45: 0.64583333 | H45: CA-01 | I45: AC5 | J45: 5 | K45: =VLOOKUP($C45,Sheet1!$A$2:$D$10,4,0) -> 1 | L45: =VLOOKUP($C45,Sheet1!$A$2:$E$10,5,0) -> Bin | M45: =J45/K45 -> 5 | O45: GJ23Y8525 | P45: 12504Q100241
A46: G/I/25-26/01336 | B46: 05Z502400782AC5 | C46: 5A120M58U50 | D46: =VLOOKUP($C46,Sheet1!$A$2:$B$10,2,0) -> 114010-50830 | E46: CYLINDER ASSY,BK MASTER W/ECU | F46: 45996 | G46: 0.64583333 | H46: CA-01 | I46: AC5 | J46: 20 | K46: =VLOOKUP($C46,Sheet1!$A$2:$D$10,4,0) -> 1 | L46: =VLOOKUP($C46,Sheet1!$A$2:$E$10,5,0) -> Bin | M46: =J46/K46 -> 20 | O46: GJ23Y8525 | P46: 12504Q100256
A47: G/I/25-26/01338 | B47: 06Z503076903AC5 | C47: 55101M58U10 | D47: =VLOOKUP($C47,Sheet1!$A$2:$B$10,2,0) -> 141110-14600 | E47: CALIPER ASSY,FRONT BRAKE,R | F47: 45996 | G47: 0.69791667 | H47: CA-07 | I47: AC5 | J47: 18 | K47: =VLOOKUP($C47,Sheet1!$A$2:$D$10,4,0) -> 18 | L47: =VLOOKUP($C47,Sheet1!$A$2:$E$10,5,0) -> Trolley (H) | N47: 1 | O47: GJ23Y8525 | P47: Barode sticker
A48: G/I/25-26/01338 | B48: 06Z503082466AC5 | C48: 55102M58U10 | D48: =VLOOKUP($C48,Sheet1!$A$2:$B$10,2,0) -> 141120-14600 | E48: CALIPER ASSY,FRONT BRAKE,L | F48: 45996 | G48: 0.69791667 | H48: CA-07 | I48: AC5 | J48: 18 | K48: =VLOOKUP($C48,Sheet1!$A$2:$D$10,4,0) -> 18 | L48: =VLOOKUP($C48,Sheet1!$A$2:$E$10,5,0) -> Trolley (H) | O48: GJ23Y8525 | P48: Barode sticker
A49: G/I/25-26/01338 | B49: 06Z503079856AC5 | C49: 55311M58U00 | D49: =VLOOKUP($C49,Sheet1!$A$2:$B$10,2,0) -> 141185-74670 | E49: DISC,FRONT BRAKE | F49: 45996 | G49: 0.69791667 | H49: CA-07 | I49: AC5 | J49: 40 | K49: =VLOOKUP($C49,Sheet1!$A$2:$D$10,4,0) -> 40 | L49: =VLOOKUP($C49,Sheet1!$A$2:$E$10,5,0) -> Trolley | N49: 1 | O49: GJ23Y8525 | P49: 910102786
A50: G/I/25-26/01338 | B50: 06Z503082326AC5 | C50: 55401M58U00 | D50: =VLOOKUP($C50,Sheet1!$A$2:$B$10,2,0) -> 141140-91211 | E50: CALIPER ASSY,REAR BRAKE,R | F50: 45996 | G50: 0.69791667 | H50: CA-21 | I50: AC5 | J50: 20 | K50: =VLOOKUP($C50,Sheet1!$A$2:$D$10,4,0) -> 2 | L50: =VLOOKUP($C50,Sheet1!$A$2:$E$10,5,0) -> Bin | M50: =J50/K50 -> 10 | O50: GJ23Y8525 | P50: 12509Q100239
A51: G/I/25-26/01338 | B51: 06Z503078558AC5 | C51: 55402M58U00 | D51: =VLOOKUP($C51,Sheet1!$A$2:$B$10,2,0) -> 141150-91211 | E51: CALIPER ASSY,REAR BRAKE,L | F51: 45996 | G51: 0.69791667 | H51: CA-21 | I51: AC5 | J51: 20 | K51: =VLOOKUP($C51,Sheet1!$A$2:$D$10,4,0) -> 2 | L51: =VLOOKUP($C51,Sheet1!$A$2:$E$10,5,0) -> Bin | M51: =J51/K51 -> 10 | O51: GJ23Y8525 | P51: 12509Q100239
A52: G/I/25-26/01338 | B52: 06Z503080897AC5 | C52: 55611M58U00 | D52: =VLOOKUP($C52,Sheet1!$A$2:$B$10,2,0) -> 141186-74360 | E52: DISC,REAR BRAKE | F52: 45996 | G52: 0.69791667 | H52: CA-21 | I52: AC5 | J52: 40 | K52: =VLOOKUP($C52,Sheet1!$A$2:$D$10,4,0) -> 40 | L52: =VLOOKUP($C52,Sheet1!$A$2:$E$10,5,0) -> Trolley | N52: 1 | O52: GJ23Y8525 | P52: 910101143
A53: G/I/25-26/01339 | B53: 06Z503077691AC5 | C53: 56110M58UA1 | D53: =VLOOKUP($C53,Sheet1!$A$2:$B$10,2,0) -> 116040-92240 | E53: ACTUATOR ASSY,NO VARIANT ESP | F53: 45996 | G53: 0.69791667 | H53: CA-01 | I53: AC5 | J53: 18 | K53: =VLOOKUP($C53,Sheet1!$A$2:$D$10,4,0) -> 6 | L53: =VLOOKUP($C53,Sheet1!$A$2:$E$10,5,0) -> Bin | M53: =J53/K53 -> 3 | O53: GJ23Y8525 | P53: 12505Q100031
A54: G/I/25-26/01339 | B54: 06Z503080714AC5 | C54: 5A120M58U01 | D54: =VLOOKUP($C54,Sheet1!$A$2:$B$10,2,0) -> 114010-50820 | E54: CYLINDER ASSY,BK MASTER W/ECU | F54: 45996 | G54: 0.69791667 | H54: CA-01 | I54: AC5 | J54: 12 | K54: =VLOOKUP($C54,Sheet1!$A$2:$D$10,4,0) -> 1 | L54: =VLOOKUP($C54,Sheet1!$A$2:$E$10,5,0) -> Bin | M54: =J54/K54 -> 12 | O54: GJ23Y8525 | P54: 12504Q100241 | Q54: =50*10 -> 500
A55: G/I/25-26/01339 | B55: 06Z503080552AC5 | C55: 5A120M58U50 | D55: =VLOOKUP($C55,Sheet1!$A$2:$B$10,2,0) -> 114010-50830 | E55: CYLINDER ASSY,BK MASTER W/ECU | F55: 45996 | G55: 0.69791667 | H55: CA-01 | I55: AC5 | J55: 8 | K55: =VLOOKUP($C55,Sheet1!$A$2:$D$10,4,0) -> 1 | L55: =VLOOKUP($C55,Sheet1!$A$2:$E$10,5,0) -> Bin | M55: =J55/K55 -> 8 | O55: GJ23Y8525 | P55: 12504Q100256
M56: 96 | N56: 5
B66: Download : X539_eNagare_2025124.txt

Sheet 06-12-2025
A1: Dailly SMG Pick List | J1: 24AACCN5739J1ZA
A2: Supply Month | B2: 45997 | L2: Vehicle No
A3: INVOICE NO | B3: KANBAN NO | C3: PART NUMBER | D3: Material Code | E3: PART NAME | F3: SUPPLY DATE | G3: SUPPLY TIME | H3: UNLOADING LOC | I3: Line | J3: Qty Req | K3: Packing Standerd | L3: Packed in | M3: TTL Bin | N3: TORLLY | O3: Vehicle No | P3: INV NO
A4: G/I/25-26/01340 | B4: 06Z503058468AC5 | C4: 55101M58U10 | D4: =VLOOKUP($C4,Sheet1!$A$2:$B$10,2,0) -> 141110-14600 | E4: CALIPER ASSY,FRONT BRAKE,R | F4: 45997 | G4: 0.27083333 | H4: CA-07 | I4: AC5 | J4: 36 | K4: =VLOOKUP($C4,Sheet1!$A$2:$D$10,4,0) -> 18 | L4: =VLOOKUP($C4,Sheet1!$A$2:$E$10,5,0) -> Trolley (H) | N4: 2 | O4: HR47E8635 | P4: Barode sticker
A5: G/I/25-26/01340 | B5: 06Z503058506AC5 | C5: 55102M58U10 | D5: =VLOOKUP($C5,Sheet1!$A$2:$B$10,2,0) -> 141120-14600 | E5: CALIPER ASSY,FRONT BRAKE,L | F5: 45997 | G5: 0.27083333 | H5: CA-07 | I5: AC5 | J5: 36 | K5: =VLOOKUP($C5,Sheet1!$A$2:$D$10,4,0) -> 18 | L5: =VLOOKUP($C5,Sheet1!$A$2:$E$10,5,0) -> Trolley (H) | O5: HR47E8635 | P5: Barode sticker
A6: G/I/25-26/01340 | B6: 06Z503087123AC5 | C6: 55101M58U10 | D6: =VLOOKUP($C6,Sheet1!$A$2:$B$10,2,0) -> 141110-14600 | E6: CALIPER ASSY,FRONT BRAKE,R | F6: 45997 | G6: 0.27083333 | H6: CA-07 | I6: AC5 | J6: 18 | K6: =VLOOKUP($C6,Sheet1!$A$2:$D$10,4,0) -> 18 | L6: =VLOOKUP($C6,Sheet1!$A$2:$E$10,5,0) -> Trolley (H) | N6: 1 | O6: HR47E8635 | P6: Barode sticker
A7: G/I/25-26/01340 | B7: 06Z503089169AC5 | C7: 55102M58U10 | D7: =VLOOKUP($C7,Sheet1!$A$2:$B$10,2,0) -> 141120-14600 | E7: CALIPER ASSY,FRONT BRAKE,L | F7: 45997 | G7: 0.27083333 | H7: CA-07 | I7: AC5 | J7: 18 | K7: =VLOOKUP($C7,Sheet1!$A$2:$D$10,4,0) -> 18 | L7: =VLOOKUP($C7,Sheet1!$A$2:$E$10,5,0) -> Trolley (H) | O7: HR47E8635 | P7: Barode sticker
A8: G/I/25-26/01340 | B8: 06Z503058530AC5 | C8: 55311M58U00 | D8: =VLOOKUP($C8,Sheet1!$A$2:$B$10,2,0) -> 141185-74670 | E8: DISC,FRONT BRAKE | F8: 45997 | G8: 0.27083333 | H8: CA-07 | I8: AC5 | J8: 120 | K8: =VLOOKUP($C8,Sheet1!$A$2:$D$10,4,0) -> 40 | L8: =VLOOKUP($C8,Sheet1!$A$2:$E$10,5,0) -> Trolley | N8: =J8/K8 -> 3 | O8: HR47E8635 | P8: 910102863-40 Qty./ 910102786-80 Qty.
A9: G/I/25-26/01340 | B9: 06Z503058581AC5 | C9: 55401M58U00 | D9: =VLOOKUP($C9,Sheet1!$A$2:$B$10,2,0) -> 141140-91211 | E9: CALIPER ASSY,REAR BRAKE,R | F9: 45997 | G9: 0.27083333 | H9: CA-21 | I9: AC5 | J9: 30 | K9: =VLOOKUP($C9,Sheet1!$A$2:$D$10,4,0) -> 2 | L9: =VLOOKUP($C9,Sheet1!$A$2:$E$10,5,0) -> Bin | M9: =J9/K9 -> 15 | O9: HR47E8635 | P9: 12509Q100239
A10: G/I/25-26/01340 | B10: 06Z503088600AC5 | C10: 55401M58U00 | D10: =VLOOKUP($C10,Sheet1!$A$2:$B$10,2,0) -> 141140-91211 | E10: CALIPER ASSY,REAR BRAKE,R | F10: 45997 | G10: 0.27083333 | H10: CA-21 | I10: AC5 | J10: 18 | K10: =VLOOKUP($C10,Sheet1!$A$2:$D$10,4,0) -> 2 | L10: =VLOOKUP($C10,Sheet1!$A$2:$E$10,5,0) -> Bin | M10: =J10/K10 -> 9 | O10: HR47E8635 | P10: 12509Q100239
A11: G/I/25-26/01340 | B11: 06Z503058620AC5 | C11: 55402M58U00 | D11: =VLOOKUP($C11,Sheet1!$A$2:$B$10,2,0) -> 141150-91211 | E11: CALIPER ASSY,REAR BRAKE,L | F11: 45997 | G11: 0.27083333 | H11: CA-21 | I11: AC5 | J11: 30 | K11: =VLOOKUP($C11,Sheet1!$A$2:$D$10,4,0) -> 2 | L11: =VLOOKUP($C11,Sheet1!$A$2:$E$10,5,0) -> Bin | M11: =J11/K11 -> 15 | O11: HR47E8635 | P11: 12509Q100239
A12: G/I/25-26/01340 | B12: 06Z503096718AC5 | C12: 55402M58U00 | D12: =VLOOKUP($C12,Sheet1!$A$2:$B$10,2,0) -> 141150-91211 | E12: CALIPER ASSY,REAR BRAKE,L | F12: 45997 | G12: 0.27083333 | H12: CA-21 | I12: AC5 | J12: 18 | K12: =VLOOKUP($C12,Sheet1!$A$2:$D$10,4,0) -> 2 | L12: =VLOOKUP($C12,Sheet1!$A$2:$E$10,5,0) -> Bin | M12: =J12/K12 -> 9 | O12: HR47E8635 | P12: 12509Q100239
A13: G/I/25-26/01342 | B13: 06Z503058700AC5 | C13: 56110M58UA1 | D13: =VLOOKUP($C13,Sheet1!$A$2:$B$10,2,0) -> 116040-92240 | E13: ACTUATOR ASSY,NO VARIANT ESP | F13: 45997 | G13: 0.27083333 | H13: CA-01 | I13: AC5 | J13: 30 | K13: =VLOOKUP($C13,Sheet1!$A$2:$D$10,4,0) -> 6 | L13: =VLOOKUP($C13,Sheet1!$A$2:$E$10,5,0) -> Bin | M13: =J13/K13 -> 5 | O13: HR47E8635 | P13: 12505Q100031
A14: G/I/25-26/01342 | B14: 06Z503094677AC5 | C14: 56110M58UA1 | D14: =VLOOKUP($C14,Sheet1!$A$2:$B$10,2,0) -> 116040-92240 | E14: ACTUATOR ASSY,NO VARIANT ESP | F14: 45997 | G14: 0.27083333 | H14: CA-01 | I14: AC5 | J14: 18 | K14: =VLOOKUP($C14,Sheet1!$A$2:$D$10,4,0) -> 6 | L14: =VLOOKUP($C14,Sheet1!$A$2:$E$10,5,0) -> Bin | M14: =J14/K14 -> 3 | O14: HR47E8635 | P14: 12505Q100031
A15: G/I/25-26/01342 | B15: 06Z503068790AC5 | C15: 5A120M58U01 | D15: =VLOOKUP($C15,Sheet1!$A$2:$B$10,2,0) -> 114010-50820 | E15: CYLINDER ASSY,BK MASTER W/ECU | F15: 45997 | G15: 0.27083333 | H15: CA-01 | I15: AC5 | J15: 13 | K15: =VLOOKUP($C15,Sheet1!$A$2:$D$10,4,0) -> 1 | L15: =VLOOKUP($C15,Sheet1!$A$2:$E$10,5,0) -> Bin | M15: =J15/K15 -> 13 | O15: HR47E8635 | P15: 12504Q100241
A16: G/I/25-26/01342 | B16: 06Z503090582AC5 | C16: 5A120M58U01 | D16: =VLOOKUP($C16,Sheet1!$A$2:$B$10,2,0) -> 114010-50820 | E16: CYLINDER ASSY,BK MASTER W/ECU | F16: 45997 | G16: 0.27083333 | H16: CA-01 | I16: AC5 | J16: 3 | K16: =VLOOKUP($C16,Sheet1!$A$2:$D$10,4,0) -> 1 | L16: =VLOOKUP($C16,Sheet1!$A$2:$E$10,5,0) -> Bin | M16: =J16/K16 -> 3 | O16: HR47E8635 | P16: 12504Q100241
A17: G/I/25-26/01342 | B17: 06Z503068838AC5 | C17: 5A120M58U50 | D17: =VLOOKUP($C17,Sheet1!$A$2:$B$10,2,0) -> 114010-50830 | E17: CYLINDER ASSY,BK MASTER W/ECU | F17: 45997 | G17: 0.27083333 | H17: CA-01 | I17: AC5 | J17: 17 | K17: =VLOOKUP($C17,Sheet1!$A$2:$D$10,4,0) -> 1 | L17: =VLOOKUP($C17,Sheet1!$A$2:$E$10,5,0) -> Bin | M17: =J17/K17 -> 17 | O17: HR47E8635 | P17: 12505Q100043
A18: G/I/25-26/01342 | B18: 06Z503096300AC5 | C18: 5A120M58U50 | D18: =VLOOKUP($C18,Sheet1!$A$2:$B$10,2,0) -> 114010-50830 | E18: CYLINDER ASSY,BK MASTER W/ECU | F18: 45997 | G18: 0.27083333 | H18: CA-01 | I18: AC5 | J18: 15 | K18: =VLOOKUP($C18,Sheet1!$A$2:$D$10,4,0) -> 1 | L18: =VLOOKUP($C18,Sheet1!$A$2:$E$10,5,0) -> Bin | M18: =J18/K18 -> 15 | O18: HR47E8635 | P18: 12505Q100043-2 Qty. / 12505Q100051-13 Qty.
M19: 104 | N19: 6
A20: G/I/25-26/01341 | B20: 06Z503058654AC5 | C20: 55611M58U00 | D20: =VLOOKUP($C20,Sheet1!$A$2:$B$10,2,0) -> 141186-74360 | E20: DISC,REAR BRAKE | F20: 45997 | G20: 0.27083333 | H20: CA-21 | I20: AC5 | J20: 80 | K20: =VLOOKUP($C20,Sheet1!$A$2:$D$10,4,0) -> 40 | L20: =VLOOKUP($C20,Sheet1!$A$2:$E$10,5,0) -> Trolley | N20: =J20/K20 -> 2 | O20: GJ02ZZ7144 | P20: 910101143
A21: G/I/25-26/01341 | B21: 06Z503085740AC5 | C21: 55611M58U00 | D21: =VLOOKUP($C21,Sheet1!$A$2:$B$10,2,0) -> 141186-74360 | E21: DISC,REAR BRAKE | F21: 45997 | G21: 0.27083333 | H21: CA-21 | I21: AC5 | J21: 40 | K21: =VLOOKUP($C21,Sheet1!$A$2:$D$10,4,0) -> 40 | L21: =VLOOKUP($C21,Sheet1!$A$2:$E$10,5,0) -> Trolley | N21: =J21/K21 -> 1 | O21: GJ02ZZ7144 | P21: 910101143
A22: G/I/25-26/01343 | B22: 06Z503058450AC5 | C22: 55101M58U10 | D22: =VLOOKUP($C22,Sheet1!$A$2:$B$10,2,0) -> 141110-14600 | E22: CALIPER ASSY,FRONT BRAKE,R | F22: 45997 | G22: 0.3125 | H22: CA-07 | I22: AC5 | J22: 36 | K22: =VLOOKUP($C22,Sheet1!$A$2:$D$10,4,0) -> 18 | L22: =VLOOKUP($C22,Sheet1!$A$2:$E$10,5,0) -> Trolley (H) | N22: 2 | O22: GJ02ZZ7144 | P22: AN0250009736-Barode sticker
A23: G/I/25-26/01343 | B23: 06Z503058492AC5 | C23: 55102M58U10 | D23: =VLOOKUP($C23,Sheet1!$A$2:$B$10,2,0) -> 141120-14600 | E23: CALIPER ASSY,FRONT BRAKE,L | F23: 45997 | G23: 0.3125 | H23: CA-07 | I23: AC5 | J23: 36 | K23: =VLOOKUP($C23,Sheet1!$A$2:$D$10,4,0) -> 18 | L23: =VLOOKUP($C23,Sheet1!$A$2:$E$10,5,0) -> Trolley (H) | O23: GJ02ZZ7144 | P23: Barode sticker
A24: G/I/25-26/01343 | B24: 06Z503058549AC5 | C24: 55311M58U00 | D24: =VLOOKUP($C24,Sheet1!$A$2:$B$10,2,0) -> 141185-74670 | E24: DISC,FRONT BRAKE | F24: 45997 | G24: 0.3125 | H24: CA-07 | I24: AC5 | J24: 40 | K24: =VLOOKUP($C24,Sheet1!$A$2:$D$10,4,0) -> 40 | L24: =VLOOKUP($C24,Sheet1!$A$2:$E$10,5,0) -> Trolley | N24: =J24/K24 -> 1 | O24: GJ02ZZ7144 | P24: 910102786
A25: G/I/25-26/01343 | B25: 06Z503058590AC5 | C25: 55401M58U00 | D25: =VLOOKUP($C25,Sheet1!$A$2:$B$10,2,0) -> 141140-91211 | E25: CALIPER ASSY,REAR BRAKE,R | F25: 45997 | G25: 0.3125 | H25: CA-21 | I25: AC5 | J25: 20 | K25: =VLOOKUP($C25,Sheet1!$A$2:$D$10,4,0) -> 2 | L25: =VLOOKUP($C25,Sheet1!$A$2:$E$10,5,0) -> Bin | M25: =J25/K25 -> 10 | O25: GJ02ZZ7144 | P25: 12509Q100239
A26: G/I/25-26/01343 | B26: 06Z503058638AC5 | C26: 55402M58U00 | D26: =VLOOKUP($C26,Sheet1!$A$2:$B$10,2,0) -> 141150-91211 | E26: CALIPER ASSY,REAR BRAKE,L | F26: 45997 | G26: 0.3125 | H26: CA-21 | I26: AC5 | J26: 20 | K26: =VLOOKUP($C26,Sheet1!$A$2:$D$10,4,0) -> 2 | L26: =VLOOKUP($C26,Sheet1!$A$2:$E$10,5,0) -> Bin | M26: =J26/K26 -> 10 | O26: GJ02ZZ7144 | P26: 12509Q100239
A27: G/I/25-26/01343 | B27: 06Z503058662AC5 | C27: 55611M58U00 | D27: =VLOOKUP($C27,Sheet1!$A$2:$B$10,2,0) -> 141186-74360 | E27: DISC,REAR BRAKE | F27: 45997 | G27: 0.3125 | H27: CA-21 | I27: AC5 | J27: 40 | K27: =VLOOKUP($C27,Sheet1!$A$2:$D$10,4,0) -> 40 | L27: =VLOOKUP($C27,Sheet1!$A$2:$E$10,5,0) -> Trolley | N27: =J27/K27 -> 1 | O27: GJ02ZZ7144 | P27: 910101143
A28: G/I/25-26/01344 | B28: 06Z503058719AC5 | C28: 56110M58UA1 | D28: =VLOOKUP($C28,Sheet1!$A$2:$B$10,2,0) -> 116040-92240 | E28: ACTUATOR ASSY,NO VARIANT ESP | F28: 45997 | G28: 0.3125 | H28: CA-01 | I28: AC5 | J28: 24 | K28: =VLOOKUP($C28,Sheet1!$A$2:$D$10,4,0) -> 6 | L28: =VLOOKUP($C28,Sheet1!$A$2:$E$10,5,0) -> Bin | M28: =J28/K28 -> 4 | O28: GJ02ZZ7144 | P28: 12505Q100031
A29: G/I/25-26/01344 | B29: 06Z503068803AC5 | C29: 5A120M58U01 | D29: =VLOOKUP($C29,Sheet1!$A$2:$B$10,2,0) -> 114010-50820 | E29: CYLINDER ASSY,BK MASTER W/ECU | F29: 45997 | G29: 0.3125 | H29: CA-01 | I29: AC5 | J29: 10 | K29: =VLOOKUP($C29,Sheet1!$A$2:$D$10,4,0) -> 1 | L29: =VLOOKUP($C29,Sheet1!$A$2:$E$10,5,0) -> Bin | M29: =J29/K29 -> 10 | O29: GJ02ZZ7144 | P29: 12504Q100241
A30: G/I/25-26/01344 | B30: 06Z503068846AC5 | C30: 5A120M58U50 | D30: =VLOOKUP($C30,Sheet1!$A$2:$B$10,2,0) -> 114010-50830 | E30: CYLINDER ASSY,BK MASTER W/ECU | F30: 45997 | G30: 0.3125 | H30: CA-01 | I30: AC5 | J30: 10 | K30: =VLOOKUP($C30,Sheet1!$A$2:$D$10,4,0) -> 1 | L30: =VLOOKUP($C30,Sheet1!$A$2:$E$10,5,0) -> Bin | M30: =J30/K30 -> 10 | O30: GJ02ZZ7144 | P30: 12505Q100043
M31: 44 | N31: 7
A32: G/I/25-26/01345 | B32: 06Z503058476AC5 | C32: 55101M58U10 | D32: =VLOOKUP($C32,Sheet1!$A$2:$B$10,2,0) -> 141110-14600 | E32: CALIPER ASSY,FRONT BRAKE,R | F32: 45997 | G32: 0.5625 | H32: CA-07 | I32: AC5 | J32: 18 | K32: =VLOOKUP($C32,Sheet1!$A$2:$D$10,4,0) -> 18 | L32: =VLOOKUP($C32,Sheet1!$A$2:$E$10,5,0) -> Trolley (H) | N32: 1 | O32: GJ01KT7585 | P32: AN0250009736
A33: G/I/25-26/01345 | B33: 06Z503058514AC5 | C33: 55102M58U10 | D33: =VLOOKUP($C33,Sheet1!$A$2:$B$10,2,0) -> 141120-14600 | E33: CALIPER ASSY,FRONT BRAKE,L | F33: 45997 | G33: 0.5625 | H33: CA-07 | I33: AC5 | J33: 18 | K33: =VLOOKUP($C33,Sheet1!$A$2:$D$10,4,0) -> 18 | L33: =VLOOKUP($C33,Sheet1!$A$2:$E$10,5,0) -> Trolley (H) | O33: GJ01KT7585 | P33: Barode sticker
A34: G/I/25-26/01345 | B34: 06Z503058557AC5 | C34: 55311M58U00 | D34: =VLOOKUP($C34,Sheet1!$A$2:$B$10,2,0) -> 141185-74670 | E34: DISC,FRONT BRAKE | F34: 45997 | G34: 0.5625 | H34: CA-07 | I34: AC5 | J34: 40 | K34: =VLOOKUP($C34,Sheet1!$A$2:$D$10,4,0) -> 40 | L34: =VLOOKUP($C34,Sheet1!$A$2:$E$10,5,0) -> Trolley | N34: =J34/K34 -> 1 | O34: GJ01KT7585 | P34: 910102863
A35: G/I/25-26/01345 | B35: 06Z503058603AC5 | C35: 55401M58U00 | D35: =VLOOKUP($C35,Sheet1!$A$2:$B$10,2,0) -> 141140-91211 | E35: CALIPER ASSY,REAR BRAKE,R | F35: 45997 | G35: 0.5625 | H35: CA-21 | I35: AC5 | J35: 20 | K35: =VLOOKUP($C35,Sheet1!$A$2:$D$10,4,0) -> 2 | L35: =VLOOKUP($C35,Sheet1!$A$2:$E$10,5,0) -> Bin | M35: =J35/K35 -> 10 | O35: GJ01KT7585 | P35: 12509Q100239
A36: G/I/25-26/01345 | B36: 06Z503058646AC5 | C36: 55402M58U00 | D36: =VLOOKUP($C36,Sheet1!$A$2:$B$10,2,0) -> 141150-91211 | E36: CALIPER ASSY,REAR BRAKE,L | F36: 45997 | G36: 0.5625 | H36: CA-21 | I36: AC5 | J36: 20 | K36: =VLOOKUP($C36,Sheet1!$A$2:$D$10,4,0) -> 2 | L36: =VLOOKUP($C36,Sheet1!$A$2:$E$10,5,0) -> Bin | M36: =J36/K36 -> 10 | O36: GJ01KT7585 | P36: 12509Q100239
A37: G/I/25-26/01345 | B37: 06Z503058670AC5 | C37: 55611M58U00 | D37: =VLOOKUP($C37,Sheet1!$A$2:$B$10,2,0) -> 141186-74360 | E37: DISC,REAR BRAKE | F37: 45997 | G37: 0.5625 | H37: CA-21 | I37: AC5 | J37: 40 | K37: =VLOOKUP($C37,Sheet1!$A$2:$D$10,4,0) -> 40 | L37: =VLOOKUP($C37,Sheet1!$A$2:$E$10,5,0) -> Trolley | N37: =J37/K37 -> 1 | O37: GJ01KT7585 | P37: 910101143
A38: G/I/25-26/01346 | B38: 06Z503058727AC5 | C38: 56110M58UA1 | D38: =VLOOKUP($C38,Sheet1!$A$2:$B$10,2,0) -> 116040-92240 | E38: ACTUATOR ASSY,NO VARIANT ESP | F38: 45997 | G38: 0.5625 | H38: CA-01 | I38: AC5 | J38: 18 | K38: =VLOOKUP($C38,Sheet1!$A$2:$D$10,4,0) -> 6 | L38: =VLOOKUP($C38,Sheet1!$A$2:$E$10,5,0) -> Bin | M38: =J38/K38 -> 3 | O38: GJ01KT7585 | P38: 12505Q100031
A39: G/I/25-26/01346 | B39: 06Z503068811AC5 | C39: 5A120M58U01 | D39: =VLOOKUP($C39,Sheet1!$A$2:$B$10,2,0) -> 114010-50820 | E39: CYLINDER ASSY,BK MASTER W/ECU | F39: 45997 | G39: 0.5625 | H39: CA-01 | I39: AC5 | J39: 10 | K39: =VLOOKUP($C39,Sheet1!$A$2:$D$10,4,0) -> 1 | L39: =VLOOKUP($C39,Sheet1!$A$2:$E$10,5,0) -> Bin | M39: =J39/K39 -> 10 | O39: GJ01KT7585 | P39: 12504Q100241
A40: G/I/25-26/01346 | B40: 06Z503068854AC5 | C40: 5A120M58U50 | D40: =VLOOKUP($C40,Sheet1!$A$2:$B$10,2,0) -> 114010-50830 | E40: CYLINDER ASSY,BK MASTER W/ECU | F40: 45997 | G40: 0.5625 | H40: CA-01 | I40: AC5 | J40: 10 | K40: =VLOOKUP($C40,Sheet1!$A$2:$D$10,4,0) -> 1 | L40: =VLOOKUP($C40,Sheet1!$A$2:$E$10,5,0) -> Bin | M40: =J40/K40 -> 10 | O40: GJ01KT7585 | P40: 12505Q100043
M41: 43 | N41: 3
A42: G/I/25-26/01347 | B42: 06Z503058484AC5 | C42: 55101M58U10 | D42: =VLOOKUP($C42,Sheet1!$A$2:$B$10,2,0) -> 141110-14600 | E42: CALIPER ASSY,FRONT BRAKE,R | F42: 45997 | G42: 0.60416667 | H42: CA-07 | I42: AC5 | J42: 18 | K42: =VLOOKUP($C42,Sheet1!$A$2:$D$10,4,0) -> 18 | L42: =VLOOKUP($C42,Sheet1!$A$2:$E$10,5,0) -> Trolley (H) | N42: 1 | O42: HR47G9416 | P42: AN0250009736
A43: G/I/25-26/01347 | B43: 06Z503058522AC5 | C43: 55102M58U10 | D43: =VLOOKUP($C43,Sheet1!$A$2:$B$10,2,0) -> 141120-14600 | E43: CALIPER ASSY,FRONT BRAKE,L | F43: 45997 | G43: 0.60416667 | H43: CA-07 | I43: AC5 | J43: 18 | K43: =VLOOKUP($C43,Sheet1!$A$2:$D$10,4,0) -> 18 | L43: =VLOOKUP($C43,Sheet1!$A$2:$E$10,5,0) -> Trolley (H) | O43: HR47G9416 | P43: Barode sticker
A44: G/I/25-26/01347 | B44: 06Z503058565AC5 | C44: 55311M58U00 | D44: =VLOOKUP($C44,Sheet1!$A$2:$B$10,2,0) -> 141185-74670 | E44: DISC,FRONT BRAKE | F44: 45997 | G44: 0.60416667 | H44: CA-07 | I44: AC5 | J44: 40 | K44: =VLOOKUP($C44,Sheet1!$A$2:$D$10,4,0) -> 40 | L44: =VLOOKUP($C44,Sheet1!$A$2:$E$10,5,0) -> Trolley | N44: =J44/K44 -> 1 | O44: HR47G9416 | P44: 910102863
A45: G/I/25-26/01347 | B45: 06Z503058573AC5 | C45: 55401M58U00 | D45: =VLOOKUP($C45,Sheet1!$A$2:$B$10,2,0) -> 141140-91211 | E45: CALIPER ASSY,REAR BRAKE,R | F45: 45997 | G45: 0.60416667 | H45: CA-21 | I45: AC5 | J45: 34 | K45: =VLOOKUP($C45,Sheet1!$A$2:$D$10,4,0) -> 2 | L45: =VLOOKUP($C45,Sheet1!$A$2:$E$10,5,0) -> Bin | M45: =J45/K45 -> 17 | O45: HR47G9416 | P45: 12509Q100239
A46: G/I/25-26/01347 | B46: 06Z503058611AC5 | C46: 55402M58U00 | D46: =VLOOKUP($C46,Sheet1!$A$2:$B$10,2,0) -> 141150-91211 | E46: CALIPER ASSY,REAR BRAKE,L | F46: 45997 | G46: 0.60416667 | H46: CA-21 | I46: AC5 | J46: 34 | K46: =VLOOKUP($C46,Sheet1!$A$2:$D$10,4,0) -> 2 | L46: =VLOOKUP($C46,Sheet1!$A$2:$E$10,5,0) -> Bin | M46: =J46/K46 -> 17 | O46: HR47G9416 | P46: 12509Q100239
A47: G/I/25-26/01347 | B47: 06Z503058689AC5 | C47: 55611M58U00 | D47: =VLOOKUP($C47,Sheet1!$A$2:$B$10,2,0) -> 141186-74360 | E47: DISC,REAR BRAKE | F47: 45997 | G47: 0.60416667 | H47: CA-21 | I47: AC5 | J47: 40 | K47: =VLOOKUP($C47,Sheet1!$A$2:$D$10,4,0) -> 40 | L47: =VLOOKUP($C47,Sheet1!$A$2:$E$10,5,0) -> Trolley | N47: =J47/K47 -> 1 | O47: HR47G9416 | P47: 910101143
A48: G/I/25-26/01348 | B48: 06Z503058697AC5 | C48: 56110M58UA1 | D48: =VLOOKUP($C48,Sheet1!$A$2:$B$10,2,0) -> 116040-92240 | E48: ACTUATOR ASSY,NO VARIANT ESP | F48: 45997 | G48: 0.60416667 | H48: CA-01 | I48: AC5 | J48: 36 | K48: =VLOOKUP($C48,Sheet1!$A$2:$D$10,4,0) -> 6 | L48: =VLOOKUP($C48,Sheet1!$A$2:$E$10,5,0) -> Bin | M48: =J48/K48 -> 6 | O48: HR47G9416 | P48: 12505Q100031
A49: G/I/25-26/01348 | B49: 06Z503058735AC5 | C49: 5A120M58U01 | D49: =VLOOKUP($C49,Sheet1!$A$2:$B$10,2,0) -> 114010-50820 | E49: CYLINDER ASSY,BK MASTER W/ECU | F49: 45997 | G49: 0.60416667 | H49: CA-01 | I49: AC5 | J49: 18 | K49: =VLOOKUP($C49,Sheet1!$A$2:$D$10,4,0) -> 1 | L49: =VLOOKUP($C49,Sheet1!$A$2:$E$10,5,0) -> Bin | M49: =J49/K49 -> 18 | O49: HR47G9416 | P49: 12504Q100241
A50: G/I/25-26/01348 | B50: 06Z503068820AC5 | C50: 5A120M58U50 | D50: =VLOOKUP($C50,Sheet1!$A$2:$B$10,2,0) -> 114010-50830 | E50: CYLINDER ASSY,BK MASTER W/ECU | F50: 45997 | G50: 0.60416667 | H50: CA-01 | I50: AC5 | J50: 17 | K50: =VLOOKUP($C50,Sheet1!$A$2:$D$10,4,0) -> 1 | L50: =VLOOKUP($C50,Sheet1!$A$2:$E$10,5,0) -> Bin | M50: =J50/K50 -> 17 | O50: HR47G9416 | P50: 12505Q100043
M51: 75 | N51: 3
B52: Download : X539_eNagare_2025125.txt

Sheet 08-12-2025
A1: Dailly SMG Pick List | J1: 24AACCN5739J1ZA
A2: Supply Month | B2: 45999 | L2: Vehicle No
A3: INVOICE NO | B3: KANBAN NO | C3: PART NUMBER | D3: Material Code | E3: PART NAME | F3: SUPPLY DATE | G3: SUPPLY TIME | H3: UNLOADING LOC | I3: Line | J3: Qty Req | K3: Packing Standerd | L3: Packed in | M3: TTL Bin | N3: TORLLY | O3: Vehicle No | P3: INV NO
A4: G/I/25-26/01349 | B4: 08Z503606074AC5 | C4: 55101M58U10 | D4: =VLOOKUP($C4,Sheet1!$A$2:$B$10,2,0) -> 141110-14600 | E4: CALIPER ASSY,FRONT BRAKE,R | F4: 45999 | G4: 0.27083333 | H4: CA-07 | I4: AC5 | J4: 36 | K4: =VLOOKUP($C4,Sheet1!$A$2:$D$10,4,0) -> 18 | L4: =VLOOKUP($C4,Sheet1!$A$2:$E$10,5,0) -> Trolley (H) | N4: 2 | O4: HR47E8635 | P4: AN0250009736-Barode sticker
A5: G/I/25-26/01349 | B5: 08Z503606112AC5 | C5: 55102M58U10 | D5: =VLOOKUP($C5,Sheet1!$A$2:$B$10,2,0) -> 141120-14600 | E5: CALIPER ASSY,FRONT BRAKE,L | F5: 45999 | G5: 0.27083333 | H5: CA-07 | I5: AC5 | J5: 36 | K5: =VLOOKUP($C5,Sheet1!$A$2:$D$10,4,0) -> 18 | L5: =VLOOKUP($C5,Sheet1!$A$2:$E$10,5,0) -> Trolley (H) | O5: HR47E8635 | P5: Barode sticker
A6: G/I/25-26/01349 | B6: 08Z503750116AC5 | C6: 55101M58U10 | D6: =VLOOKUP($C6,Sheet1!$A$2:$B$10,2,0) -> 141110-14600 | E6: CALIPER ASSY,FRONT BRAKE,R | F6: 45999 | G6: 0.27083333 | H6: CA-07 | I6: AC5 | J6: 18 | K6: =VLOOKUP($C6,Sheet1!$A$2:$D$10,4,0) -> 18 | L6: =VLOOKUP($C6,Sheet1!$A$2:$E$10,5,0) -> Trolley (H) | N6: 1 | O6: HR47E8635 | P6: AN0250009736-Barode sticker
A7: G/I/25-26/01349 | B7: 08Z503748375AC5 | C7: 55102M58U10 | D7: =VLOOKUP($C7,Sheet1!$A$2:$B$10,2,0) -> 141120-14600 | E7: CALIPER ASSY,FRONT BRAKE,L | F7: 45999 | G7: 0.27083333 | H7: CA-07 | I7: AC5 | J7: 18 | K7: =VLOOKUP($C7,Sheet1!$A$2:$D$10,4,0) -> 18 | L7: =VLOOKUP($C7,Sheet1!$A$2:$E$10,5,0) -> Trolley (H) | O7: HR47E8635 | P7: Barode sticker
A8: G/I/25-26/01349 | B8: 08Z503606155AC5 | C8: 55311M58U00 | D8: =VLOOKUP($C8,Sheet1!$A$2:$B$10,2,0) -> 141185-74670 | E8: DISC,FRONT BRAKE | F8: 45999 | G8: 0.27083333 | H8: CA-07 | I8: AC5 | J8: 80 | K8: =VLOOKUP($C8,Sheet1!$A$2:$D$10,4,0) -> 40 | L8: =VLOOKUP($C8,Sheet1!$A$2:$E$10,5,0) -> Trolley | N8: =J8/K8 -> 2 | O8: HR47E8635 | P8: 910102863
A9: G/I/25-26/01349 | B9: 08Z503606198AC5 | C9: 55401M58U00 | D9: =VLOOKUP($C9,Sheet1!$A$2:$B$10,2,0) -> 141140-91211 | E9: CALIPER ASSY,REAR BRAKE,R | F9: 45999 | G9: 0.27083333 | H9: CA-21 | I9: AC5 | J9: 30 | K9: =VLOOKUP($C9,Sheet1!$A$2:$D$10,4,0) -> 2 | L9: =VLOOKUP($C9,Sheet1!$A$2:$E$10,5,0) -> Bin | M9: =J9/K9 -> 15 | O9: HR47E8635 | P9: 12509Q100239
A10: G/I/25-26/01349 | B10: 08Z503756912AC5 | C10: 55401M58U00 | D10: =VLOOKUP($C10,Sheet1!$A$2:$B$10,2,0) -> 141140-91211 | E10: CALIPER ASSY,REAR BRAKE,R | F10: 45999 | G10: 0.27083333 | H10: CA-21 | I10: AC5 | J10: 16 | K10: =VLOOKUP($C10,Sheet1!$A$2:$D$10,4,0) -> 2 | L10: =VLOOKUP($C10,Sheet1!$A$2:$E$10,5,0) -> Bin | M10: =J10/K10 -> 8 | O10: HR47E8635 | P10: 12509Q100239
A11: G/I/25-26/01349 | B11: 08Z503606236AC5 | C11: 55402M58U00 | D11: =VLOOKUP($C11,Sheet1!$A$2:$B$10,2,0) -> 141150-91211 | E11: CALIPER ASSY,REAR BRAKE,L | F11: 45999 | G11: 0.27083333 | H11: CA-21 | I11: AC5 | J11: 30 | K11: =VLOOKUP($C11,Sheet1!$A$2:$D$10,4,0) -> 2 | L11: =VLOOKUP($C11,Sheet1!$A$2:$E$10,5,0) -> Bin | M11: =J11/K11 -> 15 | O11: HR47E8635 | P11: 12509Q100239
A12: G/I/25-26/01349 | B12: 08Z503745171AC5 | C12: 55402M58U00 | D12: =VLOOKUP($C12,Sheet1!$A$2:$B$10,2,0) -> 141150-91211 | E12: CALIPER ASSY,REAR BRAKE,L | F12: 45999 | G12: 0.27083333 | H12: CA-21 | I12: AC5 | J12: 16 | K12: =VLOOKUP($C12,Sheet1!$A$2:$D$10,4,0) -> 2 | L12: =VLOOKUP($C12,Sheet1!$A$2:$E$10,5,0) -> Bin | M12: =J12/K12 -> 8 | O12: HR47E8635 | P12: 12509Q100239
A13: G/I/25-26/01349 | B13: 08Z503606279AC5 | C13: 55611M58U00 | D13: =VLOOKUP($C13,Sheet1!$A$2:$B$10,2,0) -> 141186-74360 | E13: DISC,REAR BRAKE | F13: 45999 | G13: 0.27083333 | H13: CA-21 | I13: AC5 | J13: 40 | K13: =VLOOKUP($C13,Sheet1!$A$2:$D$10,4,0) -> 40 | L13: =VLOOKUP($C13,Sheet1!$A$2:$E$10,5,0) -> Trolley | N13: =J13/K13 -> 1 | O13: HR47E8635 | P13: 910101143
A14: G/I/25-26/01349 | B14: 08Z503756890AC5 | C14: 55611M58U00 | D14: =VLOOKUP($C14,Sheet1!$A$2:$B$10,2,0) -> 141186-74360 | E14: DISC,REAR BRAKE | F14: 45999 | G14: 0.27083333 | H14: CA-21 | I14: AC5 | J14: 40 | K14: =VLOOKUP($C14,Sheet1!$A$2:$D$10,4,0) -> 40 | L14: =VLOOKUP($C14,Sheet1!$A$2:$E$10,5,0) -> Trolley | N14: =J14/K14 -> 1 | O14: HR47E8635 | P14: 910101143
A15: G/I/25-26/01350 | B15: 08Z503606317AC5 | C15: 56110M58UA1 | D15: =VLOOKUP($C15,Sheet1!$A$2:$B$10,2,0) -> 116040-92240 | E15: ACTUATOR ASSY,NO VARIANT ESP | F15: 45999 | G15: 0.27083333 | H15: CA-01 | I15: AC5 | J15: 30 | K15: =VLOOKUP($C15,Sheet1!$A$2:$D$10,4,0) -> 6 | L15: =VLOOKUP($C15,Sheet1!$A$2:$E$10,5,0) -> Bin | M15: =J15/K15 -> 5 | O15: HR47E8635 | P15: 12505Q100031
A16: G/I/25-26/01350 | B16: 08Z503759202AC5 | C16: 56110M58UA1 | D16: =VLOOKUP($C16,Sheet1!$A$2:$B$10,2,0) -> 116040-92240 | E16: ACTUATOR ASSY,NO VARIANT ESP | F16: 45999 | G16: 0.27083333 | H16: CA-01 | I16: AC5 | J16: 12 | K16: =VLOOKUP($C16,Sheet1!$A$2:$D$10,4,0) -> 6 | L16: =VLOOKUP($C16,Sheet1!$A$2:$E$10,5,0) -> Bin | M16: =J16/K16 -> 2 | O16: HR47E8635 | P16: 12505Q100031
A17: G/I/25-26/01350 | B17: 08Z503606350AC5 | C17: 5A120M58U01 | D17: =VLOOKUP($C17,Sheet1!$A$2:$B$10,2,0) -> 114010-50820 | E17: CYLINDER ASSY,BK MASTER W/ECU | F17: 45999 | G17: 0.27083333 | H17: CA-01 | I17: AC5 | J17: 13 | K17: =VLOOKUP($C17,Sheet1!$A$2:$D$10,4,0) -> 1 | L17: =VLOOKUP($C17,Sheet1!$A$2:$E$10,5,0) -> Bin | M17: =J17/K17 -> 13 | O17: HR47E8635 | P17: 12504Q100241
A18: G/I/25-26/01350 | B18: 08Z503748553AC5 | C18: 5A120M58U01 | D18: =VLOOKUP($C18,Sheet1!$A$2:$B$10,2,0) -> 114010-50820 | E18: CYLINDER ASSY,BK MASTER W/ECU | F18: 45999 | G18: 0.27083333 | H18: CA-01 | I18: AC5 | J18: 10 | K18: =VLOOKUP($C18,Sheet1!$A$2:$D$10,4,0) -> 1 | L18: =VLOOKUP($C18,Sheet1!$A$2:$E$10,5,0) -> Bin | M18: =J18/K18 -> 10 | O18: HR47E8635 | P18: 12504Q100241
A19: G/I/25-26/01350 | B19: 08Z503606392AC5 | C19: 5A120M58U50 | D19: =VLOOKUP($C19,Sheet1!$A$2:$B$10,2,0) -> 114010-50830 | E19: CYLINDER ASSY,BK MASTER W/ECU | F19: 45999 | G19: 0.27083333 | H19: CA-01 | I19: AC5 | J19: 17 | K19: =VLOOKUP($C19,Sheet1!$A$2:$D$10,4,0) -> 1 | L19: =VLOOKUP($C19,Sheet1!$A$2:$E$10,5,0) -> Bin | M19: =J19/K19 -> 17 | O19: HR47E8635 | P19: 12505Q100043
A20: G/I/25-26/01350 | B20: 08Z503748774AC5 | C20: 5A120M58U50 | D20: =VLOOKUP($C20,Sheet1!$A$2:$B$10,2,0) -> 114010-50830 | E20: CYLINDER ASSY,BK MASTER W/ECU | F20: 45999 | G20: 0.27083333 | H20: CA-01 | I20: AC5 | J20: 5 | K20: =VLOOKUP($C20,Sheet1!$A$2:$D$10,4,0) -> 1 | L20: =VLOOKUP($C20,Sheet1!$A$2:$E$10,5,0) -> Bin | M20: =J20/K20 -> 5 | O20: HR47E8635 | P20: 12505Q100043
M21: 98 | N21: 7
A22: G/I/25-26/01351 | B22: 08Z503606082AC5 | C22: 55101M58U10 | D22: =VLOOKUP($C22,Sheet1!$A$2:$B$10,2,0) -> 141110-14600 | E22: CALIPER ASSY,FRONT BRAKE,R | F22: 45999 | G22: 0.3125 | H22: CA-07 | I22: AC5 | J22: 18 | K22: =VLOOKUP($C22,Sheet1!$A$2:$D$10,4,0) -> 18 | L22: =VLOOKUP($C22,Sheet1!$A$2:$E$10,5,0) -> Trolley (H) | N22: 1 | O22: GJ02AT0524 | P22: DC/25-26-/03
A23: G/I/25-26/01351 | B23: 08Z503606120AC5 | C23: 55102M58U10 | D23: =VLOOKUP($C23,Sheet1!$A$2:$B$10,2,0) -> 141120-14600 | E23: CALIPER ASSY,FRONT BRAKE,L | F23: 45999 | G23: 0.3125 | H23: CA-07 | I23: AC5 | J23: 18 | K23: =VLOOKUP($C23,Sheet1!$A$2:$D$10,4,0) -> 18 | L23: =VLOOKUP($C23,Sheet1!$A$2:$E$10,5,0) -> Trolley (H) | O23: GJ02AT0524 | P23: DC/25-26-/02
A24: G/I/25-26/01351 | B24: 08Z503606163AC5 | C24: 55311M58U00 | D24: =VLOOKUP($C24,Sheet1!$A$2:$B$10,2,0) -> 141185-74670 | E24: DISC,FRONT BRAKE | F24: 45999 | G24: 0.3125 | H24: CA-07 | I24: AC5 | J24: 40 | K24: =VLOOKUP($C24,Sheet1!$A$2:$D$10,4,0) -> 40 | L24: =VLOOKUP($C24,Sheet1!$A$2:$E$10,5,0) -> Trolley | N24: =J24/K24 -> 1 | O24: GJ02AT0524 | P24: 910102863
A25: G/I/25-26/01351 | B25: 08Z503606201AC5 | C25: 55401M58U00 | D25: =VLOOKUP($C25,Sheet1!$A$2:$B$10,2,0) -> 141140-91211 | E25: CALIPER ASSY,REAR BRAKE,R | F25: 45999 | G25: 0.3125 | H25: CA-21 | I25: AC5 | J25: 30 | K25: =VLOOKUP($C25,Sheet1!$A$2:$D$10,4,0) -> 2 | L25: =VLOOKUP($C25,Sheet1!$A$2:$E$10,5,0) -> Bin | M25: =J25/K25 -> 15 | O25: GJ02AT0524 | P25: 12509Q100239
A26: G/I/25-26/01351 | B26: 08Z503606244AC5 | C26: 55402M58U00 | D26: =VLOOKUP($C26,Sheet1!$A$2:$B$10,2,0) -> 141150-91211 | E26: CALIPER ASSY,REAR BRAKE,L | F26: 45999 | G26: 0.3125 | H26: CA-21 | I26: AC5 | J26: 30 | K26: =VLOOKUP($C26,Sheet1!$A$2:$D$10,4,0) -> 2 | L26: =VLOOKUP($C26,Sheet1!$A$2:$E$10,5,0) -> Bin | M26: =J26/K26 -> 15 | O26: GJ02AT0524 | P26: 12509Q100239
A27: G/I/25-26/01351 | B27: 08Z503606287AC5 | C27: 55611M58U00 | D27: =VLOOKUP($C27,Sheet1!$A$2:$B$10,2,0) -> 141186-74360 | E27: DISC,REAR BRAKE | F27: 45999 | G27: 0.3125 | H27: CA-21 | I27: AC5 | J27: 80 | K27: =VLOOKUP($C27,Sheet1!$A$2:$D$10,4,0) -> 40 | L27: =VLOOKUP($C27,Sheet1!$A$2:$E$10,5,0) -> Trolley | N27: =J27/K27 -> 2 | O27: GJ02AT0524 | P27: 910101143
A28: G/I/25-26/01352 | B28: 08Z503606325AC5 | C28: 56110M58UA1 | D28: =VLOOKUP($C28,Sheet1!$A$2:$B$10,2,0) -> 116040-92240 | E28: ACTUATOR ASSY,NO VARIANT ESP | F28: 45999 | G28: 0.3125 | H28: CA-01 | I28: AC5 | J28: 30 | K28: =VLOOKUP($C28,Sheet1!$A$2:$D$10,4,0) -> 6 | L28: =VLOOKUP($C28,Sheet1!$A$2:$E$10,5,0) -> Bin | M28: =J28/K28 -> 5 | O28: GJ02AT0524 | P28: 12505Q100031
A29: G/I/25-26/01352 | B29: 08Z503606368AC5 | C29: 5A120M58U01 | D29: =VLOOKUP($C29,Sheet1!$A$2:$B$10,2,0) -> 114010-50820 | E29: CYLINDER ASSY,BK MASTER W/ECU | F29: 45999 | G29: 0.3125 | H29: CA-01 | I29: AC5 | J29: 15 | K29: =VLOOKUP($C29,Sheet1!$A$2:$D$10,4,0) -> 1 | L29: =VLOOKUP($C29,Sheet1!$A$2:$E$10,5,0) -> Bin | M29: =J29/K29 -> 15 | O29: GJ02AT0524 | P29: 12504Q100241
A30: G/I/25-26/01352 | B30: 08Z503606406AC5 | C30: 5A120M58U50 | D30: =VLOOKUP($C30,Sheet1!$A$2:$B$10,2,0) -> 114010-50830 | E30: CYLINDER ASSY,BK MASTER W/ECU | F30: 45999 | G30: 0.3125 | H30: CA-01 | I30: AC5 | J30: 15 | K30: =VLOOKUP($C30,Sheet1!$A$2:$D$10,4,0) -> 1 | L30: =VLOOKUP($C30,Sheet1!$A$2:$E$10,5,0) -> Bin | M30: =J30/K30 -> 15 | O30: GJ02AT0524 | P30: 12505Q100031
M31: 65 | N31: 4
A32: G/I/25-26/01353 | B32: 08Z503606090AC5 | C32: 55101M58U10 | D32: =VLOOKUP($C32,Sheet1!$A$2:$B$10,2,0) -> 141110-14600 | E32: CALIPER ASSY,FRONT BRAKE,R | F32: 45999 | G32: 0.5625 | H32: CA-07 | I32: AC5 | J32: 36 | K32: =VLOOKUP($C32,Sheet1!$A$2:$D$10,4,0) -> 18 | L32: =VLOOKUP($C32,Sheet1!$A$2:$E$10,5,0) -> Trolley (H) | N32: 2 | O32: GJ23Y8525 | P32: DC/25-26-/03-18 Qty. / Barode sticker- 18 Qty.
A33: G/I/25-26/01353 | B33: 08Z503606139AC5 | C33: 55102M58U10 | D33: =VLOOKUP($C33,Sheet1!$A$2:$B$10,2,0) -> 141120-14600 | E33: CALIPER ASSY,FRONT BRAKE,L | F33: 45999 | G33: 0.5625 | H33: CA-07 | I33: AC5 | J33: 36 | K33: =VLOOKUP($C33,Sheet1!$A$2:$D$10,4,0) -> 18 | L33: =VLOOKUP($C33,Sheet1!$A$2:$E$10,5,0) -> Trolley (H) | O33: GJ23Y8525 | P33: DC/25-26-/02-18 Qty. / Barode sticker- 18 Qty.
A34: G/I/25-26/01353 | B34: 08Z503606171AC5 | C34: 55311M58U00 | D34: =VLOOKUP($C34,Sheet1!$A$2:$B$10,2,0) -> 141185-74670 | E34: DISC,FRONT BRAKE | F34: 45999 | G34: 0.5625 | H34: CA-07 | I34: AC5 | J34: 40 | K34: =VLOOKUP($C34,Sheet1!$A$2:$D$10,4,0) -> 40 | L34: =VLOOKUP($C34,Sheet1!$A$2:$E$10,5,0) -> Trolley | N34: =J34/K34 -> 1 | O34: GJ23Y8525 | P34: 910102863
A35: G/I/25-26/01353 | B35: 08Z503606210AC5 | C35: 55401M58U00 | D35: =VLOOKUP($C35,Sheet1!$A$2:$B$10,2,0) -> 141140-91211 | E35: CALIPER ASSY,REAR BRAKE,R | F35: 45999 | G35: 0.5625 | H35: CA-21 | I35: AC5 | J35: 26 | K35: =VLOOKUP($C35,Sheet1!$A$2:$D$10,4,0) -> 2 | L35: =VLOOKUP($C35,Sheet1!$A$2:$E$10,5,0) -> Bin | M35: =J35/K35 -> 13 | O35: GJ23Y8525 | P35: 12509Q100239
A36: G/I/25-26/01353 | B36: 08Z503606252AC5 | C36: 55402M58U00 | D36: =VLOOKUP($C36,Sheet1!$A$2:$B$10,2,0) -> 141150-91211 | E36: CALIPER ASSY,REAR BRAKE,L | F36: 45999 | G36: 0.5625 | H36: CA-21 | I36: AC5 | J36: 26 | K36: =VLOOKUP($C36,Sheet1!$A$2:$D$10,4,0) -> 2 | L36: =VLOOKUP($C36,Sheet1!$A$2:$E$10,5,0) -> Bin | M36: =J36/K36 -> 13 | O36: GJ23Y8525 | P36: 12509Q100239-16 Qty / old part-10 Qty.
A37: G/I/25-26/01353 | B37: 08Z503606295AC5 | C37: 55611M58U00 | D37: =VLOOKUP($C37,Sheet1!$A$2:$B$10,2,0) -> 141186-74360 | E37: DISC,REAR BRAKE | F37: 45999 | G37: 0.5625 | H37: CA-21 | I37: AC5 | J37: 40 | K37: =VLOOKUP($C37,Sheet1!$A$2:$D$10,4,0) -> 40 | L37: =VLOOKUP($C37,Sheet1!$A$2:$E$10,5,0) -> Trolley | N37: =J37/K37 -> 1 | O37: GJ23Y8525 | P37: 910101143
A38: G/I/25-26/01354 | B38: 08Z503606333AC5 | C38: 56110M58UA1 | D38: =VLOOKUP($C38,Sheet1!$A$2:$B$10,2,0) -> 116040-92240 | E38: ACTUATOR ASSY,NO VARIANT ESP | F38: 45999 | G38: 0.5625 | H38: CA-01 | I38: AC5 | J38: 24 | K38: =VLOOKUP($C38,Sheet1!$A$2:$D$10,4,0) -> 6 | L38: =VLOOKUP($C38,Sheet1!$A$2:$E$10,5,0) -> Bin | M38: =J38/K38 -> 4 | O38: GJ23Y8525 | P38: 12505Q100031
A39: G/I/25-26/01354 | B39: 08Z503606376AC5 | C39: 5A120M58U01 | D39: =VLOOKUP($C39,Sheet1!$A$2:$B$10,2,0) -> 114010-50820 | E39: CYLINDER ASSY,BK MASTER W/ECU | F39: 45999 | G39: 0.5625 | H39: CA-01 | I39: AC5 | J39: 1 | K39: =VLOOKUP($C39,Sheet1!$A$2:$D$10,4,0) -> 1 | L39: =VLOOKUP($C39,Sheet1!$A$2:$E$10,5,0) -> Bin | M39: =J39/K39 -> 1 | O39: GJ23Y8525 | P39: 12504Q100241
A40: G/I/25-26/01354 | B40: 08Z503606414AC5 | C40: 5A120M58U50 | D40: =VLOOKUP($C40,Sheet1!$A$2:$B$10,2,0) -> 114010-50830 | E40: CYLINDER ASSY,BK MASTER W/ECU | F40: 45999 | G40: 0.5625 | H40: CA-01 | I40: AC5 | J40: 15 | K40: =VLOOKUP($C40,Sheet1!$A$2:$D$10,4,0) -> 1 | L40: =VLOOKUP($C40,Sheet1!$A$2:$E$10,5,0) -> Bin | M40: =J40/K40 -> 15 | O40: GJ23Y8525 | P40: 12505Q100031
M41: 46 | N41: 4
A42: G/I/25-26/01355 | B42: 08Z503606066AC5 | C42: 55101M58U10 | D42: =VLOOKUP($C42,Sheet1!$A$2:$B$10,2,0) -> 141110-14600 | E42: CALIPER ASSY,FRONT BRAKE,R | F42: 45999 | G42: 0.60416667 | H42: CA-07 | I42: AC5 | J42: 18 | K42: =VLOOKUP($C42,Sheet1!$A$2:$D$10,4,0) -> 18 | L42: =VLOOKUP($C42,Sheet1!$A$2:$E$10,5,0) -> Trolley (H) | N42: 1 | O42: HR47G9416 | P42: DC/25-26-/03
A43: G/I/25-26/01355 | B43: 08Z503606104AC5 | C43: 55102M58U10 | D43: =VLOOKUP($C43,Sheet1!$A$2:$B$10,2,0) -> 141120-14600 | E43: CALIPER ASSY,FRONT BRAKE,L | F43: 45999 | G43: 0.60416667 | H43: CA-07 | I43: AC5 | J43: 18 | K43: =VLOOKUP($C43,Sheet1!$A$2:$D$10,4,0) -> 18 | L43: =VLOOKUP($C43,Sheet1!$A$2:$E$10,5,0) -> Trolley (H) | O43: HR47G9416 | P43: DC/25-26-/02
A44: G/I/25-26/01355 | B44: 08Z503606147AC5 | C44: 55311M58U00 | D44: =VLOOKUP($C44,Sheet1!$A$2:$B$10,2,0) -> 141185-74670 | E44: DISC,FRONT BRAKE | F44: 45999 | G44: 0.60416667 | H44: CA-07 | I44: AC5 | J44: 80 | K44: =VLOOKUP($C44,Sheet1!$A$2:$D$10,4,0) -> 40 | L44: =VLOOKUP($C44,Sheet1!$A$2:$E$10,5,0) -> Trolley | N44: =J44/K44 -> 2 | O44: HR47G9416 | P44: 910102863
A45: G/I/25-26/01355 | B45: 08Z503606180AC5 | C45: 55401M58U00 | D45: =VLOOKUP($C45,Sheet1!$A$2:$B$10,2,0) -> 141140-91211 | E45: CALIPER ASSY,REAR BRAKE,R | F45: 45999 | G45: 0.60416667 | H45: CA-21 | I45: AC5 | J45: 20 | K45: =VLOOKUP($C45,Sheet1!$A$2:$D$10,4,0) -> 2 | L45: =VLOOKUP($C45,Sheet1!$A$2:$E$10,5,0) -> Bin | M45: =J45/K45 -> 10 | O45: HR47G9416 | P45: 12509Q100239-3 Qty / old part-17 Qty.
A46: G/I/25-26/01355 | B46: 08Z503606228AC5 | C46: 55402M58U00 | D46: =VLOOKUP($C46,Sheet1!$A$2:$B$10,2,0) -> 141150-91211 | E46: CALIPER ASSY,REAR BRAKE,L | F46: 45999 | G46: 0.60416667 | H46: CA-21 | I46: AC5 | J46: 20 | K46: =VLOOKUP($C46,Sheet1!$A$2:$D$10,4,0) -> 2 | L46: =VLOOKUP($C46,Sheet1!$A$2:$E$10,5,0) -> Bin | M46: =J46/K46 -> 10 | O46: HR47G9416 | P46: old
A47: G/I/25-26/01355 | B47: 08Z503606260AC5 | C47: 55611M58U00 | D47: =VLOOKUP($C47,Sheet1!$A$2:$B$10,2,0) -> 141186-74360 | E47: DISC,REAR BRAKE | F47: 45999 | G47: 0.60416667 | H47: CA-21 | I47: AC5 | J47: 40 | K47: =VLOOKUP($C47,Sheet1!$A$2:$D$10,4,0) -> 40 | L47: =VLOOKUP($C47,Sheet1!$A$2:$E$10,5,0) -> Trolley | N47: =J47/K47 -> 1 | O47: HR47G9416 | P47: 910101143
A48: G/I/25-26/01356 | B48: 08Z503606309AC5 | C48: 56110M58UA1 | D48: =VLOOKUP($C48,Sheet1!$A$2:$B$10,2,0) -> 116040-92240 | E48: ACTUATOR ASSY,NO VARIANT ESP | F48: 45999 | G48: 0.60416667 | H48: CA-01 | I48: AC5 | J48: 24 | K48: =VLOOKUP($C48,Sheet1!$A$2:$D$10,4,0) -> 6 | L48: =VLOOKUP($C48,Sheet1!$A$2:$E$10,5,0) -> Bin | M48: =J48/K48 -> 4 | O48: HR47G9416 | P48: 12505Q100031
A49: G/I/25-26/01356 | B49: 08Z503606341AC5 | C49: 5A120M58U01 | D49: =VLOOKUP($C49,Sheet1!$A$2:$B$10,2,0) -> 114010-50820 | E49: CYLINDER ASSY,BK MASTER W/ECU | F49: 45999 | G49: 0.60416667 | H49: CA-01 | I49: AC5 | J49: 9 | K49: =VLOOKUP($C49,Sheet1!$A$2:$D$10,4,0) -> 1 | L49: =VLOOKUP($C49,Sheet1!$A$2:$E$10,5,0) -> Bin | M49: =J49/K49 -> 9 | O49: HR47G9416 | P49: 12504Q100241
A50: G/I/25-26/01356 | B50: 08Z503606384AC5 | C50: 5A120M58U50 | D50: =VLOOKUP($C50,Sheet1!$A$2:$B$10,2,0) -> 114010-50830 | E50: CYLINDER ASSY,BK MASTER W/ECU | F50: 45999 | G50: 0.60416667 | H50: CA-01 | I50: AC5 | J50: 21 | K50: =VLOOKUP($C50,Sheet1!$A$2:$D$10,4,0) -> 1 | L50: =VLOOKUP($C50,Sheet1!$A$2:$E$10,5,0) -> Bin | M50: =J50/K50 -> 21 | O50: HR47G9416 | P50: 12505Q100031
M51: 54 | N51: 4

Sheet 09-12-2025
A1: Dailly SMG Pick List | J1: 24AACCN5739J1ZA
A2: Supply Month | B2: 46000 | L2: Vehicle No
A3: INVOICE NO | B3: KANBAN NO | C3: PART NUMBER | D3: Material Code | E3: PART NAME | F3: SUPPLY DATE | G3: SUPPLY TIME | H3: UNLOADING LOC | I3: Line | J3: Qty Req | K3: Packing Standerd | L3: Packed in | M3: TTL Bin | N3: TORLLY | O3: Vehicle No | P3: INV NO
A4: G/I/25-26/01357 | B4: 09Z504272846AC5 | C4: 55101M58U10 | D4: =VLOOKUP($C4,Sheet1!$A$2:$B$10,2,0) -> 141110-14600 | E4: CALIPER ASSY,FRONT BRAKE,R | F4: 46000 | G4: 0.27083333 | H4: CA-07 | I4: AC5 | J4: 18 | K4: =VLOOKUP($C4,Sheet1!$A$2:$D$10,4,0) -> 18 | L4: =VLOOKUP($C4,Sheet1!$A$2:$E$10,5,0) -> Trolley (H) | N4: 1 | O4: HR47E8635 | P4: DC/25-26-/03
A5: G/I/25-26/01357 | B5: 09Z504272889AC5 | C5: 55102M58U10 | D5: =VLOOKUP($C5,Sheet1!$A$2:$B$10,2,0) -> 141120-14600 | E5: CALIPER ASSY,FRONT BRAKE,L | F5: 46000 | G5: 0.27083333 | H5: CA-07 | I5: AC5 | J5: 18 | K5: =VLOOKUP($C5,Sheet1!$A$2:$D$10,4,0) -> 18 | L5: =VLOOKUP($C5,Sheet1!$A$2:$E$10,5,0) -> Trolley (H) | O5: HR47E8635 | P5: DC/25-26-/02
A6: G/I/25-26/01357 | B6: 09Z504422325AC5 | C6: 55101M58U10 | D6: =VLOOKUP($C6,Sheet1!$A$2:$B$10,2,0) -> 141110-14600 | E6: CALIPER ASSY,FRONT BRAKE,R | F6: 46000 | G6: 0.27083333 | H6: CA-07 | I6: AC5 | J6: 36 | K6: =VLOOKUP($C6,Sheet1!$A$2:$D$10,4,0) -> 18 | L6: =VLOOKUP($C6,Sheet1!$A$2:$E$10,5,0) -> Trolley (H) | N6: 2 | O6: HR47E8635 | P6: DC/25-26-/03
A7: G/I/25-26/01357 | B7: 09Z504414292AC5 | C7: 55102M58U10 | D7: =VLOOKUP($C7,Sheet1!$A$2:$B$10,2,0) -> 141120-14600 | E7: CALIPER ASSY,FRONT BRAKE,L | F7: 46000 | G7: 0.27083333 | H7: CA-07 | I7: AC5 | J7: 36 | K7: =VLOOKUP($C7,Sheet1!$A$2:$D$10,4,0) -> 18 | L7: =VLOOKUP($C7,Sheet1!$A$2:$E$10,5,0) -> Trolley (H) | O7: HR47E8635 | P7: DC/25-26-/03
A8: G/I/25-26/01357 | B8: 09Z504284500AC5 | C8: 55311M58U00 | D8: =VLOOKUP($C8,Sheet1!$A$2:$B$10,2,0) -> 141185-74670 | E8: DISC,FRONT BRAKE | F8: 46000 | G8: 0.27083333 | H8: CA-07 | I8: AC5 | J8: 80 | K8: =VLOOKUP($C8,Sheet1!$A$2:$D$10,4,0) -> 40 | L8: =VLOOKUP($C8,Sheet1!$A$2:$E$10,5,0) -> Trolley | N8: =J8/K8 -> 2 | O8: HR47E8635 | P8: 910102863-40 Qty / 910103038 -40 Qty.
A9: G/I/25-26/01357 | B9: 09Z504421280AC5 | C9: 55311M58U00 | D9: =VLOOKUP($C9,Sheet1!$A$2:$B$10,2,0) -> 141185-74670 | E9: DISC,FRONT BRAKE | F9: 46000 | G9: 0.27083333 | H9: CA-07 | I9: AC5 | J9: 80 | K9: =VLOOKUP($C9,Sheet1!$A$2:$D$10,4,0) -> 40 | L9: =VLOOKUP($C9,Sheet1!$A$2:$E$10,5,0) -> Trolley | N9: =J9/K9 -> 2 | O9: HR47E8635 | P9: 910102863
A10: G/I/25-26/01357 | B10: 09Z504284550AC5 | C10: 55401M58U00 | D10: =VLOOKUP($C10,Sheet1!$A$2:$B$10,2,0) -> 141140-91211 | E10: CALIPER ASSY,REAR BRAKE,R | F10: 46000 | G10: 0.27083333 | H10: CA-21 | I10: AC5 | J10: 6 | K10: =VLOOKUP($C10,Sheet1!$A$2:$D$10,4,0) -> 2 | L10: =VLOOKUP($C10,Sheet1!$A$2:$E$10,5,0) -> Bin | M10: =J10/K10 -> 3 | O10: HR47E8635 | P10: Old Part
A11: G/I/25-26/01357 | B11: 09Z504422481AC5 | C11: 55401M58U00 | D11: =VLOOKUP($C11,Sheet1!$A$2:$B$10,2,0) -> 141140-91211 | E11: CALIPER ASSY,REAR BRAKE,R | F11: 46000 | G11: 0.27083333 | H11: CA-21 | I11: AC5 | J11: 32 | K11: =VLOOKUP($C11,Sheet1!$A$2:$D$10,4,0) -> 2 | L11: =VLOOKUP($C11,Sheet1!$A$2:$E$10,5,0) -> Bin | M11: =J11/K11 -> 16 | O11: HR47E8635 | P11: Old Part
A12: G/I/25-26/01357 | B12: 09Z504284585AC5 | C12: 55402M58U00 | D12: =VLOOKUP($C12,Sheet1!$A$2:$B$10,2,0) -> 141150-91211 | E12: CALIPER ASSY,REAR BRAKE,L | F12: 46000 | G12: 0.27083333 | H12: CA-21 | I12: AC5 | J12: 8 | K12: =VLOOKUP($C12,Sheet1!$A$2:$D$10,4,0) -> 2 | L12: =VLOOKUP($C12,Sheet1!$A$2:$E$10,5,0) -> Bin | M12: =J12/K12 -> 4 | O12: HR47E8635 | P12: Old Part
A13: G/I/25-26/01357 | B13: 09Z504409710AC5 | C13: 55402M58U00 | D13: =VLOOKUP($C13,Sheet1!$A$2:$B$10,2,0) -> 141150-91211 | E13: CALIPER ASSY,REAR BRAKE,L | F13: 46000 | G13: 0.27083333 | H13: CA-21 | I13: AC5 | J13: 32 | K13: =VLOOKUP($C13,Sheet1!$A$2:$D$10,4,0) -> 2 | L13: =VLOOKUP($C13,Sheet1!$A$2:$E$10,5,0) -> Bin | M13: =J13/K13 -> 16 | O13: HR47E8635 | P13: Old Part
A14: G/I/25-26/01358 | B14: 09Z504284607AC5 | C14: 56110M58UA1 | D14: =VLOOKUP($C14,Sheet1!$A$2:$B$10,2,0) -> 116040-92240 | E14: ACTUATOR ASSY,NO VARIANT ESP | F14: 46000 | G14: 0.27083333 | H14: CA-01 | I14: AC5 | J14: 30 | K14: =VLOOKUP($C14,Sheet1!$A$2:$D$10,4,0) -> 6 | L14: =VLOOKUP($C14,Sheet1!$A$2:$E$10,5,0) -> Bin | M14: =J14/K14 -> 5 | O14: HR47E8635 | P14: 12505Q100031-12 Qty. / 12505Q100114 - 22 Qty. | Q14: 10
A15: G/I/25-26/01358 | B15: 09Z504417402AC5 | C15: 56110M58UA1 | D15: =VLOOKUP($C15,Sheet1!$A$2:$B$10,2,0) -> 116040-92240 | E15: ACTUATOR ASSY,NO VARIANT ESP | F15: 46000 | G15: 0.27083333 | H15: CA-01 | I15: AC5 | J15: 36 | K15: =VLOOKUP($C15,Sheet1!$A$2:$D$10,4,0) -> 6 | L15: =VLOOKUP($C15,Sheet1!$A$2:$E$10,5,0) -> Bin | M15: =J15/K15 -> 6 | O15: HR47E8635 | P15: 12505Q100114 | Q15: 10
A16: G/I/25-26/01358 | B16: 09Z504284640AC5 | C16: 5A120M58U01 | D16: =VLOOKUP($C16,Sheet1!$A$2:$B$10,2,0) -> 114010-50820 | E16: CYLINDER ASSY,BK MASTER W/ECU | F16: 46000 | G16: 0.27083333 | H16: CA-01 | I16: AC5 | J16: 16 | K16: =VLOOKUP($C16,Sheet1!$A$2:$D$10,4,0) -> 1 | L16: =VLOOKUP($C16,Sheet1!$A$2:$E$10,5,0) -> Bin | M16: =J16/K16 -> 16 | O16: HR47E8635 | P16: 12504Q100241
A17: G/I/25-26/01358 | B17: 09Z504424069AC5 | C17: 5A120M58U01 | D17: =VLOOKUP($C17,Sheet1!$A$2:$B$10,2,0) -> 114010-50820 | E17: CYLINDER ASSY,BK MASTER W/ECU | F17: 46000 | G17: 0.27083333 | H17: CA-01 | I17: AC5 | J17: 13 | K17: =VLOOKUP($C17,Sheet1!$A$2:$D$10,4,0) -> 1 | L17: =VLOOKUP($C17,Sheet1!$A$2:$E$10,5,0) -> Bin | M17: =J17/K17 -> 13 | O17: HR47E8635 | P17: 12504Q100241
A18: G/I/25-26/01358 | B18: 09Z504284682AC5 | C18: 5A120M58U50 | D18: =VLOOKUP($C18,Sheet1!$A$2:$B$10,2,0) -> 114010-50830 | E18: CYLINDER ASSY,BK MASTER W/ECU | F18: 46000 | G18: 0.27083333 | H18: CA-01 | I18: AC5 | J18: 14 | K18: =VLOOKUP($C18,Sheet1!$A$2:$D$10,4,0) -> 1 | L18: =VLOOKUP($C18,Sheet1!$A$2:$E$10,5,0) -> Bin | M18: =J18/K18 -> 14 | O18: HR47E8635 | P18: 12505Q100031
A19: G/I/25-26/01358 | B19: 09Z504409027AC5 | C19: 5A120M58U50 | D19: =VLOOKUP($C19,Sheet1!$A$2:$B$10,2,0) -> 114010-50830 | E19: CYLINDER ASSY,BK MASTER W/ECU | F19: 46000 | G19: 0.27083333 | H19: CA-01 | I19: AC5 | J19: 19 | K19: =VLOOKUP($C19,Sheet1!$A$2:$D$10,4,0) -> 1 | L19: =VLOOKUP($C19,Sheet1!$A$2:$E$10,5,0) -> Bin | M19: =J19/K19 -> 19 | O19: HR47E8635 | P19: 12505Q100031
M20: 112 | N20: 7
A21: G/I/25-26/01359 | B21: 09Z504272854AC5 | C21: 55101M58U10 | D21: =VLOOKUP($C21,Sheet1!$A$2:$B$10,2,0) -> 141110-14600 | E21: CALIPER ASSY,FRONT BRAKE,R | F21: 46000 | G21: 0.5625 | H21: CA-07 | I21: AC5 | J21: 36 | K21: =VLOOKUP($C21,Sheet1!$A$2:$D$10,4,0) -> 18 | L21: =VLOOKUP($C21,Sheet1!$A$2:$E$10,5,0) -> Trolley (H) | N21: 2 | O21: HR47G9416 | P21: DC/25-26-/03- 22 Qty / Barcode part - 14 Qty.
A22: G/I/25-26/01359 | B22: 09Z504284470AC5 | C22: 55102M58U10 | D22: =VLOOKUP($C22,Sheet1!$A$2:$B$10,2,0) -> 141120-14600 | E22: CALIPER ASSY,FRONT BRAKE,L | F22: 46000 | G22: 0.5625 | H22: CA-07 | I22: AC5 | J22: 36 | K22: =VLOOKUP($C22,Sheet1!$A$2:$D$10,4,0) -> 18 | L22: =VLOOKUP($C22,Sheet1!$A$2:$E$10,5,0) -> Trolley (H) | O22: HR47G9416 | P22: DC/25-26-/02 - 14 Qty. /DC/25-26-/03 - 18 Qty. / Tag -04 Qty.
A23: G/I/25-26/01359 | B23: 09Z504284518AC5 | C23: 55311M58U00 | D23: =VLOOKUP($C23,Sheet1!$A$2:$B$10,2,0) -> 141185-74670 | E23: DISC,FRONT BRAKE | F23: 46000 | G23: 0.5625 | H23: CA-07 | I23: AC5 | J23: 40 | K23: =VLOOKUP($C23,Sheet1!$A$2:$D$10,4,0) -> 40 | L23: =VLOOKUP($C23,Sheet1!$A$2:$E$10,5,0) -> Trolley | N23: =J23/K23 -> 1 | O23: HR47G9416 | P23: 910103038
A24: G/I/25-26/01359 | B24: 09Z504284534AC5 | C24: 55401M58U00 | D24: =VLOOKUP($C24,Sheet1!$A$2:$B$10,2,0) -> 141140-91211 | E24: CALIPER ASSY,REAR BRAKE,R | F24: 46000 | G24: 0.5625 | H24: CA-21 | I24: AC5 | J24: 22 | K24: =VLOOKUP($C24,Sheet1!$A$2:$D$10,4,0) -> 2 | L24: =VLOOKUP($C24,Sheet1!$A$2:$E$10,5,0) -> Bin | M24: =J24/K24 -> 11 | O24: HR47G9416 | P24: Old Part
A25: G/I/25-26/01359 | B25: 09Z504284569AC5 | C25: 55402M58U00 | D25: =VLOOKUP($C25,Sheet1!$A$2:$B$10,2,0) -> 141150-91211 | E25: CALIPER ASSY,REAR BRAKE,L | F25: 46000 | G25: 0.5625 | H25: CA-21 | I25: AC5 | J25: 6 | K25: =VLOOKUP($C25,Sheet1!$A$2:$D$10,4,0) -> 2 | L25: =VLOOKUP($C25,Sheet1!$A$2:$E$10,5,0) -> Bin | M25: =J25/K25 -> 3 | O25: HR47G9416 | P25: Old Part
A26: G/I/25-26/01360 | B26: 09Z504284615AC5 | C26: 56110M58UA1 | D26: =VLOOKUP($C26,Sheet1!$A$2:$B$10,2,0) -> 116040-92240 | E26: ACTUATOR ASSY,NO VARIANT ESP | F26: 46000 | G26: 0.5625 | H26: CA-01 | I26: AC5 | J26: 30 | K26: =VLOOKUP($C26,Sheet1!$A$2:$D$10,4,0) -> 6 | L26: =VLOOKUP($C26,Sheet1!$A$2:$E$10,5,0) -> Bin | M26: =J26/K26 -> 5 | O26: HR47G9416 | P26: 12505Q100114
A27: G/I/25-26/01360 | B27: 09Z504284658AC5 | C27: 5A120M58U01 | D27: =VLOOKUP($C27,Sheet1!$A$2:$B$10,2,0) -> 114010-50820 | E27: CYLINDER ASSY,BK MASTER W/ECU | F27: 46000 | G27: 0.5625 | H27: CA-01 | I27: AC5 | J27: 7 | K27: =VLOOKUP($C27,Sheet1!$A$2:$D$10,4,0) -> 1 | L27: =VLOOKUP($C27,Sheet1!$A$2:$E$10,5,0) -> Bin | M27: =J27/K27 -> 7 | O27: HR47G9416 | P27: 12504Q100241
A28: G/I/25-26/01360 | B28: 09Z504284690AC5 | C28: 5A120M58U50 | D28: =VLOOKUP($C28,Sheet1!$A$2:$B$10,2,0) -> 114010-50830 | E28: CYLINDER ASSY,BK MASTER W/ECU | F28: 46000 | G28: 0.5625 | H28: CA-01 | I28: AC5 | J28: 23 | K28: =VLOOKUP($C28,Sheet1!$A$2:$D$10,4,0) -> 1 | L28: =VLOOKUP($C28,Sheet1!$A$2:$E$10,5,0) -> Bin | M28: =J28/K28 -> 23 | O28: HR47G9416 | P28: 12505Q100031 | Q28: 10
M29: 49 | N29: 3
A30: G/I/25-26/01361 | B30: 09Z504272862AC5 | C30: 55101M58U10 | D30: =VLOOKUP($C30,Sheet1!$A$2:$B$10,2,0) -> 141110-14600 | E30: CALIPER ASSY,FRONT BRAKE,R | F30: 46000 | G30: 0.64583333 | H30: CA-07 | I30: AC5 | J30: 36 | K30: =VLOOKUP($C30,Sheet1!$A$2:$D$10,4,0) -> 18 | L30: =VLOOKUP($C30,Sheet1!$A$2:$E$10,5,0) -> Trolley (H) | N30: 2 | O30: GJ23Y8525 | P30: DC/25-26-/03
A31: G/I/25-26/01361 | B31: 09Z504284488AC5 | C31: 55102M58U10 | D31: =VLOOKUP($C31,Sheet1!$A$2:$B$10,2,0) -> 141120-14600 | E31: CALIPER ASSY,FRONT BRAKE,L | F31: 46000 | G31: 0.64583333 | H31: CA-07 | I31: AC5 | J31: 36 | K31: =VLOOKUP($C31,Sheet1!$A$2:$D$10,4,0) -> 18 | L31: =VLOOKUP($C31,Sheet1!$A$2:$E$10,5,0) -> Trolley (H) | O31: GJ23Y8525 | P31: DC/25-26-/03
A32: G/I/25-26/01361 | B32: 09Z504284526AC5 | C32: 55311M58U00 | D32: =VLOOKUP($C32,Sheet1!$A$2:$B$10,2,0) -> 141185-74670 | E32: DISC,FRONT BRAKE | F32: 46000 | G32: 0.64583333 | H32: CA-07 | I32: AC5 | J32: 80 | K32: =VLOOKUP($C32,Sheet1!$A$2:$D$10,4,0) -> 40 | L32: =VLOOKUP($C32,Sheet1!$A$2:$E$10,5,0) -> Trolley | N32: =J32/K32 -> 2 | O32: GJ23Y8525 | P32: 910103038
A33: G/I/25-26/01361 | B33: 09Z504284542AC5 | C33: 55401M58U00 | D33: =VLOOKUP($C33,Sheet1!$A$2:$B$10,2,0) -> 141140-91211 | E33: CALIPER ASSY,REAR BRAKE,R | F33: 46000 | G33: 0.64583333 | H33: CA-21 | I33: AC5 | J33: 30 | K33: =VLOOKUP($C33,Sheet1!$A$2:$D$10,4,0) -> 2 | L33: =VLOOKUP($C33,Sheet1!$A$2:$E$10,5,0) -> Bin | M33: =J33/K33 -> 15 | O33: GJ23Y8525 | P33: Old Part
A34: G/I/25-26/01361 | B34: 09Z504284577AC5 | C34: 55402M58U00 | D34: =VLOOKUP($C34,Sheet1!$A$2:$B$10,2,0) -> 141150-91211 | E34: CALIPER ASSY,REAR BRAKE,L | F34: 46000 | G34: 0.64583333 | H34: CA-21 | I34: AC5 | J34: 30 | K34: =VLOOKUP($C34,Sheet1!$A$2:$D$10,4,0) -> 2 | L34: =VLOOKUP($C34,Sheet1!$A$2:$E$10,5,0) -> Bin | M34: =J34/K34 -> 15 | O34: GJ23Y8525 | P34: Old Part
A35: G/I/25-26/01362 | B35: 09Z504284623AC5 | C35: 56110M58UA1 | D35: =VLOOKUP($C35,Sheet1!$A$2:$B$10,2,0) -> 116040-92240 | E35: ACTUATOR ASSY,NO VARIANT ESP | F35: 46000 | G35: 0.64583333 | H35: CA-01 | I35: AC5 | J35: 30 | K35: =VLOOKUP($C35,Sheet1!$A$2:$D$10,4,0) -> 6 | L35: =VLOOKUP($C35,Sheet1!$A$2:$E$10,5,0) -> Bin | M35: =J35/K35 -> 5 | O35: GJ23Y8525 | P35: 12505Q100114
A36: G/I/25-26/01362 | B36: 09Z504284666AC5 | C36: 5A120M58U01 | D36: =VLOOKUP($C36,Sheet1!$A$2:$B$10,2,0) -> 114010-50820 | E36: CYLINDER ASSY,BK MASTER W/ECU | F36: 46000 | G36: 0.64583333 | H36: CA-01 | I36: AC5 | J36: 8 | K36: =VLOOKUP($C36,Sheet1!$A$2:$D$10,4,0) -> 1 | L36: =VLOOKUP($C36,Sheet1!$A$2:$E$10,5,0) -> Bin | M36: =J36/K36 -> 8 | O36: GJ23Y8525 | P36: 12504Q100241
A37: G/I/25-26/01362 | B37: 09Z504284704AC5 | C37: 5A120M58U50 | D37: =VLOOKUP($C37,Sheet1!$A$2:$B$10,2,0) -> 114010-50830 | E37: CYLINDER ASSY,BK MASTER W/ECU | F37: 46000 | G37: 0.64583333 | H37: CA-01 | I37: AC5 | J37: 16 | K37: =VLOOKUP($C37,Sheet1!$A$2:$D$10,4,0) -> 1 | L37: =VLOOKUP($C37,Sheet1!$A$2:$E$10,5,0) -> Bin | M37: =J37/K37 -> 16 | O37: GJ23Y8525 | P37: 12505Q100031
M38: 59 | N38: 4
A39: G/I/25-26/01363 | B39: 09Z504272838AC5 | C39: 55101M58U10 | D39: =VLOOKUP($C39,Sheet1!$A$2:$B$10,2,0) -> 141110-14600 | E39: CALIPER ASSY,FRONT BRAKE,R | F39: 46000 | G39: 0.77083333 | H39: CA-07 | I39: AC5 | J39: 18 | K39: =VLOOKUP($C39,Sheet1!$A$2:$D$10,4,0) -> 18 | L39: =VLOOKUP($C39,Sheet1!$A$2:$E$10,5,0) -> Trolley (H) | N39: 1 | O39: GJ02AT0524 | P39: DC/25-26-/03
A40: G/I/25-26/01363 | B40: 09Z504272870AC5 | C40: 55102M58U10 | D40: =VLOOKUP($C40,Sheet1!$A$2:$B$10,2,0) -> 141120-14600 | E40: CALIPER ASSY,FRONT BRAKE,L | F40: 46000 | G40: 0.77083333 | H40: CA-07 | I40: AC5 | J40: 18 | K40: =VLOOKUP($C40,Sheet1!$A$2:$D$10,4,0) -> 18 | L40: =VLOOKUP($C40,Sheet1!$A$2:$E$10,5,0) -> Trolley (H) | O40: GJ02AT0524 | P40: DC/25-26-/03
A41: G/I/25-26/01363 | B41: 09Z504284496AC5 | C41: 55311M58U00 | D41: =VLOOKUP($C41,Sheet1!$A$2:$B$10,2,0) -> 141185-74670 | E41: DISC,FRONT BRAKE | F41: 46000 | G41: 0.77083333 | H41: CA-07 | I41: AC5 | J41: 40 | K41: =VLOOKUP($C41,Sheet1!$A$2:$D$10,4,0) -> 40 | L41: =VLOOKUP($C41,Sheet1!$A$2:$E$10,5,0) -> Trolley | N41: =J41/K41 -> 1 | O41: GJ02AT0524 | P41: 910103038
A42: G/I/25-26/01364 | B42: 09Z504284593AC5 | C42: 56110M58UA1 | D42: =VLOOKUP($C42,Sheet1!$A$2:$B$10,2,0) -> 116040-92240 | E42: ACTUATOR ASSY,NO VARIANT ESP | F42: 46000 | G42: 0.77083333 | H42: CA-01 | I42: AC5 | J42: 18 | K42: =VLOOKUP($C42,Sheet1!$A$2:$D$10,4,0) -> 6 | L42: =VLOOKUP($C42,Sheet1!$A$2:$E$10,5,0) -> Bin | M42: =J42/K42 -> 3 | O42: GJ02AT0524 | P42: 12505Q100114
A43: G/I/25-26/01364 | B43: 09Z504284631AC5 | C43: 5A120M58U01 | D43: =VLOOKUP($C43,Sheet1!$A$2:$B$10,2,0) -> 114010-50820 | E43: CYLINDER ASSY,BK MASTER W/ECU | F43: 46000 | G43: 0.77083333 | H43: CA-01 | I43: AC5 | J43: 8 | K43: =VLOOKUP($C43,Sheet1!$A$2:$D$10,4,0) -> 1 | L43: =VLOOKUP($C43,Sheet1!$A$2:$E$10,5,0) -> Bin | M43: =J43/K43 -> 8 | O43: GJ02AT0524 | P43: 12504Q100241
A44: G/I/25-26/01364 | B44: 09Z504284674AC5 | C44: 5A120M58U50 | D44: =VLOOKUP($C44,Sheet1!$A$2:$B$10,2,0) -> 114010-50830 | E44: CYLINDER ASSY,BK MASTER W/ECU | F44: 46000 | G44: 0.77083333 | H44: CA-01 | I44: AC5 | J44: 17 | K44: =VLOOKUP($C44,Sheet1!$A$2:$D$10,4,0) -> 1 | L44: =VLOOKUP($C44,Sheet1!$A$2:$E$10,5,0) -> Bin | M44: =J44/K44 -> 17 | O44: GJ02AT0524 | P44: 12505Q100031
M45: 28 | N45: 2
B46: Download : X539_eNagare_2025128.txt

Sheet 09-12-2025 RPDC
A1: Supply For | B1: Original DI Date | C1: Revised DI Date | D1: Vendor Code | F1: DI Number | G1: Part Number | H1: Scheduled Quantity | I1: Recieved Quantity | J1: Packing Standerd | K1: Vehicle No | L1: Rejected Quantity | M1: Location | N1: Attention | O1: Price Change Flag | P1: Latest Batch Code | Q1: Price | R1: Sales Id | S1: Sales No | T1: Price Revision List
A2: SPARES | B2: 45992 | C2: 46000 | D2: X539 | E2: G/I/25-26/01365 | F2: M25446972393 | G2: 5A130M58U01 | H2: 24 | I2: 0 | J2: 1 | K2: GJ01KT7585 | L2: 0 | M2: WAD | N2: * | O2: N | P2: AA | Q2: 80203 | T2: Item Price Revision List
A3: SPARES | B3: 46001 | C3: 46000 | D3: X539 | E3: G/I/25-26/01365 | F3: M25446972083 | G3: 55920M58U00 | H3: 100 | I3: 0 | J3: 10 | K3: GJ01KT7585 | L3: 0 | M3: WAD | N3: * | O3: N | P3: AA | Q3: 920.5 | T3: Item Price Revision List
A5: Download : X5392025128Spares.txt

Sheet 10-12-2025
A1: Dailly SMG Pick List | J1: 24AACCN5739J1ZA
A2: Supply Month | B2: 46001 | L2: Vehicle No
A3: INVOICE NO | B3: KANBAN NO | C3: PART NUMBER | D3: Material Code | E3: PART NAME | F3: SUPPLY DATE | G3: SUPPLY TIME | H3: UNLOADING LOC | I3: Line | J3: Qty Req | K3: Packing Standerd | L3: Packed in | M3: TTL Bin | N3: TORLLY | O3: Vehicle No | P3: INV NO
A4: G/I/25-26/01366 | B4: 10Z504888588AC5 | C4: 55101M58U10 | D4: =VLOOKUP($C4,Sheet1!$A$2:$B$10,2,0) -> 141110-14600 | E4: CALIPER ASSY,FRONT BRAKE,R | F4: 46001 | G4: 0.27083333 | H4: CA-07 | I4: AC5 | J4: 36 | K4: =VLOOKUP($C4,Sheet1!$A$2:$D$10,4,0) -> 18 | L4: =VLOOKUP($C4,Sheet1!$A$2:$E$10,5,0) -> Trolley (H) | N4: 2 | O4: GJ01KT7585 | P4: DC/25-26-/03
A5: G/I/25-26/01366 | B5: 10Z504888618AC5 | C5: 55102M58U10 | D5: =VLOOKUP($C5,Sheet1!$A$2:$B$10,2,0) -> 141120-14600 | E5: CALIPER ASSY,FRONT BRAKE,L | F5: 46001 | G5: 0.27083333 | H5: CA-07 | I5: AC5 | J5: 36 | K5: =VLOOKUP($C5,Sheet1!$A$2:$D$10,4,0) -> 18 | L5: =VLOOKUP($C5,Sheet1!$A$2:$E$10,5,0) -> Trolley (H) | O5: GJ01KT7585 | P5: DC/25-26-/03-28 Qty. / AN0250009858- 8 Qty.
A6: G/I/25-26/01366 | B6: 10Z504888642AC5 | C6: 55311M58U00 | D6: =VLOOKUP($C6,Sheet1!$A$2:$B$10,2,0) -> 141185-74670 | E6: DISC,FRONT BRAKE | F6: 46001 | G6: 0.27083333 | H6: CA-07 | I6: AC5 | J6: 40 | K6: =VLOOKUP($C6,Sheet1!$A$2:$D$10,4,0) -> 40 | L6: =VLOOKUP($C6,Sheet1!$A$2:$E$10,5,0) -> Trolley | N6: =J6/K6 -> 1 | O6: GJ01KT7585 | P6: 910103038
A7: G/I/25-26/01366 | B7: 10Z504888693AC5 | C7: 55401M58U00 | D7: =VLOOKUP($C7,Sheet1!$A$2:$B$10,2,0) -> 141140-91211 | E7: CALIPER ASSY,REAR BRAKE,R | F7: 46001 | G7: 0.27083333 | H7: CA-21 | I7: AC5 | J7: 20 | K7: =VLOOKUP($C7,Sheet1!$A$2:$D$10,4,0) -> 2 | L7: =VLOOKUP($C7,Sheet1!$A$2:$E$10,5,0) -> Bin | M7: =J7/K7 -> 10 | O7: GJ01KT7585 | P7: OLD PART
A8: G/I/25-26/01366 | B8: 10Z504888731AC5 | C8: 55402M58U00 | D8: =VLOOKUP($C8,Sheet1!$A$2:$B$10,2,0) -> 141150-91211 | E8: CALIPER ASSY,REAR BRAKE,L | F8: 46001 | G8: 0.27083333 | H8: CA-21 | I8: AC5 | J8: 20 | K8: =VLOOKUP($C8,Sheet1!$A$2:$D$10,4,0) -> 2 | L8: =VLOOKUP($C8,Sheet1!$A$2:$E$10,5,0) -> Bin | M8: =J8/K8 -> 10 | O8: GJ01KT7585 | P8: OLD PART
A9: G/I/25-26/01366 | B9: 10Z504888774AC5 | C9: 55611M58U00 | D9: =VLOOKUP($C9,Sheet1!$A$2:$B$10,2,0) -> 141186-74360 | E9: DISC,REAR BRAKE | F9: 46001 | G9: 0.27083333 | H9: CA-21 | I9: AC5 | J9: 40 | K9: =VLOOKUP($C9,Sheet1!$A$2:$D$10,4,0) -> 40 | L9: =VLOOKUP($C9,Sheet1!$A$2:$E$10,5,0) -> Trolley | N9: =J9/K9 -> 1 | O9: GJ01KT7585 | P9: 910100866
A10: G/I/25-26/01367 | B10: 10Z504888812AC5 | C10: 56110M58UA1 | D10: =VLOOKUP($C10,Sheet1!$A$2:$B$10,2,0) -> 116040-92240 | E10: ACTUATOR ASSY,NO VARIANT ESP | F10: 46001 | G10: 0.27083333 | H10: CA-01 | I10: AC5 | J10: 24 | K10: =VLOOKUP($C10,Sheet1!$A$2:$D$10,4,0) -> 6 | L10: =VLOOKUP($C10,Sheet1!$A$2:$E$10,5,0) -> Bin | M10: =J10/K10 -> 4 | O10: GJ01KT7585 | P10: 12505Q100114
A11: G/I/25-26/01367 | B11: 10Z504888855AC5 | C11: 5A120M58U01 | D11: =VLOOKUP($C11,Sheet1!$A$2:$B$10,2,0) -> 114010-50820 | E11: CYLINDER ASSY,BK MASTER W/ECU | F11: 46001 | G11: 0.27083333 | H11: CA-01 | I11: AC5 | J11: 4 | K11: =VLOOKUP($C11,Sheet1!$A$2:$D$10,4,0) -> 1 | L11: =VLOOKUP($C11,Sheet1!$A$2:$E$10,5,0) -> Bin | M11: =J11/K11 -> 4 | O11: GJ01KT7585 | P11: 12504Q100241
A12: G/I/25-26/01367 | B12: 10Z504888898AC5 | C12: 5A120M58U50 | D12: =VLOOKUP($C12,Sheet1!$A$2:$B$10,2,0) -> 114010-50830 | E12: CYLINDER ASSY,BK MASTER W/ECU | F12: 46001 | G12: 0.27083333 | H12: CA-01 | I12: AC5 | J12: 16 | K12: =VLOOKUP($C12,Sheet1!$A$2:$D$10,4,0) -> 1 | L12: =VLOOKUP($C12,Sheet1!$A$2:$E$10,5,0) -> Bin | M12: =J12/K12 -> 16 | O12: GJ01KT7585 | P12: 12505Q100031
M13: 44 | N13: 4
A14: G/I/25-26/01374 | B14: 10Z505073910AC5 | C14: 55101M58U10 | D14: =VLOOKUP($C14,Sheet1!$A$2:$B$10,2,0) -> 141110-14600 | E14: CALIPER ASSY,FRONT BRAKE,R | F14: 46001 | G14: 0.27083333 | H14: CA-07 | I14: AC5 | J14: 36 | K14: =VLOOKUP($C14,Sheet1!$A$2:$D$10,4,0) -> 18 | L14: =VLOOKUP($C14,Sheet1!$A$2:$E$10,5,0) -> Trolley (H) | N14: 2 | O14: HR47E8635 | P14: DC/25-26-/03-30 Qty. / AN0250009858- 4 Qty.
A15: G/I/25-26/01374 | B15: 10Z505085802AC5 | C15: 55102M58U10 | D15: =VLOOKUP($C15,Sheet1!$A$2:$B$10,2,0) -> 141120-14600 | E15: CALIPER ASSY,FRONT BRAKE,L | F15: 46001 | G15: 0.27083333 | H15: CA-07 | I15: AC5 | J15: 36 | K15: =VLOOKUP($C15,Sheet1!$A$2:$D$10,4,0) -> 18 | L15: =VLOOKUP($C15,Sheet1!$A$2:$E$10,5,0) -> Trolley (H) | O15: HR47E8635 | P15: AN0250009858
A16: G/I/25-26/01374 | B16: 10Z505082641AC5 | C16: 55311M58U00 | D16: =VLOOKUP($C16,Sheet1!$A$2:$B$10,2,0) -> 141185-74670 | E16: DISC,FRONT BRAKE | F16: 46001 | G16: 0.27083333 | H16: CA-07 | I16: AC5 | J16: 40 | K16: =VLOOKUP($C16,Sheet1!$A$2:$D$10,4,0) -> 40 | L16: =VLOOKUP($C16,Sheet1!$A$2:$E$10,5,0) -> Trolley | N16: =J16/K16 -> 1 | O16: HR47E8635 | P16: 910103038
A17: G/I/25-26/01374 | B17: 10Z505069599AC5 | C17: 55401M58U00 | D17: =VLOOKUP($C17,Sheet1!$A$2:$B$10,2,0) -> 141140-91211 | E17: CALIPER ASSY,REAR BRAKE,R | F17: 46001 | G17: 0.27083333 | H17: CA-21 | I17: AC5 | J17: 24 | K17: =VLOOKUP($C17,Sheet1!$A$2:$D$10,4,0) -> 2 | L17: =VLOOKUP($C17,Sheet1!$A$2:$E$10,5,0) -> Bin | M17: =J17/K17 -> 12 | O17: HR47E8635 | P17: OLD PART
A18: G/I/25-26/01374 | B18: 10Z505085560AC5 | C18: 55402M58U00 | D18: =VLOOKUP($C18,Sheet1!$A$2:$B$10,2,0) -> 141150-91211 | E18: CALIPER ASSY,REAR BRAKE,L | F18: 46001 | G18: 0.27083333 | H18: CA-21 | I18: AC5 | J18: 24 | K18: =VLOOKUP($C18,Sheet1!$A$2:$D$10,4,0) -> 2 | L18: =VLOOKUP($C18,Sheet1!$A$2:$E$10,5,0) -> Bin | M18: =J18/K18 -> 12 | O18: HR47E8635 | P18: OLD PART
A19: G/I/25-26/01374 | B19: 10Z505089689AC5 | C19: 55402M58U00 | D19: =VLOOKUP($C19,Sheet1!$A$2:$B$10,2,0) -> 141150-91211 | E19: CALIPER ASSY,REAR BRAKE,L | F19: 46001 | G19: 0.27083333 | H19: CA-21 | I19: AC5 | J19: 14 | K19: =VLOOKUP($C19,Sheet1!$A$2:$D$10,4,0) -> 2 | L19: =VLOOKUP($C19,Sheet1!$A$2:$E$10,5,0) -> Bin | M19: =J19/K19 -> 7 | O19: HR47E8635 | P19: OLD PART
A20: G/I/25-26/01374 | B20: 10Z505071437AC5 | C20: 55611M58U00 | D20: =VLOOKUP($C20,Sheet1!$A$2:$B$10,2,0) -> 141186-74360 | E20: DISC,REAR BRAKE | F20: 46001 | G20: 0.27083333 | H20: CA-21 | I20: AC5 | J20: 80 | K20: =VLOOKUP($C20,Sheet1!$A$2:$D$10,4,0) -> 40 | L20: =VLOOKUP($C20,Sheet1!$A$2:$E$10,5,0) -> Trolley | N20: =J20/K20 -> 2 | O20: HR47E8635 | P20: 910100866
A21: G/I/25-26/01375 | B21: 10Z505072034AC5 | C21: 56110M58UA1 | D21: =VLOOKUP($C21,Sheet1!$A$2:$B$10,2,0) -> 116040-92240 | E21: ACTUATOR ASSY,NO VARIANT ESP | F21: 46001 | G21: 0.27083333 | H21: CA-01 | I21: AC5 | J21: 24 | K21: =VLOOKUP($C21,Sheet1!$A$2:$D$10,4,0) -> 6 | L21: =VLOOKUP($C21,Sheet1!$A$2:$E$10,5,0) -> Bin | M21: =J21/K21 -> 4 | O21: HR47E8635 | P21: 12505Q100114
A22: G/I/25-26/01375 | B22: 10Z505089360AC5 | C22: 5A120M58U01 | D22: =VLOOKUP($C22,Sheet1!$A$2:$B$10,2,0) -> 114010-50820 | E22: CYLINDER ASSY,BK MASTER W/ECU | F22: 46001 | G22: 0.27083333 | H22: CA-01 | I22: AC5 | J22: 20 | K22: =VLOOKUP($C22,Sheet1!$A$2:$D$10,4,0) -> 1 | L22: =VLOOKUP($C22,Sheet1!$A$2:$E$10,5,0) -> Bin | M22: =J22/K22 -> 20 | O22: HR47E8635 | P22: 12504Q100241
A23: G/I/25-26/01375 | B23: 10Z505086450AC5 | C23: 5A120M58U50 | D23: =VLOOKUP($C23,Sheet1!$A$2:$B$10,2,0) -> 114010-50830 | E23: CYLINDER ASSY,BK MASTER W/ECU | F23: 46001 | G23: 0.27083333 | H23: CA-01 | I23: AC5 | J23: 4 | K23: =VLOOKUP($C23,Sheet1!$A$2:$D$10,4,0) -> 1 | L23: =VLOOKUP($C23,Sheet1!$A$2:$E$10,5,0) -> Bin | M23: =J23/K23 -> 4 | O23: HR47E8635 | P23: 12505Q100031
A24: G/I/25-26/01376 | B24: 10Z505090440AC5 | C24: 55101M58U10 | D24: =VLOOKUP($C24,Sheet1!$A$2:$B$10,2,0) -> 141110-14600 | E24: CALIPER ASSY,FRONT BRAKE,R | F24: 46001 | G24: 0.3125 | H24: CA-07 | I24: AC5 | J24: 18 | K24: =VLOOKUP($C24,Sheet1!$A$2:$D$10,4,0) -> 18 | L24: =VLOOKUP($C24,Sheet1!$A$2:$E$10,5,0) -> Trolley (H) | N24: 1 | O24: HR47E8635 | P24: AN0250009858
A25: G/I/25-26/01376 | B25: 10Z505098688AC5 | C25: 55102M58U10 | D25: =VLOOKUP($C25,Sheet1!$A$2:$B$10,2,0) -> 141120-14600 | E25: CALIPER ASSY,FRONT BRAKE,L | F25: 46001 | G25: 0.3125 | H25: CA-07 | I25: AC5 | J25: 18 | K25: =VLOOKUP($C25,Sheet1!$A$2:$D$10,4,0) -> 18 | L25: =VLOOKUP($C25,Sheet1!$A$2:$E$10,5,0) -> Trolley (H) | O25: HR47E8635 | P25: AN0250009858
A26: G/I/25-26/01376 | B26: 10Z505096952AC5 | C26: 55401M58U00 | D26: =VLOOKUP($C26,Sheet1!$A$2:$B$10,2,0) -> 141140-91211 | E26: CALIPER ASSY,REAR BRAKE,R | F26: 46001 | G26: 0.3125 | H26: CA-21 | I26: AC5 | J26: 16 | K26: =VLOOKUP($C26,Sheet1!$A$2:$D$10,4,0) -> 2 | L26: =VLOOKUP($C26,Sheet1!$A$2:$E$10,5,0) -> Bin | M26: =J26/K26 -> 8 | O26: HR47E8635 | P26: OLD PART
A27: G/I/25-26/01377 | B27: 10Z505096413AC5 | C27: 56110M58UA1 | D27: =VLOOKUP($C27,Sheet1!$A$2:$B$10,2,0) -> 116040-92240 | E27: ACTUATOR ASSY,NO VARIANT ESP | F27: 46001 | G27: 0.3125 | H27: CA-01 | I27: AC5 | J27: 18 | K27: =VLOOKUP($C27,Sheet1!$A$2:$D$10,4,0) -> 6 | L27: =VLOOKUP($C27,Sheet1!$A$2:$E$10,5,0) -> Bin | M27: =J27/K27 -> 3 | O27: HR47E8635 | P27: 12505Q100114
A28: G/I/25-26/01377 | B28: 10Z505092345AC5 | C28: 5A120M58U01 | D28: =VLOOKUP($C28,Sheet1!$A$2:$B$10,2,0) -> 114010-50820 | E28: CYLINDER ASSY,BK MASTER W/ECU | F28: 46001 | G28: 0.3125 | H28: CA-01 | I28: AC5 | J28: 14 | K28: =VLOOKUP($C28,Sheet1!$A$2:$D$10,4,0) -> 1 | L28: =VLOOKUP($C28,Sheet1!$A$2:$E$10,5,0) -> Bin | M28: =J28/K28 -> 14 | O28: HR47E8635 | P28: 12504Q100241
A29: G/I/25-26/01377 | B29: 10Z505099323AC5 | C29: 5A120M58U50 | D29: =VLOOKUP($C29,Sheet1!$A$2:$B$10,2,0) -> 114010-50830 | E29: CYLINDER ASSY,BK MASTER W/ECU | F29: 46001 | G29: 0.3125 | H29: CA-01 | I29: AC5 | J29: 1 | K29: =VLOOKUP($C29,Sheet1!$A$2:$D$10,4,0) -> 1 | L29: =VLOOKUP($C29,Sheet1!$A$2:$E$10,5,0) -> Bin | M29: =J29/K29 -> 1 | O29: HR47E8635 | P29: 12505Q100031
M30: 85 | N30: 6
A31: G/I/25-26/01368 | B31: 10Z504888596AC5 | C31: 55101M58U10 | D31: =VLOOKUP($C31,Sheet1!$A$2:$B$10,2,0) -> 141110-14600 | E31: CALIPER ASSY,FRONT BRAKE,R | F31: 46001 | G31: 0.5625 | H31: CA-07 | I31: AC5 | J31: 18 | K31: =VLOOKUP($C31,Sheet1!$A$2:$D$10,4,0) -> 18 | L31: =VLOOKUP($C31,Sheet1!$A$2:$E$10,5,0) -> Trolley (H) | N31: 1 | O31: HR47G9416 | P31: DC/25-26-/03
A32: G/I/25-26/01368 | B32: 10Z504888626AC5 | C32: 55102M58U10 | D32: =VLOOKUP($C32,Sheet1!$A$2:$B$10,2,0) -> 141120-14600 | E32: CALIPER ASSY,FRONT BRAKE,L | F32: 46001 | G32: 0.5625 | H32: CA-07 | I32: AC5 | J32: 18 | K32: =VLOOKUP($C32,Sheet1!$A$2:$D$10,4,0) -> 18 | L32: =VLOOKUP($C32,Sheet1!$A$2:$E$10,5,0) -> Trolley (H) | O32: HR47G9416 | P32: AN0250009858
A33: G/I/25-26/01368 | B33: 10Z504888650AC5 | C33: 55311M58U00 | D33: =VLOOKUP($C33,Sheet1!$A$2:$B$10,2,0) -> 141185-74670 | E33: DISC,FRONT BRAKE | F33: 46001 | G33: 0.5625 | H33: CA-07 | I33: AC5 | J33: 40 | K33: =VLOOKUP($C33,Sheet1!$A$2:$D$10,4,0) -> 40 | L33: =VLOOKUP($C33,Sheet1!$A$2:$E$10,5,0) -> Trolley | N33: =J33/K33 -> 1 | O33: HR47G9416 | P33: 910103038
A34: G/I/25-26/01368 | B34: 10Z504888707AC5 | C34: 55401M58U00 | D34: =VLOOKUP($C34,Sheet1!$A$2:$B$10,2,0) -> 141140-91211 | E34: CALIPER ASSY,REAR BRAKE,R | F34: 46001 | G34: 0.5625 | H34: CA-21 | I34: AC5 | J34: 20 | K34: =VLOOKUP($C34,Sheet1!$A$2:$D$10,4,0) -> 2 | L34: =VLOOKUP($C34,Sheet1!$A$2:$E$10,5,0) -> Bin | M34: =J34/K34 -> 10 | O34: HR47G9416 | P34: OLD PART
A35: G/I/25-26/01368 | B35: 10Z504888740AC5 | C35: 55402M58U00 | D35: =VLOOKUP($C35,Sheet1!$A$2:$B$10,2,0) -> 141150-91211 | E35: CALIPER ASSY,REAR BRAKE,L | F35: 46001 | G35: 0.5625 | H35: CA-21 | I35: AC5 | J35: 20 | K35: =VLOOKUP($C35,Sheet1!$A$2:$D$10,4,0) -> 2 | L35: =VLOOKUP($C35,Sheet1!$A$2:$E$10,5,0) -> Bin | M35: =J35/K35 -> 10 | O35: HR47G9416 | P35: OLD PART
A36: G/I/25-26/01368 | B36: 10Z504888782AC5 | C36: 55611M58U00 | D36: =VLOOKUP($C36,Sheet1!$A$2:$B$10,2,0) -> 141186-74360 | E36: DISC,REAR BRAKE | F36: 46001 | G36: 0.5625 | H36: CA-21 | I36: AC5 | J36: 40 | K36: =VLOOKUP($C36,Sheet1!$A$2:$D$10,4,0) -> 40 | L36: =VLOOKUP($C36,Sheet1!$A$2:$E$10,5,0) -> Trolley | N36: =J36/K36 -> 1 | O36: HR47G9416 | P36: 910101143- 25 Qty. / 910100866-15 Qty.
A37: G/I/25-26/01369 | B37: 10Z504888820AC5 | C37: 56110M58UA1 | D37: =VLOOKUP($C37,Sheet1!$A$2:$B$10,2,0) -> 116040-92240 | E37: ACTUATOR ASSY,NO VARIANT ESP | F37: 46001 | G37: 0.5625 | H37: CA-01 | I37: AC5 | J37: 18 | K37: =VLOOKUP($C37,Sheet1!$A$2:$D$10,4,0) -> 6 | L37: =VLOOKUP($C37,Sheet1!$A$2:$E$10,5,0) -> Bin | M37: =J37/K37 -> 3 | O37: HR47G9416 | P37: 12505Q100114
A38: G/I/25-26/01369 | B38: 10Z504888863AC5 | C38: 5A120M58U01 | D38: =VLOOKUP($C38,Sheet1!$A$2:$B$10,2,0) -> 114010-50820 | E38: CYLINDER ASSY,BK MASTER W/ECU | F38: 46001 | G38: 0.5625 | H38: CA-01 | I38: AC5 | J38: 6 | K38: =VLOOKUP($C38,Sheet1!$A$2:$D$10,4,0) -> 1 | L38: =VLOOKUP($C38,Sheet1!$A$2:$E$10,5,0) -> Bin | M38: =J38/K38 -> 6 | O38: HR47G9416 | P38: 12504Q100241
A39: G/I/25-26/01369 | B39: 10Z504888901AC5 | C39: 5A120M58U50 | D39: =VLOOKUP($C39,Sheet1!$A$2:$B$10,2,0) -> 114010-50830 | E39: CYLINDER ASSY,BK MASTER W/ECU | F39: 46001 | G39: 0.5625 | H39: CA-01 | I39: AC5 | J39: 14 | K39: =VLOOKUP($C39,Sheet1!$A$2:$D$10,4,0) -> 1 | L39: =VLOOKUP($C39,Sheet1!$A$2:$E$10,5,0) -> Bin | M39: =J39/K39 -> 14 | O39: HR47G9416 | P39: 12505Q100031
M40: 43 | N40: 3
A41: G/I/25-26/01370 | B41: 10Z504888600AC5 | C41: 55101M58U10 | D41: =VLOOKUP($C41,Sheet1!$A$2:$B$10,2,0) -> 141110-14600 | E41: CALIPER ASSY,FRONT BRAKE,R | F41: 46001 | G41: 0.64583333 | H41: CA-07 | I41: AC5 | J41: 18 | K41: =VLOOKUP($C41,Sheet1!$A$2:$D$10,4,0) -> 18 | L41: =VLOOKUP($C41,Sheet1!$A$2:$E$10,5,0) -> Trolley (H) | N41: 1 | O41: GJ23Y8525 | P41: DC/25-26-/03
A42: G/I/25-26/01370 | B42: 10Z504888634AC5 | C42: 55102M58U10 | D42: =VLOOKUP($C42,Sheet1!$A$2:$B$10,2,0) -> 141120-14600 | E42: CALIPER ASSY,FRONT BRAKE,L | F42: 46001 | G42: 0.64583333 | H42: CA-07 | I42: AC5 | J42: 18 | K42: =VLOOKUP($C42,Sheet1!$A$2:$D$10,4,0) -> 18 | L42: =VLOOKUP($C42,Sheet1!$A$2:$E$10,5,0) -> Trolley (H) | O42: GJ23Y8525 | P42: AN0250009858
A43: G/I/25-26/01370 | B43: 10Z504888669AC5 | C43: 55311M58U00 | D43: =VLOOKUP($C43,Sheet1!$A$2:$B$10,2,0) -> 141185-74670 | E43: DISC,FRONT BRAKE | F43: 46001 | G43: 0.64583333 | H43: CA-07 | I43: AC5 | J43: 40 | K43: =VLOOKUP($C43,Sheet1!$A$2:$D$10,4,0) -> 40 | L43: =VLOOKUP($C43,Sheet1!$A$2:$E$10,5,0) -> Trolley | N43: =J43/K43 -> 1 | O43: GJ23Y8525 | P43: 910103038
A44: G/I/25-26/01370 | B44: 10Z504888715AC5 | C44: 55401M58U00 | D44: =VLOOKUP($C44,Sheet1!$A$2:$B$10,2,0) -> 141140-91211 | E44: CALIPER ASSY,REAR BRAKE,R | F44: 46001 | G44: 0.64583333 | H44: CA-21 | I44: AC5 | J44: 20 | K44: =VLOOKUP($C44,Sheet1!$A$2:$D$10,4,0) -> 2 | L44: =VLOOKUP($C44,Sheet1!$A$2:$E$10,5,0) -> Bin | M44: =J44/K44 -> 10 | O44: GJ23Y8525 | P44: OLD PART
A45: G/I/25-26/01370 | B45: 10Z504888758AC5 | C45: 55402M58U00 | D45: =VLOOKUP($C45,Sheet1!$A$2:$B$10,2,0) -> 141150-91211 | E45: CALIPER ASSY,REAR BRAKE,L | F45: 46001 | G45: 0.64583333 | H45: CA-21 | I45: AC5 | J45: 20 | K45: =VLOOKUP($C45,Sheet1!$A$2:$D$10,4,0) -> 2 | L45: =VLOOKUP($C45,Sheet1!$A$2:$E$10,5,0) -> Bin | M45: =J45/K45 -> 10 | O45: GJ23Y8525 | P45: OLD PART
A46: G/I/25-26/01370 | B46: 10Z504888790AC5 | C46: 55611M58U00 | D46: =VLOOKUP($C46,Sheet1!$A$2:$B$10,2,0) -> 141186-74360 | E46: DISC,REAR BRAKE | F46: 46001 | G46: 0.64583333 | H46: CA-21 | I46: AC5 | J46: 40 | K46: =VLOOKUP($C46,Sheet1!$A$2:$D$10,4,0) -> 40 | L46: =VLOOKUP($C46,Sheet1!$A$2:$E$10,5,0) -> Trolley | N46: =J46/K46 -> 1 | O46: GJ23Y8525 | P46: 910101143
A47: G/I/25-26/01371 | B47: 10Z504888839AC5 | C47: 56110M58UA1 | D47: =VLOOKUP($C47,Sheet1!$A$2:$B$10,2,0) -> 116040-92240 | E47: ACTUATOR ASSY,NO VARIANT ESP | F47: 46001 | G47: 0.64583333 | H47: CA-01 | I47: AC5 | J47: 18 | K47: =VLOOKUP($C47,Sheet1!$A$2:$D$10,4,0) -> 6 | L47: =VLOOKUP($C47,Sheet1!$A$2:$E$10,5,0) -> Bin | M47: =J47/K47 -> 3 | O47: GJ23Y8525 | P47: 12505Q100031
A48: G/I/25-26/01371 | B48: 10Z504888871AC5 | C48: 5A120M58U01 | D48: =VLOOKUP($C48,Sheet1!$A$2:$B$10,2,0) -> 114010-50820 | E48: CYLINDER ASSY,BK MASTER W/ECU | F48: 46001 | G48: 0.64583333 | H48: CA-01 | I48: AC5 | J48: 4 | K48: =VLOOKUP($C48,Sheet1!$A$2:$D$10,4,0) -> 1 | L48: =VLOOKUP($C48,Sheet1!$A$2:$E$10,5,0) -> Bin | M48: =J48/K48 -> 4 | O48: GJ23Y8525 | P48: 12504Q100241
A49: G/I/25-26/01371 | B49: 10Z504888910AC5 | C49: 5A120M58U50 | D49: =VLOOKUP($C49,Sheet1!$A$2:$B$10,2,0) -> 114010-50830 | E49: CYLINDER ASSY,BK MASTER W/ECU | F49: 46001 | G49: 0.64583333 | H49: CA-01 | I49: AC5 | J49: 12 | K49: =VLOOKUP($C49,Sheet1!$A$2:$D$10,4,0) -> 1 | L49: =VLOOKUP($C49,Sheet1!$A$2:$E$10,5,0) -> Bin | M49: =J49/K49 -> 12 | O49: GJ23Y8525 | P49: 12505Q100031
M50: 39 | N50: 3
A51: G/I/25-26/01372 | B51: 10Z504888677AC5 | C51: 55311M58U00 | D51: =VLOOKUP($C51,Sheet1!$A$2:$B$10,2,0) -> 141185-74670 | E51: DISC,FRONT BRAKE | F51: 46001 | G51: 0.77083333 | H51: CA-07 | I51: AC5 | J51: 40 | K51: =VLOOKUP($C51,Sheet1!$A$2:$D$10,4,0) -> 40 | L51: =VLOOKUP($C51,Sheet1!$A$2:$E$10,5,0) -> Trolley | N51: =J51/K51 -> 1 | O51: GJ02AT0524 | P51: 910103038 | Q51: Acutal dispatch date 11-12-2025
A52: G/I/25-26/01372 | B52: 10Z504888685AC5 | C52: 55401M58U00 | D52: =VLOOKUP($C52,Sheet1!$A$2:$B$10,2,0) -> 141140-91211 | E52: CALIPER ASSY,REAR BRAKE,R | F52: 46001 | G52: 0.77083333 | H52: CA-21 | I52: AC5 | J52: 20 | K52: =VLOOKUP($C52,Sheet1!$A$2:$D$10,4,0) -> 2 | L52: =VLOOKUP($C52,Sheet1!$A$2:$E$10,5,0) -> Bin | M52: =J52/K52 -> 10 | O52: GJ02AT0524 | P52: OLD PART | Q52: Acutal dispatch date 11-12-2025
A53: G/I/25-26/01372 | B53: 10Z504888723AC5 | C53: 55402M58U00 | D53: =VLOOKUP($C53,Sheet1!$A$2:$B$10,2,0) -> 141150-91211 | E53: CALIPER ASSY,REAR BRAKE,L | F53: 46001 | G53: 0.77083333 | H53: CA-21 | I53: AC5 | J53: 20 | K53: =VLOOKUP($C53,Sheet1!$A$2:$D$10,4,0) -> 2 | L53: =VLOOKUP($C53,Sheet1!$A$2:$E$10,5,0) -> Bin | M53: =J53/K53 -> 10 | O53: GJ02AT0524 | P53: OLD PART | Q53: Acutal dispatch date 11-12-2025
A54: G/I/25-26/01372 | B54: 10Z504888766AC5 | C54: 55611M58U00 | D54: =VLOOKUP($C54,Sheet1!$A$2:$B$10,2,0) -> 141186-74360 | E54: DISC,REAR BRAKE | F54: 46001 | G54: 0.77083333 | H54: CA-21 | I54: AC5 | J54: 40 | K54: =VLOOKUP($C54,Sheet1!$A$2:$D$10,4,0) -> 40 | L54: =VLOOKUP($C54,Sheet1!$A$2:$E$10,5,0) -> Trolley | N54: =J54/K54 -> 1 | O54: GJ02AT0524 | P54: 910100866 | Q54: Acutal dispatch date 11-12-2025
A55: G/I/25-26/01373 | B55: 10Z504888804AC5 | C55: 56110M58UA1 | D55: =VLOOKUP($C55,Sheet1!$A$2:$B$10,2,0) -> 116040-92240 | E55: ACTUATOR ASSY,NO VARIANT ESP | F55: 46001 | G55: 0.77083333 | H55: CA-01 | I55: AC5 | J55: 18 | K55: =VLOOKUP($C55,Sheet1!$A$2:$D$10,4,0) -> 6 | L55: =VLOOKUP($C55,Sheet1!$A$2:$E$10,5,0) -> Bin | M55: =J55/K55 -> 3 | O55: GJ02AT0524 | P55: 12505Q100114 | Q55: Acutal dispatch date 11-12-2025
A56: G/I/25-26/01373 | B56: 10Z504888847AC5 | C56: 5A120M58U01 | D56: =VLOOKUP($C56,Sheet1!$A$2:$B$10,2,0) -> 114010-50820 | E56: CYLINDER ASSY,BK MASTER W/ECU | F56: 46001 | G56: 0.77083333 | H56: CA-01 | I56: AC5 | J56: 5 | K56: =VLOOKUP($C56,Sheet1!$A$2:$D$10,4,0) -> 1 | L56: =VLOOKUP($C56,Sheet1!$A$2:$E$10,5,0) -> Bin | M56: =J56/K56 -> 5 | O56: GJ02AT0524 | P56: 12504Q100241 | Q56: Acutal dispatch date 11-12-2025
A57: G/I/25-26/01373 | B57: 10Z504888880AC5 | C57: 5A120M58U50 | D57: =VLOOKUP($C57,Sheet1!$A$2:$B$10,2,0) -> 114010-50830 | E57: CYLINDER ASSY,BK MASTER W/ECU | F57: 46001 | G57: 0.77083333 | H57: CA-01 | I57: AC5 | J57: 19 | K57: =VLOOKUP($C57,Sheet1!$A$2:$D$10,4,0) -> 1 | L57: =VLOOKUP($C57,Sheet1!$A$2:$E$10,5,0) -> Bin | M57: =J57/K57 -> 19 | O57: GJ02AT0524 | P57: 12505Q100031 | Q57: Acutal dispatch date 11-12-2025
M58: 47 | N58: 2
A59: Download : X539_eNagare_2025129.txt

Sheet 11-12-2025
A1: Dailly SMG Pick List | J1: 24AACCN5739J1ZA
A2: Supply Month | B2: 46002 | L2: Vehicle No
A3: INVOICE NO | B3: KANBAN NO | C3: PART NUMBER | D3: Material Code | E3: PART NAME | F3: SUPPLY DATE | G3: SUPPLY TIME | H3: UNLOADING LOC | I3: Line | J3: Qty Req | K3: Packing Standerd | L3: Packed in | M3: TTL Bin | N3: TORLLY | O3: Vehicle No | P3: INV NO
A4: G/I/25-26/01380 | B4: 11Z505714079AC5 | C4: 55101M58U10 | D4: =VLOOKUP($C4,Sheet1!$A$2:$B$10,2,0) -> 141110-14600 | E4: CALIPER ASSY,FRONT BRAKE,R | F4: 46002 | G4: 0.27083333 | H4: CA-07 | I4: AC5 | J4: 36 | K4: =VLOOKUP($C4,Sheet1!$A$2:$D$10,4,0) -> 18 | L4: =VLOOKUP($C4,Sheet1!$A$2:$E$10,5,0) -> Trolley (H) | N4: 2 | O4: GJ23Y8525 | P4: DC/25-26-/03-03 Qty. / AN0250009858- 18 Qty.
A5: G/I/25-26/01380 | B5: 11Z505714117AC5 | C5: 55102M58U10 | D5: =VLOOKUP($C5,Sheet1!$A$2:$B$10,2,0) -> 141120-14600 | E5: CALIPER ASSY,FRONT BRAKE,L | F5: 46002 | G5: 0.27083333 | H5: CA-07 | I5: AC5 | J5: 36 | K5: =VLOOKUP($C5,Sheet1!$A$2:$D$10,4,0) -> 18 | L5: =VLOOKUP($C5,Sheet1!$A$2:$E$10,5,0) -> Trolley (H) | O5: GJ23Y8525 | P5: AN0250009858
A6: G/I/25-26/01380 | B6: 11Z505768993AC5 | C6: 55101M58U10 | D6: =VLOOKUP($C6,Sheet1!$A$2:$B$10,2,0) -> 141110-14600 | E6: CALIPER ASSY,FRONT BRAKE,R | F6: 46002 | G6: 0.27083333 | H6: CA-07 | I6: AC5 | J6: 18 | K6: =VLOOKUP($C6,Sheet1!$A$2:$D$10,4,0) -> 18 | L6: =VLOOKUP($C6,Sheet1!$A$2:$E$10,5,0) -> Trolley (H) | N6: 1 | O6: GJ23Y8525 | P6: AN0250009858
A7: G/I/25-26/01380 | B7: 11Z505763924AC5 | C7: 55102M58U10 | D7: =VLOOKUP($C7,Sheet1!$A$2:$B$10,2,0) -> 141120-14600 | E7: CALIPER ASSY,FRONT BRAKE,L | F7: 46002 | G7: 0.27083333 | H7: CA-07 | I7: AC5 | J7: 18 | K7: =VLOOKUP($C7,Sheet1!$A$2:$D$10,4,0) -> 18 | L7: =VLOOKUP($C7,Sheet1!$A$2:$E$10,5,0) -> Trolley (H) | O7: GJ23Y8525 | P7: AN0250009858
A8: G/I/25-26/01380 | B8: 11Z505714168AC5 | C8: 55311M58U00 | D8: =VLOOKUP($C8,Sheet1!$A$2:$B$10,2,0) -> 141185-74670 | E8: DISC,FRONT BRAKE | F8: 46002 | G8: 0.27083333 | H8: CA-07 | I8: AC5 | J8: 80 | K8: =VLOOKUP($C8,Sheet1!$A$2:$D$10,4,0) -> 40 | L8: =VLOOKUP($C8,Sheet1!$A$2:$E$10,5,0) -> Trolley | N8: =J8/K8 -> 2 | O8: GJ23Y8525 | P8: 910103038
A9: G/I/25-26/01380 | B9: 11Z505780217AC5 | C9: 55311M58U00 | D9: =VLOOKUP($C9,Sheet1!$A$2:$B$10,2,0) -> 141185-74670 | E9: DISC,FRONT BRAKE | F9: 46002 | G9: 0.27083333 | H9: CA-07 | I9: AC5 | J9: 40 | K9: =VLOOKUP($C9,Sheet1!$A$2:$D$10,4,0) -> 40 | L9: =VLOOKUP($C9,Sheet1!$A$2:$E$10,5,0) -> Trolley | N9: =J9/K9 -> 1 | O9: GJ23Y8525 | P9: 910103038
A10: G/I/25-26/01380 | B10: 11Z505714206AC5 | C10: 55401M58U00 | D10: =VLOOKUP($C10,Sheet1!$A$2:$B$10,2,0) -> 141140-91211 | E10: CALIPER ASSY,REAR BRAKE,R | F10: 46002 | G10: 0.27083333 | H10: CA-21 | I10: AC5 | J10: 30 | K10: =VLOOKUP($C10,Sheet1!$A$2:$D$10,4,0) -> 2 | L10: =VLOOKUP($C10,Sheet1!$A$2:$E$10,5,0) -> Bin | M10: =J10/K10 -> 15 | O10: GJ23Y8525 | P10: 12504Q100229
A11: G/I/25-26/01380 | B11: 11Z505763347AC5 | C11: 55401M58U00 | D11: =VLOOKUP($C11,Sheet1!$A$2:$B$10,2,0) -> 141140-91211 | E11: CALIPER ASSY,REAR BRAKE,R | F11: 46002 | G11: 0.27083333 | H11: CA-21 | I11: AC5 | J11: 24 | K11: =VLOOKUP($C11,Sheet1!$A$2:$D$10,4,0) -> 2 | L11: =VLOOKUP($C11,Sheet1!$A$2:$E$10,5,0) -> Bin | M11: =J11/K11 -> 12 | O11: GJ23Y8525 | P11: 12504Q100229
A12: G/I/25-26/01380 | B12: 11Z505714249AC5 | C12: 55402M58U00 | D12: =VLOOKUP($C12,Sheet1!$A$2:$B$10,2,0) -> 141150-91211 | E12: CALIPER ASSY,REAR BRAKE,L | F12: 46002 | G12: 0.27083333 | H12: CA-21 | I12: AC5 | J12: 30 | K12: =VLOOKUP($C12,Sheet1!$A$2:$D$10,4,0) -> 2 | L12: =VLOOKUP($C12,Sheet1!$A$2:$E$10,5,0) -> Bin | M12: =J12/K12 -> 15 | O12: GJ23Y8525 | P12: 12504Q100229-27 Qty / OLD PART - 3 Qty.
A13: G/I/25-26/01380 | B13: 11Z505763215AC5 | C13: 55402M58U00 | D13: =VLOOKUP($C13,Sheet1!$A$2:$B$10,2,0) -> 141150-91211 | E13: CALIPER ASSY,REAR BRAKE,L | F13: 46002 | G13: 0.27083333 | H13: CA-21 | I13: AC5 | J13: 24 | K13: =VLOOKUP($C13,Sheet1!$A$2:$D$10,4,0) -> 2 | L13: =VLOOKUP($C13,Sheet1!$A$2:$E$10,5,0) -> Bin | M13: =J13/K13 -> 12 | O13: GJ23Y8525 | P13: OLD PART
A14: G/I/25-26/01380 | B14: 11Z505714281AC5 | C14: 55611M58U00 | D14: =VLOOKUP($C14,Sheet1!$A$2:$B$10,2,0) -> 141186-74360 | E14: DISC,REAR BRAKE | F14: 46002 | G14: 0.27083333 | H14: CA-21 | I14: AC5 | J14: 40 | K14: =VLOOKUP($C14,Sheet1!$A$2:$D$10,4,0) -> 40 | L14: =VLOOKUP($C14,Sheet1!$A$2:$E$10,5,0) -> Trolley | N14: =J14/K14 -> 1 | O14: GJ23Y8525 | P14: 910100866
A15: G/I/25-26/01380 | B15: 11Z505770203AC5 | C15: 55611M58U00 | D15: =VLOOKUP($C15,Sheet1!$A$2:$B$10,2,0) -> 141186-74360 | E15: DISC,REAR BRAKE | F15: 46002 | G15: 0.27083333 | H15: CA-21 | I15: AC5 | J15: 40 | K15: =VLOOKUP($C15,Sheet1!$A$2:$D$10,4,0) -> 40 | L15: =VLOOKUP($C15,Sheet1!$A$2:$E$10,5,0) -> Trolley | N15: =J15/K15 -> 1 | O15: GJ23Y8525 | P15: 910100866
A16: G/I/25-26/01381 | B16: 11Z505719666AC5 | C16: 56110M58UA1 | D16: =VLOOKUP($C16,Sheet1!$A$2:$B$10,2,0) -> 116040-92240 | E16: ACTUATOR ASSY,NO VARIANT ESP | F16: 46002 | G16: 0.27083333 | H16: CA-01 | I16: AC5 | J16: 30 | K16: =VLOOKUP($C16,Sheet1!$A$2:$D$10,4,0) -> 6 | L16: =VLOOKUP($C16,Sheet1!$A$2:$E$10,5,0) -> Bin | M16: =J16/K16 -> 5 | O16: GJ23Y8525 | P16: 12505Q100114
A17: G/I/25-26/01381 | B17: 11Z505778921AC5 | C17: 56110M58UA1 | D17: =VLOOKUP($C17,Sheet1!$A$2:$B$10,2,0) -> 116040-92240 | E17: ACTUATOR ASSY,NO VARIANT ESP | F17: 46002 | G17: 0.27083333 | H17: CA-01 | I17: AC5 | J17: 24 | K17: =VLOOKUP($C17,Sheet1!$A$2:$D$10,4,0) -> 6 | L17: =VLOOKUP($C17,Sheet1!$A$2:$E$10,5,0) -> Bin | M17: =J17/K17 -> 4 | O17: GJ23Y8525 | P17: 12505Q100114
A18: G/I/25-26/01381 | B18: 11Z505719704AC5 | C18: 5A120M58U01 | D18: =VLOOKUP($C18,Sheet1!$A$2:$B$10,2,0) -> 114010-50820 | E18: CYLINDER ASSY,BK MASTER W/ECU | F18: 46002 | G18: 0.27083333 | H18: CA-01 | I18: AC5 | J18: 8 | K18: =VLOOKUP($C18,Sheet1!$A$2:$D$10,4,0) -> 1 | L18: =VLOOKUP($C18,Sheet1!$A$2:$E$10,5,0) -> Bin | M18: =J18/K18 -> 8 | O18: GJ23Y8525 | P18: 12504Q100241
A19: G/I/25-26/01381 | B19: 11Z505771170AC5 | C19: 5A120M58U01 | D19: =VLOOKUP($C19,Sheet1!$A$2:$B$10,2,0) -> 114010-50820 | E19: CYLINDER ASSY,BK MASTER W/ECU | F19: 46002 | G19: 0.27083333 | H19: CA-01 | I19: AC5 | J19: 14 | K19: =VLOOKUP($C19,Sheet1!$A$2:$D$10,4,0) -> 1 | L19: =VLOOKUP($C19,Sheet1!$A$2:$E$10,5,0) -> Bin | M19: =J19/K19 -> 14 | O19: GJ23Y8525 | P19: 12504Q100241
A20: G/I/25-26/01381 | B20: 11Z505719747AC5 | C20: 5A120M58U50 | D20: =VLOOKUP($C20,Sheet1!$A$2:$B$10,2,0) -> 114010-50830 | E20: CYLINDER ASSY,BK MASTER W/ECU | F20: 46002 | G20: 0.27083333 | H20: CA-01 | I20: AC5 | J20: 22 | K20: =VLOOKUP($C20,Sheet1!$A$2:$D$10,4,0) -> 1 | L20: =VLOOKUP($C20,Sheet1!$A$2:$E$10,5,0) -> Bin | M20: =J20/K20 -> 22 | O20: GJ23Y8525 | P20: 12505Q100031
A21: G/I/25-26/01381 | B21: 11Z505758912AC5 | C21: 5A120M58U50 | D21: =VLOOKUP($C21,Sheet1!$A$2:$B$10,2,0) -> 114010-50830 | E21: CYLINDER ASSY,BK MASTER W/ECU | F21: 46002 | G21: 0.27083333 | H21: CA-01 | I21: AC5 | J21: 10 | K21: =VLOOKUP($C21,Sheet1!$A$2:$D$10,4,0) -> 1 | L21: =VLOOKUP($C21,Sheet1!$A$2:$E$10,5,0) -> Bin | M21: =J21/K21 -> 10 | O21: GJ23Y8525 | P21: 12505Q100031
M22: 117 | N22: 8
A23: G/I/25-26/01382 | B23: 11Z505714087AC5 | C23: 55101M58U10 | D23: =VLOOKUP($C23,Sheet1!$A$2:$B$10,2,0) -> 141110-14600 | E23: CALIPER ASSY,FRONT BRAKE,R | F23: 46002 | G23: 0.5625 | H23: CA-07 | I23: AC5 | J23: 36 | K23: =VLOOKUP($C23,Sheet1!$A$2:$D$10,4,0) -> 18 | L23: =VLOOKUP($C23,Sheet1!$A$2:$E$10,5,0) -> Trolley (H) | N23: 2 | O23: HR47E8635 | P23: AN0250009858
A24: G/I/25-26/01382 | B24: 11Z505714125AC5 | C24: 55102M58U10 | D24: =VLOOKUP($C24,Sheet1!$A$2:$B$10,2,0) -> 141120-14600 | E24: CALIPER ASSY,FRONT BRAKE,L | F24: 46002 | G24: 0.5625 | H24: CA-07 | I24: AC5 | J24: 36 | K24: =VLOOKUP($C24,Sheet1!$A$2:$D$10,4,0) -> 18 | L24: =VLOOKUP($C24,Sheet1!$A$2:$E$10,5,0) -> Trolley (H) | O24: HR47E8635 | P24: AN0250009858
A25: G/I/25-26/01382 | B25: 11Z505714176AC5 | C25: 55311M58U00 | D25: =VLOOKUP($C25,Sheet1!$A$2:$B$10,2,0) -> 141185-74670 | E25: DISC,FRONT BRAKE | F25: 46002 | G25: 0.5625 | H25: CA-07 | I25: AC5 | J25: 40 | K25: =VLOOKUP($C25,Sheet1!$A$2:$D$10,4,0) -> 40 | L25: =VLOOKUP($C25,Sheet1!$A$2:$E$10,5,0) -> Trolley | N25: =J25/K25 -> 1 | O25: HR47E8635 | P25: 910103038
A26: G/I/25-26/01382 | B26: 11Z505714214AC5 | C26: 55401M58U00 | D26: =VLOOKUP($C26,Sheet1!$A$2:$B$10,2,0) -> 141140-91211 | E26: CALIPER ASSY,REAR BRAKE,R | F26: 46002 | G26: 0.5625 | H26: CA-21 | I26: AC5 | J26: 30 | K26: =VLOOKUP($C26,Sheet1!$A$2:$D$10,4,0) -> 2 | L26: =VLOOKUP($C26,Sheet1!$A$2:$E$10,5,0) -> Bin | M26: =J26/K26 -> 15 | O26: HR47E8635 | P26: 12504Q100229
A27: G/I/25-26/01382 | B27: 11Z505714257AC5 | C27: 55402M58U00 | D27: =VLOOKUP($C27,Sheet1!$A$2:$B$10,2,0) -> 141150-91211 | E27: CALIPER ASSY,REAR BRAKE,L | F27: 46002 | G27: 0.5625 | H27: CA-21 | I27: AC5 | J27: 30 | K27: =VLOOKUP($C27,Sheet1!$A$2:$D$10,4,0) -> 2 | L27: =VLOOKUP($C27,Sheet1!$A$2:$E$10,5,0) -> Bin | M27: =J27/K27 -> 15 | O27: HR47E8635 | P27: 12504Q100229
A28: G/I/25-26/01382 | B28: 11Z505719631AC5 | C28: 55611M58U00 | D28: =VLOOKUP($C28,Sheet1!$A$2:$B$10,2,0) -> 141186-74360 | E28: DISC,REAR BRAKE | F28: 46002 | G28: 0.5625 | H28: CA-21 | I28: AC5 | J28: 80 | K28: =VLOOKUP($C28,Sheet1!$A$2:$D$10,4,0) -> 40 | L28: =VLOOKUP($C28,Sheet1!$A$2:$E$10,5,0) -> Trolley | N28: =J28/K28 -> 2 | O28: HR47E8635 | P28: 910100866
A29: G/I/25-26/01383 | B29: 11Z505719674AC5 | C29: 56110M58UA1 | D29: =VLOOKUP($C29,Sheet1!$A$2:$B$10,2,0) -> 116040-92240 | E29: ACTUATOR ASSY,NO VARIANT ESP | F29: 46002 | G29: 0.5625 | H29: CA-01 | I29: AC5 | J29: 30 | K29: =VLOOKUP($C29,Sheet1!$A$2:$D$10,4,0) -> 6 | L29: =VLOOKUP($C29,Sheet1!$A$2:$E$10,5,0) -> Bin | M29: =J29/K29 -> 5 | O29: HR47E8635 | P29: 12505Q100114
A30: G/I/25-26/01383 | B30: 11Z505719712AC5 | C30: 5A120M58U01 | D30: =VLOOKUP($C30,Sheet1!$A$2:$B$10,2,0) -> 114010-50820 | E30: CYLINDER ASSY,BK MASTER W/ECU | F30: 46002 | G30: 0.5625 | H30: CA-01 | I30: AC5 | J30: 6 | K30: =VLOOKUP($C30,Sheet1!$A$2:$D$10,4,0) -> 1 | L30: =VLOOKUP($C30,Sheet1!$A$2:$E$10,5,0) -> Bin | M30: =J30/K30 -> 6 | O30: HR47E8635 | P30: 12504Q100241
A31: G/I/25-26/01383 | B31: 11Z505719755AC5 | C31: 5A120M58U50 | D31: =VLOOKUP($C31,Sheet1!$A$2:$B$10,2,0) -> 114010-50830 | E31: CYLINDER ASSY,BK MASTER W/ECU | F31: 46002 | G31: 0.5625 | H31: CA-01 | I31: AC5 | J31: 24 | K31: =VLOOKUP($C31,Sheet1!$A$2:$D$10,4,0) -> 1 | L31: =VLOOKUP($C31,Sheet1!$A$2:$E$10,5,0) -> Bin | M31: =J31/K31 -> 24 | O31: HR47E8635 | P31: 12505Q100031
M32: 65 | N32: 5
A33: G/I/25-26/01384 | B33: 11Z505714095AC5 | C33: 55101M58U10 | D33: =VLOOKUP($C33,Sheet1!$A$2:$B$10,2,0) -> 141110-14600 | E33: CALIPER ASSY,FRONT BRAKE,R | F33: 46002 | G33: 0.64583333 | H33: CA-07 | I33: AC5 | J33: 18 | K33: =VLOOKUP($C33,Sheet1!$A$2:$D$10,4,0) -> 18 | L33: =VLOOKUP($C33,Sheet1!$A$2:$E$10,5,0) -> Trolley (H) | N33: 1 | O33: HR47G9416 | P33: AN0250009858
A34: G/I/25-26/01384 | B34: 11Z505714133AC5 | C34: 55102M58U10 | D34: =VLOOKUP($C34,Sheet1!$A$2:$B$10,2,0) -> 141120-14600 | E34: CALIPER ASSY,FRONT BRAKE,L | F34: 46002 | G34: 0.64583333 | H34: CA-07 | I34: AC5 | J34: 18 | K34: =VLOOKUP($C34,Sheet1!$A$2:$D$10,4,0) -> 18 | L34: =VLOOKUP($C34,Sheet1!$A$2:$E$10,5,0) -> Trolley (H) | O34: HR47G9416 | P34: AN0250009858-11 Qty. / AN0250009736- 7 Qty.
A35: G/I/25-26/01384 | B35: 11Z505714184AC5 | C35: 55311M58U00 | D35: =VLOOKUP($C35,Sheet1!$A$2:$B$10,2,0) -> 141185-74670 | E35: DISC,FRONT BRAKE | F35: 46002 | G35: 0.64583333 | H35: CA-07 | I35: AC5 | J35: 80 | K35: =VLOOKUP($C35,Sheet1!$A$2:$D$10,4,0) -> 40 | L35: =VLOOKUP($C35,Sheet1!$A$2:$E$10,5,0) -> Trolley | N35: =J35/K35 -> 2 | O35: HR47G9416 | P35: 910103038
A36: G/I/25-26/01384 | B36: 11Z505714222AC5 | C36: 55401M58U00 | D36: =VLOOKUP($C36,Sheet1!$A$2:$B$10,2,0) -> 141140-91211 | E36: CALIPER ASSY,REAR BRAKE,R | F36: 46002 | G36: 0.64583333 | H36: CA-21 | I36: AC5 | J36: 30 | K36: =VLOOKUP($C36,Sheet1!$A$2:$D$10,4,0) -> 2 | L36: =VLOOKUP($C36,Sheet1!$A$2:$E$10,5,0) -> Bin | M36: =J36/K36 -> 15 | O36: HR47G9416 | P36: 12504Q100229
A37: G/I/25-26/01384 | B37: 11Z505714265AC5 | C37: 55402M58U00 | D37: =VLOOKUP($C37,Sheet1!$A$2:$B$10,2,0) -> 141150-91211 | E37: CALIPER ASSY,REAR BRAKE,L | F37: 46002 | G37: 0.64583333 | H37: CA-21 | I37: AC5 | J37: 30 | K37: =VLOOKUP($C37,Sheet1!$A$2:$D$10,4,0) -> 2 | L37: =VLOOKUP($C37,Sheet1!$A$2:$E$10,5,0) -> Bin | M37: =J37/K37 -> 15 | O37: HR47G9416 | P37: 12504Q100229
A38: G/I/25-26/01384 | B38: 11Z505719640AC5 | C38: 55611M58U00 | D38: =VLOOKUP($C38,Sheet1!$A$2:$B$10,2,0) -> 141186-74360 | E38: DISC,REAR BRAKE | F38: 46002 | G38: 0.64583333 | H38: CA-21 | I38: AC5 | J38: 40 | K38: =VLOOKUP($C38,Sheet1!$A$2:$D$10,4,0) -> 40 | L38: =VLOOKUP($C38,Sheet1!$A$2:$E$10,5,0) -> Trolley | N38: =J38/K38 -> 1 | O38: HR47G9416 | P38: 910100866
A39: G/I/25-26/01385 | B39: 11Z505719682AC5 | C39: 56110M58UA1 | D39: =VLOOKUP($C39,Sheet1!$A$2:$B$10,2,0) -> 116040-92240 | E39: ACTUATOR ASSY,NO VARIANT ESP | F39: 46002 | G39: 0.64583333 | H39: CA-01 | I39: AC5 | J39: 30 | K39: =VLOOKUP($C39,Sheet1!$A$2:$D$10,4,0) -> 6 | L39: =VLOOKUP($C39,Sheet1!$A$2:$E$10,5,0) -> Bin | M39: =J39/K39 -> 5 | O39: HR47G9416 | P39: 12505Q100114
A40: G/I/25-26/01385 | B40: 11Z505719720AC5 | C40: 5A120M58U01 | D40: =VLOOKUP($C40,Sheet1!$A$2:$B$10,2,0) -> 114010-50820 | E40: CYLINDER ASSY,BK MASTER W/ECU | F40: 46002 | G40: 0.64583333 | H40: CA-01 | I40: AC5 | J40: 10 | K40: =VLOOKUP($C40,Sheet1!$A$2:$D$10,4,0) -> 1 | L40: =VLOOKUP($C40,Sheet1!$A$2:$E$10,5,0) -> Bin | M40: =J40/K40 -> 10 | O40: HR47G9416 | P40: 12504Q100241
A41: G/I/25-26/01385 | B41: 11Z505719763AC5 | C41: 5A120M58U50 | D41: =VLOOKUP($C41,Sheet1!$A$2:$B$10,2,0) -> 114010-50830 | E41: CYLINDER ASSY,BK MASTER W/ECU | F41: 46002 | G41: 0.64583333 | H41: CA-01 | I41: AC5 | J41: 13 | K41: =VLOOKUP($C41,Sheet1!$A$2:$D$10,4,0) -> 1 | L41: =VLOOKUP($C41,Sheet1!$A$2:$E$10,5,0) -> Bin | M41: =J41/K41 -> 13 | O41: HR47G9416 | P41: 12505Q100031
A42: G/I/25-26/01386 | B42: 11Z505714109AC5 | C42: 55101M58U10 | D42: =VLOOKUP($C42,Sheet1!$A$2:$B$10,2,0) -> 141110-14600 | E42: CALIPER ASSY,FRONT BRAKE,R | F42: 46002 | G42: 0.77083333 | H42: CA-07 | I42: AC5 | J42: 18 | K42: =VLOOKUP($C42,Sheet1!$A$2:$D$10,4,0) -> 18 | L42: =VLOOKUP($C42,Sheet1!$A$2:$E$10,5,0) -> Trolley (H) | N42: 1 | O42: HR47G9416 | P42: AN0250009858
A43: G/I/25-26/01386 | B43: 11Z505714141AC5 | C43: 55102M58U10 | D43: =VLOOKUP($C43,Sheet1!$A$2:$B$10,2,0) -> 141120-14600 | E43: CALIPER ASSY,FRONT BRAKE,L | F43: 46002 | G43: 0.77083333 | H43: CA-07 | I43: AC5 | J43: 18 | K43: =VLOOKUP($C43,Sheet1!$A$2:$D$10,4,0) -> 18 | L43: =VLOOKUP($C43,Sheet1!$A$2:$E$10,5,0) -> Trolley (H) | O43: HR47G9416 | P43: AN0250009736
A44: G/I/25-26/01386 | B44: 11Z505714150AC5 | C44: 55311M58U00 | D44: =VLOOKUP($C44,Sheet1!$A$2:$B$10,2,0) -> 141185-74670 | E44: DISC,FRONT BRAKE | F44: 46002 | G44: 0.77083333 | H44: CA-07 | I44: AC5 | J44: 40 | K44: =VLOOKUP($C44,Sheet1!$A$2:$D$10,4,0) -> 40 | L44: =VLOOKUP($C44,Sheet1!$A$2:$E$10,5,0) -> Trolley | N44: =J44/K44 -> 1 | O44: HR47G9416 | P44: 910103038
A45: G/I/25-26/01386 | B45: 11Z505714192AC5 | C45: 55401M58U00 | D45: =VLOOKUP($C45,Sheet1!$A$2:$B$10,2,0) -> 141140-91211 | E45: CALIPER ASSY,REAR BRAKE,R | F45: 46002 | G45: 0.77083333 | H45: CA-21 | I45: AC5 | J45: 20 | K45: =VLOOKUP($C45,Sheet1!$A$2:$D$10,4,0) -> 2 | L45: =VLOOKUP($C45,Sheet1!$A$2:$E$10,5,0) -> Bin | M45: =J45/K45 -> 10 | O45: HR47G9416 | P45: 12504Q100229
A46: G/I/25-26/01386 | B46: 11Z505714230AC5 | C46: 55402M58U00 | D46: =VLOOKUP($C46,Sheet1!$A$2:$B$10,2,0) -> 141150-91211 | E46: CALIPER ASSY,REAR BRAKE,L | F46: 46002 | G46: 0.77083333 | H46: CA-21 | I46: AC5 | J46: 20 | K46: =VLOOKUP($C46,Sheet1!$A$2:$D$10,4,0) -> 2 | L46: =VLOOKUP($C46,Sheet1!$A$2:$E$10,5,0) -> Bin | M46: =J46/K46 -> 10 | O46: HR47G9416 | P46: 12504Q100229
A47: G/I/25-26/01386 | B47: 11Z505714273AC5 | C47: 55611M58U00 | D47: =VLOOKUP($C47,Sheet1!$A$2:$B$10,2,0) -> 141186-74360 | E47: DISC,REAR BRAKE | F47: 46002 | G47: 0.77083333 | H47: CA-21 | I47: AC5 | J47: 80 | K47: =VLOOKUP($C47,Sheet1!$A$2:$D$10,4,0) -> 40 | L47: =VLOOKUP($C47,Sheet1!$A$2:$E$10,5,0) -> Trolley | N47: =J47/K47 -> 2 | O47: HR47G9416 | P47: 910100866
A48: G/I/25-26/01387 | B48: 11Z505719658AC5 | C48: 56110M58UA1 | D48: =VLOOKUP($C48,Sheet1!$A$2:$B$10,2,0) -> 116040-92240 | E48: ACTUATOR ASSY,NO VARIANT ESP | F48: 46002 | G48: 0.77083333 | H48: CA-01 | I48: AC5 | J48: 18 | K48: =VLOOKUP($C48,Sheet1!$A$2:$D$10,4,0) -> 6 | L48: =VLOOKUP($C48,Sheet1!$A$2:$E$10,5,0) -> Bin | M48: =J48/K48 -> 3 | O48: HR47G9416 | P48: 12505Q100114 | Q48: IT ERROR
A49: G/I/25-26/01387 | B49: 11Z505719690AC5 | C49: 5A120M58U01 | D49: =VLOOKUP($C49,Sheet1!$A$2:$B$10,2,0) -> 114010-50820 | E49: CYLINDER ASSY,BK MASTER W/ECU | F49: 46002 | G49: 0.77083333 | H49: CA-01 | I49: AC5 | J49: 17 | K49: =VLOOKUP($C49,Sheet1!$A$2:$D$10,4,0) -> 1 | L49: =VLOOKUP($C49,Sheet1!$A$2:$E$10,5,0) -> Bin | M49: =J49/K49 -> 17 | O49: HR47G9416 | P49: 12504Q100241 | Q49: IT ERROR
A50: G/I/25-26/01387 | B50: 11Z505719739AC5 | C50: 5A120M58U50 | D50: =VLOOKUP($C50,Sheet1!$A$2:$B$10,2,0) -> 114010-50830 | E50: CYLINDER ASSY,BK MASTER W/ECU | F50: 46002 | G50: 0.77083333 | H50: CA-01 | I50: AC5 | J50: 10 | K50: =VLOOKUP($C50,Sheet1!$A$2:$D$10,4,0) -> 1 | L50: =VLOOKUP($C50,Sheet1!$A$2:$E$10,5,0) -> Bin | M50: =J50/K50 -> 10 | O50: HR47G9416 | P50: 12505Q100031 | Q50: IT ERROR
M51: 108 | N51: 8
A52: G/I/25-26/01391 | B52: 12Z506444229AC5 | C52: 55311M58U00 | D52: =VLOOKUP($C52,Sheet1!$A$2:$B$10,2,0) -> 141185-74670 | E52: DISC,FRONT BRAKE | F52: 46002 | G52: 0.78125 | H52: CA-07 | I52: AC5 | J52: 40 | K52: =VLOOKUP($C52,Sheet1!$A$2:$D$10,4,0) -> 40 | L52: =VLOOKUP($C52,Sheet1!$A$2:$E$10,5,0) -> Trolley | N52: =J52/K52 -> 1 | O52: GJ23Y8525 | P52: 910103038 | Q52: Acutal dispatch date 12-12-2025
A53: G/I/25-26/01391 | B53: 12Z506447090AC5 | C53: 55401M58U00 | D53: =VLOOKUP($C53,Sheet1!$A$2:$B$10,2,0) -> 141140-91211 | E53: CALIPER ASSY,REAR BRAKE,R | F53: 46002 | G53: 0.78125 | H53: CA-21 | I53: AC5 | J53: 14 | K53: =VLOOKUP($C53,Sheet1!$A$2:$D$10,4,0) -> 2 | L53: =VLOOKUP($C53,Sheet1!$A$2:$E$10,5,0) -> Bin | M53: =J53/K53 -> 7 | O53: GJ23Y8525 | P53: 12504Q100229 | Q53: Acutal dispatch date 12-12-2025
A54: G/I/25-26/01391 | B54: 12Z506444431AC5 | C54: 55402M58U00 | D54: =VLOOKUP($C54,Sheet1!$A$2:$B$10,2,0) -> 141150-91211 | E54: CALIPER ASSY,REAR BRAKE,L | F54: 46002 | G54: 0.78125 | H54: CA-21 | I54: AC5 | J54: 14 | K54: =VLOOKUP($C54,Sheet1!$A$2:$D$10,4,0) -> 2 | L54: =VLOOKUP($C54,Sheet1!$A$2:$E$10,5,0) -> Bin | M54: =J54/K54 -> 7 | O54: GJ23Y8525 | P54: 12504Q100229 | Q54: Acutal dispatch date 12-12-2025
A55: G/I/25-26/01391 | B55: 12Z506445853AC5 | C55: 55611M58U00 | D55: =VLOOKUP($C55,Sheet1!$A$2:$B$10,2,0) -> 141186-74360 | E55: DISC,REAR BRAKE | F55: 46002 | G55: 0.78125 | H55: CA-21 | I55: AC5 | J55: 40 | K55: =VLOOKUP($C55,Sheet1!$A$2:$D$10,4,0) -> 40 | L55: =VLOOKUP($C55,Sheet1!$A$2:$E$10,5,0) -> Trolley | N55: =J55/K55 -> 1 | O55: GJ23Y8525 | P55: 910100866 | Q55: Acutal dispatch date 12-12-2025
A56: G/I/25-26/01392 | B56: 12Z506446906AC5 | C56: 56110M58UA1 | D56: =VLOOKUP($C56,Sheet1!$A$2:$B$10,2,0) -> 116040-92240 | E56: ACTUATOR ASSY,NO VARIANT ESP | F56: 46002 | G56: 0.78125 | H56: CA-01 | I56: AC5 | J56: 18 | K56: =VLOOKUP($C56,Sheet1!$A$2:$D$10,4,0) -> 6 | L56: =VLOOKUP($C56,Sheet1!$A$2:$E$10,5,0) -> Bin | M56: =J56/K56 -> 3 | O56: GJ23Y8525 | P56: 12505Q100125 | Q56: Acutal dispatch date 12-12-2025
A57: G/I/25-26/01392 | B57: 12Z506445730AC5 | C57: 5A120M58U01 | D57: =VLOOKUP($C57,Sheet1!$A$2:$B$10,2,0) -> 114010-50820 | E57: CYLINDER ASSY,BK MASTER W/ECU | F57: 46002 | G57: 0.78125 | H57: CA-01 | I57: AC5 | J57: 4 | K57: =VLOOKUP($C57,Sheet1!$A$2:$D$10,4,0) -> 1 | L57: =VLOOKUP($C57,Sheet1!$A$2:$E$10,5,0) -> Bin | M57: =J57/K57 -> 4 | O57: GJ23Y8525 | P57: 12504Q100271 | Q57: Acutal dispatch date 12-12-2025
A58: G/I/25-26/01392 | B58: 12Z506447406AC5 | C58: 5A120M58U50 | D58: =VLOOKUP($C58,Sheet1!$A$2:$B$10,2,0) -> 114010-50830 | E58: CYLINDER ASSY,BK MASTER W/ECU | F58: 46002 | G58: 0.78125 | H58: CA-01 | I58: AC5 | J58: 10 | K58: =VLOOKUP($C58,Sheet1!$A$2:$D$10,4,0) -> 1 | L58: =VLOOKUP($C58,Sheet1!$A$2:$E$10,5,0) -> Bin | M58: =J58/K58 -> 10 | O58: GJ23Y8525 | P58: 12505Q100031 | Q58: Acutal dispatch date 12-12-2025
M59: 31 | N59: 2
B74: Download : X539_eNagare_20251210.txt

Sheet 11-12-2025 EXPORT
A1: Supply For | B1: Original DI Date | C1: Revised DI Date | D1: Vendor Code | E1: DI Number | F1: Part Number | G1: Scheduled Quantity | H1: Packing Standerd | I1: Vehicle No | K1: Location | L1: Attention | M1: Price Change Flag | N1: Latest Batch Code | O1: Price | P1: Sales Id | Q1: Sales No | R1: Price Revision List
A2: SPARES | B2: 46002 | D2: X539 | E2: M25448466483 | F2: 55102M58U10-999 | G2: 2 | H2: 1 | I2: GJ01KT7585 | J2: G/I/25-26/01390 | K2: WAD | L2: * | M2: N | N2: AA | O2: 6452 | P2: 1 | R2: Item Price Revision List
A3: SPARES | B3: 45992 | C3: 46002 | D3: X539 | E3: M25445621503 | F3: 55830M58U10 | G3: 10 | H3: 10 | I3: GJ01KT7585 | J3: G/I/25-26/01390 | K3: WAD | L3: * | M3: N | N3: AA | O3: 843.5 | P3: 2 | R3: Item Price Revision List
A4: SPARES | B4: 46002 | D4: X539 | E4: M25448607863 | F4: 55101M58U10-999 | G4: 2 | H4: 1 | I4: GJ01KT7585 | J4: G/I/25-26/01390 | K4: WAD | L4: * | M4: N | N4: AA | O4: 6452 | P4: 3 | R4: Item Price Revision List
A5: SPARES | B5: 46002 | D5: X539 | E5: M25448607873 | F5: 55611M58U00 | G5: 2 | H5: 1 | I5: GJ01KT7585 | J5: G/I/25-26/01390 | K5: WAD | L5: * | M5: N | N5: AA | O5: 3733.5 | P5: 4 | R5: Item Price Revision List
A7: Download : X53920251211Spares.txt

Sheet 12-12-2025
A1: Dailly SMG Pick List | J1: 24AACCN5739J1ZA
A2: Supply Month | B2: 46003 | L2: Vehicle No
A3: INVOICE NO | B3: KANBAN NO | C3: PART NUMBER | D3: Material Code | E3: PART NAME | F3: SUPPLY DATE | G3: SUPPLY TIME | H3: UNLOADING LOC | I3: Line | J3: Qty Req | K3: Packing Standerd | L3: Packed in | M3: TTL Bin | N3: TORLLY | O3: Vehicle No | P3: INV NO
A4: G/I/25-26/01393 | B4: 12Z506306829AC5 | C4: 55101M58U10 | D4: =VLOOKUP($C4,Sheet1!$A$2:$B$10,2,0) -> 141110-14600 | E4: CALIPER ASSY,FRONT BRAKE,R | F4: 46003 | G4: 0.27083333 | H4: CA-07 | I4: AC5 | J4: 36 | K4: =VLOOKUP($C4,Sheet1!$A$2:$D$10,4,0) -> 18 | L4: =VLOOKUP($C4,Sheet1!$A$2:$E$10,5,0) -> Trolley (H) | N4: 2 | O4: HR47E8635 | P4: AN0250009858 - 31 / Sample part -5 Qty. | Q4: 10
A5: G/I/25-26/01393 | B5: 12Z506306861AC5 | C5: 55102M58U10 | D5: =VLOOKUP($C5,Sheet1!$A$2:$B$10,2,0) -> 141120-14600 | E5: CALIPER ASSY,FRONT BRAKE,L | F5: 46003 | G5: 0.27083333 | H5: CA-07 | I5: AC5 | J5: 36 | K5: =VLOOKUP($C5,Sheet1!$A$2:$D$10,4,0) -> 18 | L5: =VLOOKUP($C5,Sheet1!$A$2:$E$10,5,0) -> Trolley (H) | O5: HR47E8635 | P5: AN0250009736 - 32 / Sample part -4 Qty. | Q5: 10
A6: G/I/25-26/01393 | B6: 12Z506456545AC5 | C6: 55101M58U10 | D6: =VLOOKUP($C6,Sheet1!$A$2:$B$10,2,0) -> 141110-14600 | E6: CALIPER ASSY,FRONT BRAKE,R | F6: 46003 | G6: 0.27083333 | H6: CA-07 | I6: AC5 | J6: 18 | K6: =VLOOKUP($C6,Sheet1!$A$2:$D$10,4,0) -> 18 | L6: =VLOOKUP($C6,Sheet1!$A$2:$E$10,5,0) -> Trolley (H) | N6: 1 | O6: HR47E8635 | P6: AN0250009858
A7: G/I/25-26/01393 | B7: 12Z506456901AC5 | C7: 55102M58U10 | D7: =VLOOKUP($C7,Sheet1!$A$2:$B$10,2,0) -> 141120-14600 | E7: CALIPER ASSY,FRONT BRAKE,L | F7: 46003 | G7: 0.27083333 | H7: CA-07 | I7: AC5 | J7: 18 | K7: =VLOOKUP($C7,Sheet1!$A$2:$D$10,4,0) -> 18 | L7: =VLOOKUP($C7,Sheet1!$A$2:$E$10,5,0) -> Trolley (H) | O7: HR47E8635 | P7: AN0250009736
A8: G/I/25-26/01393 | B8: 12Z506315399AC5 | C8: 55311M58U00 | D8: =VLOOKUP($C8,Sheet1!$A$2:$B$10,2,0) -> 141185-74670 | E8: DISC,FRONT BRAKE | F8: 46003 | G8: 0.27083333 | H8: CA-07 | I8: AC5 | J8: 80 | K8: =VLOOKUP($C8,Sheet1!$A$2:$D$10,4,0) -> 40 | L8: =VLOOKUP($C8,Sheet1!$A$2:$E$10,5,0) -> Trolley | N8: =J8/K8 -> 2 | O8: HR47E8635 | P8: 910103038
A9: G/I/25-26/01393 | B9: 12Z506315437AC5 | C9: 55401M58U00 | D9: =VLOOKUP($C9,Sheet1!$A$2:$B$10,2,0) -> 141140-91211 | E9: CALIPER ASSY,REAR BRAKE,R | F9: 46003 | G9: 0.27083333 | H9: CA-21 | I9: AC5 | J9: 30 | K9: =VLOOKUP($C9,Sheet1!$A$2:$D$10,4,0) -> 2 | L9: =VLOOKUP($C9,Sheet1!$A$2:$E$10,5,0) -> Bin | M9: =J9/K9 -> 15 | O9: HR47E8635 | P9: 12504Q100229
A10: G/I/25-26/01393 | B10: 12Z506467598AC5 | C10: 55401M58U00 | D10: =VLOOKUP($C10,Sheet1!$A$2:$B$10,2,0) -> 141140-91211 | E10: CALIPER ASSY,REAR BRAKE,R | F10: 46003 | G10: 0.27083333 | H10: CA-21 | I10: AC5 | J10: 18 | K10: =VLOOKUP($C10,Sheet1!$A$2:$D$10,4,0) -> 2 | L10: =VLOOKUP($C10,Sheet1!$A$2:$E$10,5,0) -> Bin | M10: =J10/K10 -> 9 | O10: HR47E8635 | P10: 12504Q100229
A11: G/I/25-26/01393 | B11: 12Z506315470AC5 | C11: 55402M58U00 | D11: =VLOOKUP($C11,Sheet1!$A$2:$B$10,2,0) -> 141150-91211 | E11: CALIPER ASSY,REAR BRAKE,L | F11: 46003 | G11: 0.27083333 | H11: CA-21 | I11: AC5 | J11: 30 | K11: =VLOOKUP($C11,Sheet1!$A$2:$D$10,4,0) -> 2 | L11: =VLOOKUP($C11,Sheet1!$A$2:$E$10,5,0) -> Bin | M11: =J11/K11 -> 15 | O11: HR47E8635 | P11: 12504Q100229
A12: G/I/25-26/01393 | B12: 12Z506455247AC5 | C12: 55402M58U00 | D12: =VLOOKUP($C12,Sheet1!$A$2:$B$10,2,0) -> 141150-91211 | E12: CALIPER ASSY,REAR BRAKE,L | F12: 46003 | G12: 0.27083333 | H12: CA-21 | I12: AC5 | J12: 16 | K12: =VLOOKUP($C12,Sheet1!$A$2:$D$10,4,0) -> 2 | L12: =VLOOKUP($C12,Sheet1!$A$2:$E$10,5,0) -> Bin | M12: =J12/K12 -> 8 | O12: HR47E8635 | P12: 12504Q100229
A13: G/I/25-26/01393 | B13: 12Z506315518AC5 | C13: 55611M58U00 | D13: =VLOOKUP($C13,Sheet1!$A$2:$B$10,2,0) -> 141186-74360 | E13: DISC,REAR BRAKE | F13: 46003 | G13: 0.27083333 | H13: CA-21 | I13: AC5 | J13: 40 | K13: =VLOOKUP($C13,Sheet1!$A$2:$D$10,4,0) -> 40 | L13: =VLOOKUP($C13,Sheet1!$A$2:$E$10,5,0) -> Trolley | N13: =J13/K13 -> 1 | O13: HR47E8635 | P13: 910100866
A14: G/I/25-26/01394 | B14: 12Z506315550AC5 | C14: 56110M58UA1 | D14: =VLOOKUP($C14,Sheet1!$A$2:$B$10,2,0) -> 116040-92240 | E14: ACTUATOR ASSY,NO VARIANT ESP | F14: 46003 | G14: 0.27083333 | H14: CA-01 | I14: AC5 | J14: 30 | K14: =VLOOKUP($C14,Sheet1!$A$2:$D$10,4,0) -> 6 | L14: =VLOOKUP($C14,Sheet1!$A$2:$E$10,5,0) -> Bin | M14: =J14/K14 -> 5 | O14: HR47E8635 | P14: 12505Q100125
A15: G/I/25-26/01394 | B15: 12Z506463142AC5 | C15: 56110M58UA1 | D15: =VLOOKUP($C15,Sheet1!$A$2:$B$10,2,0) -> 116040-92240 | E15: ACTUATOR ASSY,NO VARIANT ESP | F15: 46003 | G15: 0.27083333 | H15: CA-01 | I15: AC5 | J15: 18 | K15: =VLOOKUP($C15,Sheet1!$A$2:$D$10,4,0) -> 6 | L15: =VLOOKUP($C15,Sheet1!$A$2:$E$10,5,0) -> Bin | M15: =J15/K15 -> 3 | O15: HR47E8635 | P15: 12505Q100125
A16: G/I/25-26/01394 | B16: 12Z506315593AC5 | C16: 5A120M58U01 | D16: =VLOOKUP($C16,Sheet1!$A$2:$B$10,2,0) -> 114010-50820 | E16: CYLINDER ASSY,BK MASTER W/ECU | F16: 46003 | G16: 0.27083333 | H16: CA-01 | I16: AC5 | J16: 13 | K16: =VLOOKUP($C16,Sheet1!$A$2:$D$10,4,0) -> 1 | L16: =VLOOKUP($C16,Sheet1!$A$2:$E$10,5,0) -> Bin | M16: =J16/K16 -> 13 | O16: HR47E8635 | P16: 12504Q100271
A17: G/I/25-26/01394 | B17: 12Z506466800AC5 | C17: 5A120M58U01 | D17: =VLOOKUP($C17,Sheet1!$A$2:$B$10,2,0) -> 114010-50820 | E17: CYLINDER ASSY,BK MASTER W/ECU | F17: 46003 | G17: 0.27083333 | H17: CA-01 | I17: AC5 | J17: 9 | K17: =VLOOKUP($C17,Sheet1!$A$2:$D$10,4,0) -> 1 | L17: =VLOOKUP($C17,Sheet1!$A$2:$E$10,5,0) -> Bin | M17: =J17/K17 -> 9 | O17: HR47E8635 | P17: 12504Q100271
A18: G/I/25-26/01394 | B18: 12Z506315631AC5 | C18: 5A120M58U50 | D18: =VLOOKUP($C18,Sheet1!$A$2:$B$10,2,0) -> 114010-50830 | E18: CYLINDER ASSY,BK MASTER W/ECU | F18: 46003 | G18: 0.27083333 | H18: CA-01 | I18: AC5 | J18: 17 | K18: =VLOOKUP($C18,Sheet1!$A$2:$D$10,4,0) -> 1 | L18: =VLOOKUP($C18,Sheet1!$A$2:$E$10,5,0) -> Bin | M18: =J18/K18 -> 17 | O18: HR47E8635 | P18: 12505Q100031
A19: G/I/25-26/01394 | B19: 12Z506459340AC5 | C19: 5A120M58U50 | D19: =VLOOKUP($C19,Sheet1!$A$2:$B$10,2,0) -> 114010-50830 | E19: CYLINDER ASSY,BK MASTER W/ECU | F19: 46003 | G19: 0.27083333 | H19: CA-01 | I19: AC5 | J19: 8 | K19: =VLOOKUP($C19,Sheet1!$A$2:$D$10,4,0) -> 1 | L19: =VLOOKUP($C19,Sheet1!$A$2:$E$10,5,0) -> Bin | M19: =J19/K19 -> 8 | O19: HR47E8635 | P19: 12505Q100031
M20: 102 | N20: 6
A21: G/I/25-26/01395 | B21: 12Z506306837AC5 | C21: 55101M58U10 | D21: =VLOOKUP($C21,Sheet1!$A$2:$B$10,2,0) -> 141110-14600 | E21: CALIPER ASSY,FRONT BRAKE,R | F21: 46003 | G21: 0.5625 | H21: CA-07 | I21: AC5 | J21: 18 | K21: =VLOOKUP($C21,Sheet1!$A$2:$D$10,4,0) -> 18 | L21: =VLOOKUP($C21,Sheet1!$A$2:$E$10,5,0) -> Trolley (H) | N21: 1 | O21: GJ01KT7585 | P21: AN0250009858
A22: G/I/25-26/01395 | B22: 12Z506306870AC5 | C22: 55102M58U10 | D22: =VLOOKUP($C22,Sheet1!$A$2:$B$10,2,0) -> 141120-14600 | E22: CALIPER ASSY,FRONT BRAKE,L | F22: 46003 | G22: 0.5625 | H22: CA-07 | I22: AC5 | J22: 18 | K22: =VLOOKUP($C22,Sheet1!$A$2:$D$10,4,0) -> 18 | L22: =VLOOKUP($C22,Sheet1!$A$2:$E$10,5,0) -> Trolley (H) | O22: GJ01KT7585 | P22: AN0250009736
A23: G/I/25-26/01395 | B23: 12Z506315402AC5 | C23: 55311M58U00 | D23: =VLOOKUP($C23,Sheet1!$A$2:$B$10,2,0) -> 141185-74670 | E23: DISC,FRONT BRAKE | F23: 46003 | G23: 0.5625 | H23: CA-07 | I23: AC5 | J23: 40 | K23: =VLOOKUP($C23,Sheet1!$A$2:$D$10,4,0) -> 40 | L23: =VLOOKUP($C23,Sheet1!$A$2:$E$10,5,0) -> Trolley | N23: =J23/K23 -> 1 | O23: GJ01KT7585 | P23: 910103038
A24: G/I/25-26/01395 | B24: 12Z506315445AC5 | C24: 55401M58U00 | D24: =VLOOKUP($C24,Sheet1!$A$2:$B$10,2,0) -> 141140-91211 | E24: CALIPER ASSY,REAR BRAKE,R | F24: 46003 | G24: 0.5625 | H24: CA-21 | I24: AC5 | J24: 30 | K24: =VLOOKUP($C24,Sheet1!$A$2:$D$10,4,0) -> 2 | L24: =VLOOKUP($C24,Sheet1!$A$2:$E$10,5,0) -> Bin | M24: =J24/K24 -> 15 | O24: GJ01KT7585 | P24: 12504Q100229
A25: G/I/25-26/01395 | B25: 12Z506315488AC5 | C25: 55402M58U00 | D25: =VLOOKUP($C25,Sheet1!$A$2:$B$10,2,0) -> 141150-91211 | E25: CALIPER ASSY,REAR BRAKE,L | F25: 46003 | G25: 0.5625 | H25: CA-21 | I25: AC5 | J25: 30 | K25: =VLOOKUP($C25,Sheet1!$A$2:$D$10,4,0) -> 2 | L25: =VLOOKUP($C25,Sheet1!$A$2:$E$10,5,0) -> Bin | M25: =J25/K25 -> 15 | O25: GJ01KT7585 | P25: 12504Q100229
A26: G/I/25-26/01395 | B26: 12Z506315526AC5 | C26: 55611M58U00 | D26: =VLOOKUP($C26,Sheet1!$A$2:$B$10,2,0) -> 141186-74360 | E26: DISC,REAR BRAKE | F26: 46003 | G26: 0.5625 | H26: CA-21 | I26: AC5 | J26: 80 | K26: =VLOOKUP($C26,Sheet1!$A$2:$D$10,4,0) -> 40 | L26: =VLOOKUP($C26,Sheet1!$A$2:$E$10,5,0) -> Trolley | N26: =J26/K26 -> 2 | O26: GJ01KT7585 | P26: 910100866
A27: G/I/25-26/01396 | B27: 12Z506315569AC5 | C27: 56110M58UA1 | D27: =VLOOKUP($C27,Sheet1!$A$2:$B$10,2,0) -> 116040-92240 | E27: ACTUATOR ASSY,NO VARIANT ESP | F27: 46003 | G27: 0.5625 | H27: CA-01 | I27: AC5 | J27: 30 | K27: =VLOOKUP($C27,Sheet1!$A$2:$D$10,4,0) -> 6 | L27: =VLOOKUP($C27,Sheet1!$A$2:$E$10,5,0) -> Bin | M27: =J27/K27 -> 5 | O27: GJ01KT7585 | P27: 12505Q100125
A28: G/I/25-26/01396 | B28: 12Z506315607AC5 | C28: 5A120M58U01 | D28: =VLOOKUP($C28,Sheet1!$A$2:$B$10,2,0) -> 114010-50820 | E28: CYLINDER ASSY,BK MASTER W/ECU | F28: 46003 | G28: 0.5625 | H28: CA-01 | I28: AC5 | J28: 7 | K28: =VLOOKUP($C28,Sheet1!$A$2:$D$10,4,0) -> 1 | L28: =VLOOKUP($C28,Sheet1!$A$2:$E$10,5,0) -> Bin | M28: =J28/K28 -> 7 | O28: GJ01KT7585 | P28: 12504Q100271
A29: G/I/25-26/01396 | B29: 12Z506315640AC5 | C29: 5A120M58U50 | D29: =VLOOKUP($C29,Sheet1!$A$2:$B$10,2,0) -> 114010-50830 | E29: CYLINDER ASSY,BK MASTER W/ECU | F29: 46003 | G29: 0.5625 | H29: CA-01 | I29: AC5 | J29: 23 | K29: =VLOOKUP($C29,Sheet1!$A$2:$D$10,4,0) -> 1 | L29: =VLOOKUP($C29,Sheet1!$A$2:$E$10,5,0) -> Bin | M29: =J29/K29 -> 23 | O29: GJ01KT7585 | P29: 12505Q100031
M30: 65 | N30: 4
A31: G/I/25-26/01397 | B31: 12Z506306845AC5 | C31: 55101M58U10 | D31: =VLOOKUP($C31,Sheet1!$A$2:$B$10,2,0) -> 141110-14600 | E31: CALIPER ASSY,FRONT BRAKE,R | F31: 46003 | G31: 0.64583333 | H31: CA-07 | I31: AC5 | J31: 36 | K31: =VLOOKUP($C31,Sheet1!$A$2:$D$10,4,0) -> 18 | L31: =VLOOKUP($C31,Sheet1!$A$2:$E$10,5,0) -> Trolley (H) | N31: 2 | O31: HR47G9416 | P31: AN0250009858-02 Qty / AN0250009939-32
A32: G/I/25-26/01397 | B32: 12Z506315372AC5 | C32: 55102M58U10 | D32: =VLOOKUP($C32,Sheet1!$A$2:$B$10,2,0) -> 141120-14600 | E32: CALIPER ASSY,FRONT BRAKE,L | F32: 46003 | G32: 0.64583333 | H32: CA-07 | I32: AC5 | J32: 36 | K32: =VLOOKUP($C32,Sheet1!$A$2:$D$10,4,0) -> 18 | L32: =VLOOKUP($C32,Sheet1!$A$2:$E$10,5,0) -> Trolley (H) | O32: HR47G9416 | P32: AN0250009736 -8 Qty. / AN0250009939-28 Qty
A33: G/I/25-26/01397 | B33: 12Z506315410AC5 | C33: 55311M58U00 | D33: =VLOOKUP($C33,Sheet1!$A$2:$B$10,2,0) -> 141185-74670 | E33: DISC,FRONT BRAKE | F33: 46003 | G33: 0.64583333 | H33: CA-07 | I33: AC5 | J33: 80 | K33: =VLOOKUP($C33,Sheet1!$A$2:$D$10,4,0) -> 40 | L33: =VLOOKUP($C33,Sheet1!$A$2:$E$10,5,0) -> Trolley | N33: =J33/K33 -> 2 | O33: HR47G9416 | P33: 910103227 - 40 Qty. / 910103038 -40 Qty.
A34: G/I/25-26/01397 | B34: 12Z506315453AC5 | C34: 55401M58U00 | D34: =VLOOKUP($C34,Sheet1!$A$2:$B$10,2,0) -> 141140-91211 | E34: CALIPER ASSY,REAR BRAKE,R | F34: 46003 | G34: 0.64583333 | H34: CA-21 | I34: AC5 | J34: 30 | K34: =VLOOKUP($C34,Sheet1!$A$2:$D$10,4,0) -> 2 | L34: =VLOOKUP($C34,Sheet1!$A$2:$E$10,5,0) -> Bin | M34: =J34/K34 -> 15 | O34: HR47G9416 | P34: 12504Q100229
A35: G/I/25-26/01397 | B35: 12Z506315496AC5 | C35: 55402M58U00 | D35: =VLOOKUP($C35,Sheet1!$A$2:$B$10,2,0) -> 141150-91211 | E35: CALIPER ASSY,REAR BRAKE,L | F35: 46003 | G35: 0.64583333 | H35: CA-21 | I35: AC5 | J35: 30 | K35: =VLOOKUP($C35,Sheet1!$A$2:$D$10,4,0) -> 2 | L35: =VLOOKUP($C35,Sheet1!$A$2:$E$10,5,0) -> Bin | M35: =J35/K35 -> 15 | O35: HR47G9416 | P35: 12504Q100229
A36: G/I/25-26/01397 | B36: 12Z506315534AC5 | C36: 55611M58U00 | D36: =VLOOKUP($C36,Sheet1!$A$2:$B$10,2,0) -> 141186-74360 | E36: DISC,REAR BRAKE | F36: 46003 | G36: 0.64583333 | H36: CA-21 | I36: AC5 | J36: 40 | K36: =VLOOKUP($C36,Sheet1!$A$2:$D$10,4,0) -> 40 | L36: =VLOOKUP($C36,Sheet1!$A$2:$E$10,5,0) -> Trolley | N36: =J36/K36 -> 1 | O36: HR47G9416 | P36: 910100866
A37: G/I/25-26/01398 | B37: 12Z506315577AC5 | C37: 56110M58UA1 | D37: =VLOOKUP($C37,Sheet1!$A$2:$B$10,2,0) -> 116040-92240 | E37: ACTUATOR ASSY,NO VARIANT ESP | F37: 46003 | G37: 0.64583333 | H37: CA-01 | I37: AC5 | J37: 30 | K37: =VLOOKUP($C37,Sheet1!$A$2:$D$10,4,0) -> 6 | L37: =VLOOKUP($C37,Sheet1!$A$2:$E$10,5,0) -> Bin | M37: =J37/K37 -> 5 | O37: HR47G9416 | P37: 12505Q100125
A38: G/I/25-26/01398 | B38: 12Z506315615AC5 | C38: 5A120M58U01 | D38: =VLOOKUP($C38,Sheet1!$A$2:$B$10,2,0) -> 114010-50820 | E38: CYLINDER ASSY,BK MASTER W/ECU | F38: 46003 | G38: 0.64583333 | H38: CA-01 | I38: AC5 | J38: 13 | K38: =VLOOKUP($C38,Sheet1!$A$2:$D$10,4,0) -> 1 | L38: =VLOOKUP($C38,Sheet1!$A$2:$E$10,5,0) -> Bin | M38: =J38/K38 -> 13 | O38: HR47G9416 | P38: 12504Q100271
A39: G/I/25-26/01398 | B39: 12Z506315658AC5 | C39: 5A120M58U50 | D39: =VLOOKUP($C39,Sheet1!$A$2:$B$10,2,0) -> 114010-50830 | E39: CYLINDER ASSY,BK MASTER W/ECU | F39: 46003 | G39: 0.64583333 | H39: CA-01 | I39: AC5 | J39: 16 | K39: =VLOOKUP($C39,Sheet1!$A$2:$D$10,4,0) -> 1 | L39: =VLOOKUP($C39,Sheet1!$A$2:$E$10,5,0) -> Bin | M39: =J39/K39 -> 16 | O39: HR47G9416 | P39: 12505Q100031
M40: 64 | N40: 5
A41: G/I/25-26/01399 | B41: 12Z506306810AC5 | C41: 55101M58U10 | D41: =VLOOKUP($C41,Sheet1!$A$2:$B$10,2,0) -> 141110-14600 | E41: CALIPER ASSY,FRONT BRAKE,R | F41: 46003 | G41: 0.77083333 | H41: CA-07 | I41: AC5 | J41: 54 | K41: =VLOOKUP($C41,Sheet1!$A$2:$D$10,4,0) -> 18 | L41: =VLOOKUP($C41,Sheet1!$A$2:$E$10,5,0) -> Trolley (H) | N41: 3 | O41: GJ23Y8525 | P41: AN0250009936 -18 Qty. / AN0250009939-36 Qty
A42: G/I/25-26/01399 | B42: 12Z506306853AC5 | C42: 55102M58U10 | D42: =VLOOKUP($C42,Sheet1!$A$2:$B$10,2,0) -> 141120-14600 | E42: CALIPER ASSY,FRONT BRAKE,L | F42: 46003 | G42: 0.77083333 | H42: CA-07 | I42: AC5 | J42: 54 | K42: =VLOOKUP($C42,Sheet1!$A$2:$D$10,4,0) -> 18 | L42: =VLOOKUP($C42,Sheet1!$A$2:$E$10,5,0) -> Trolley (H) | O42: GJ23Y8525 | P42: AN0250009736 -18 Qty. / AN0250009939-36 Qty
A43: G/I/25-26/01399 | B43: 12Z506315380AC5 | C43: 55311M58U00 | D43: =VLOOKUP($C43,Sheet1!$A$2:$B$10,2,0) -> 141185-74670 | E43: DISC,FRONT BRAKE | F43: 46003 | G43: 0.77083333 | H43: CA-07 | I43: AC5 | J43: 80 | K43: =VLOOKUP($C43,Sheet1!$A$2:$D$10,4,0) -> 40 | L43: =VLOOKUP($C43,Sheet1!$A$2:$E$10,5,0) -> Trolley | N43: =J43/K43 -> 2 | O43: GJ23Y8525 | P43: 910103227
A44: G/I/25-26/01399 | B44: 12Z506315429AC5 | C44: 55401M58U00 | D44: =VLOOKUP($C44,Sheet1!$A$2:$B$10,2,0) -> 141140-91211 | E44: CALIPER ASSY,REAR BRAKE,R | F44: 46003 | G44: 0.77083333 | H44: CA-21 | I44: AC5 | J44: 44 | K44: =VLOOKUP($C44,Sheet1!$A$2:$D$10,4,0) -> 2 | L44: =VLOOKUP($C44,Sheet1!$A$2:$E$10,5,0) -> Bin | M44: =J44/K44 -> 22 | O44: GJ23Y8525 | P44: 12504Q100229
A45: G/I/25-26/01399 | B45: 12Z506315461AC5 | C45: 55402M58U00 | D45: =VLOOKUP($C45,Sheet1!$A$2:$B$10,2,0) -> 141150-91211 | E45: CALIPER ASSY,REAR BRAKE,L | F45: 46003 | G45: 0.77083333 | H45: CA-21 | I45: AC5 | J45: 46 | K45: =VLOOKUP($C45,Sheet1!$A$2:$D$10,4,0) -> 2 | L45: =VLOOKUP($C45,Sheet1!$A$2:$E$10,5,0) -> Bin | M45: =J45/K45 -> 23 | O45: GJ23Y8525 | P45: 12504Q100229
A46: G/I/25-26/01399 | B46: 12Z506315500AC5 | C46: 55611M58U00 | D46: =VLOOKUP($C46,Sheet1!$A$2:$B$10,2,0) -> 141186-74360 | E46: DISC,REAR BRAKE | F46: 46003 | G46: 0.77083333 | H46: CA-21 | I46: AC5 | J46: 120 | K46: =VLOOKUP($C46,Sheet1!$A$2:$D$10,4,0) -> 40 | L46: =VLOOKUP($C46,Sheet1!$A$2:$E$10,5,0) -> Trolley | N46: =J46/K46 -> 3 | O46: GJ23Y8525 | P46: 910100866
A47: G/I/25-26/01400 | B47: 12Z506315542AC5 | C47: 56110M58UA1 | D47: =VLOOKUP($C47,Sheet1!$A$2:$B$10,2,0) -> 116040-92240 | E47: ACTUATOR ASSY,NO VARIANT ESP | F47: 46003 | G47: 0.77083333 | H47: CA-01 | I47: AC5 | J47: 42 | K47: =VLOOKUP($C47,Sheet1!$A$2:$D$10,4,0) -> 6 | L47: =VLOOKUP($C47,Sheet1!$A$2:$E$10,5,0) -> Bin | M47: =J47/K47 -> 7 | O47: GJ23Y8525 | P47: 12505Q100125
A48: G/I/25-26/01400 | B48: 12Z506315585AC5 | C48: 5A120M58U01 | D48: =VLOOKUP($C48,Sheet1!$A$2:$B$10,2,0) -> 114010-50820 | E48: CYLINDER ASSY,BK MASTER W/ECU | F48: 46003 | G48: 0.77083333 | H48: CA-01 | I48: AC5 | J48: 11 | K48: =VLOOKUP($C48,Sheet1!$A$2:$D$10,4,0) -> 1 | L48: =VLOOKUP($C48,Sheet1!$A$2:$E$10,5,0) -> Bin | M48: =J48/K48 -> 11 | O48: GJ23Y8525 | P48: 12504Q100271
A49: G/I/25-26/01400 | B49: 12Z506315623AC5 | C49: 5A120M58U50 | D49: =VLOOKUP($C49,Sheet1!$A$2:$B$10,2,0) -> 114010-50830 | E49: CYLINDER ASSY,BK MASTER W/ECU | F49: 46003 | G49: 0.77083333 | H49: CA-01 | I49: AC5 | J49: 35 | K49: =VLOOKUP($C49,Sheet1!$A$2:$D$10,4,0) -> 1 | L49: =VLOOKUP($C49,Sheet1!$A$2:$E$10,5,0) -> Bin | M49: =J49/K49 -> 35 | O49: GJ23Y8525 | P49: 12505Q100031
M50: 98 | N50: 8
B51: Download : X539_eNagare_20251211.txt

Sheet 13-12-2025
A1: Dailly SMG Pick List | J1: 24AACCN5739J1ZA
A2: Supply Month | B2: 46004 | L2: Vehicle No
A3: INVOICE NO | B3: KANBAN NO | C3: PART NUMBER | D3: Material Code | E3: PART NAME | F3: SUPPLY DATE | G3: SUPPLY TIME | H3: UNLOADING LOC | I3: Line | J3: Qty Req | K3: Packing Standerd | L3: Packed in | M3: TTL Bin | N3: TORLLY | O3: Vehicle No | P3: INV NO
A4: G/I/25-26/01401 | B4: 13Z507003200AC5 | C4: 55101M58U10 | D4: =VLOOKUP($C4,Sheet1!$A$2:$B$10,2,0) -> 141110-14600 | E4: CALIPER ASSY,FRONT BRAKE,R | F4: 46004 | G4: 0.27083333 | H4: CA-07 | I4: AC5 | J4: 36 | K4: =VLOOKUP($C4,Sheet1!$A$2:$D$10,4,0) -> 18 | L4: =VLOOKUP($C4,Sheet1!$A$2:$E$10,5,0) -> Trolley (H) | N4: 2 | O4: HR47E8635 | P4: AN0250009939
A5: G/I/25-26/01401 | B5: 13Z507003242AC5 | C5: 55102M58U10 | D5: =VLOOKUP($C5,Sheet1!$A$2:$B$10,2,0) -> 141120-14600 | E5: CALIPER ASSY,FRONT BRAKE,L | F5: 46004 | G5: 0.27083333 | H5: CA-07 | I5: AC5 | J5: 36 | K5: =VLOOKUP($C5,Sheet1!$A$2:$D$10,4,0) -> 18 | L5: =VLOOKUP($C5,Sheet1!$A$2:$E$10,5,0) -> Trolley (H) | O5: HR47E8635 | P5: AN0250009939
A6: G/I/25-26/01401 | B6: 13Z507003285AC5 | C6: 55311M58U00 | D6: =VLOOKUP($C6,Sheet1!$A$2:$B$10,2,0) -> 141185-74670 | E6: DISC,FRONT BRAKE | F6: 46004 | G6: 0.27083333 | H6: CA-07 | I6: AC5 | J6: 80 | K6: =VLOOKUP($C6,Sheet1!$A$2:$D$10,4,0) -> 40 | L6: =VLOOKUP($C6,Sheet1!$A$2:$E$10,5,0) -> Trolley | N6: =J6/K6 -> 2 | O6: HR47E8635 | P6: 910103227
A7: G/I/25-26/01401 | B7: 13Z507003323AC5 | C7: 55401M58U00 | D7: =VLOOKUP($C7,Sheet1!$A$2:$B$10,2,0) -> 141140-91211 | E7: CALIPER ASSY,REAR BRAKE,R | F7: 46004 | G7: 0.27083333 | H7: CA-21 | I7: AC5 | J7: 40 | K7: =VLOOKUP($C7,Sheet1!$A$2:$D$10,4,0) -> 2 | L7: =VLOOKUP($C7,Sheet1!$A$2:$E$10,5,0) -> Bin | M7: =J7/K7 -> 20 | O7: HR47E8635 | P7: 12504Q100229
A8: G/I/25-26/01401 | B8: 13Z507155000AC5 | C8: 55401M58U00 | D8: =VLOOKUP($C8,Sheet1!$A$2:$B$10,2,0) -> 141140-91211 | E8: CALIPER ASSY,REAR BRAKE,R | F8: 46004 | G8: 0.27083333 | H8: CA-21 | I8: AC5 | J8: 2 | K8: =VLOOKUP($C8,Sheet1!$A$2:$D$10,4,0) -> 2 | L8: =VLOOKUP($C8,Sheet1!$A$2:$E$10,5,0) -> Bin | M8: =J8/K8 -> 1 | O8: HR47E8635 | P8: 12504Q100229
A9: G/I/25-26/01401 | B9: 13Z507003366AC5 | C9: 55402M58U00 | D9: =VLOOKUP($C9,Sheet1!$A$2:$B$10,2,0) -> 141150-91211 | E9: CALIPER ASSY,REAR BRAKE,L | F9: 46004 | G9: 0.27083333 | H9: CA-21 | I9: AC5 | J9: 40 | K9: =VLOOKUP($C9,Sheet1!$A$2:$D$10,4,0) -> 2 | L9: =VLOOKUP($C9,Sheet1!$A$2:$E$10,5,0) -> Bin | M9: =J9/K9 -> 20 | O9: HR47E8635 | P9: 12504Q100229
A10: G/I/25-26/01401 | B10: 13Z507162294AC5 | C10: 55402M58U00 | D10: =VLOOKUP($C10,Sheet1!$A$2:$B$10,2,0) -> 141150-91211 | E10: CALIPER ASSY,REAR BRAKE,L | F10: 46004 | G10: 0.27083333 | H10: CA-21 | I10: AC5 | J10: 2 | K10: =VLOOKUP($C10,Sheet1!$A$2:$D$10,4,0) -> 2 | L10: =VLOOKUP($C10,Sheet1!$A$2:$E$10,5,0) -> Bin | M10: =J10/K10 -> 1 | O10: HR47E8635 | P10: 12504Q100229
A11: G/I/25-26/01401 | B11: 13Z507003404AC5 | C11: 55611M58U00 | D11: =VLOOKUP($C11,Sheet1!$A$2:$B$10,2,0) -> 141186-74360 | E11: DISC,REAR BRAKE | F11: 46004 | G11: 0.27083333 | H11: CA-21 | I11: AC5 | J11: 80 | K11: =VLOOKUP($C11,Sheet1!$A$2:$D$10,4,0) -> 40 | L11: =VLOOKUP($C11,Sheet1!$A$2:$E$10,5,0) -> Trolley | N11: =J11/K11 -> 2 | O11: HR47E8635 | P11: 910100866
A12: G/I/25-26/01402 | B12: 13Z507003447AC5 | C12: 56110M58UA1 | D12: =VLOOKUP($C12,Sheet1!$A$2:$B$10,2,0) -> 116040-92240 | E12: ACTUATOR ASSY,NO VARIANT ESP | F12: 46004 | G12: 0.27083333 | H12: CA-01 | I12: AC5 | J12: 36 | K12: =VLOOKUP($C12,Sheet1!$A$2:$D$10,4,0) -> 6 | L12: =VLOOKUP($C12,Sheet1!$A$2:$E$10,5,0) -> Bin | M12: =J12/K12 -> 6 | O12: HR47E8635 | P12: 12505Q100125
A13: G/I/25-26/01402 | B13: 13Z507003480AC5 | C13: 5A120M58U01 | D13: =VLOOKUP($C13,Sheet1!$A$2:$B$10,2,0) -> 114010-50820 | E13: CYLINDER ASSY,BK MASTER W/ECU | F13: 46004 | G13: 0.27083333 | H13: CA-01 | I13: AC5 | J13: 13 | K13: =VLOOKUP($C13,Sheet1!$A$2:$D$10,4,0) -> 1 | L13: =VLOOKUP($C13,Sheet1!$A$2:$E$10,5,0) -> Bin | M13: =J13/K13 -> 13 | O13: HR47E8635 | P13: 12504Q100271
A14: G/I/25-26/01402 | B14: 13Z507003528AC5 | C14: 5A120M58U50 | D14: =VLOOKUP($C14,Sheet1!$A$2:$B$10,2,0) -> 114010-50830 | E14: CYLINDER ASSY,BK MASTER W/ECU | F14: 46004 | G14: 0.27083333 | H14: CA-01 | I14: AC5 | J14: 27 | K14: =VLOOKUP($C14,Sheet1!$A$2:$D$10,4,0) -> 1 | L14: =VLOOKUP($C14,Sheet1!$A$2:$E$10,5,0) -> Bin | M14: =J14/K14 -> 27 | O14: HR47E8635 | P14: 12505Q100031-24 Qty. / 12505Q100114 -3 Qty.
A15: G/I/25-26/01402 | B15: 13Z507153597AC5 | C15: 5A120M58U50 | D15: =VLOOKUP($C15,Sheet1!$A$2:$B$10,2,0) -> 114010-50830 | E15: CYLINDER ASSY,BK MASTER W/ECU | F15: 46004 | G15: 0.27083333 | H15: CA-01 | I15: AC5 | J15: 2 | K15: =VLOOKUP($C15,Sheet1!$A$2:$D$10,4,0) -> 1 | L15: =VLOOKUP($C15,Sheet1!$A$2:$E$10,5,0) -> Bin | M15: =J15/K15 -> 2 | O15: HR47E8635 | P15: 12505Q100114
M16: 90 | N16: 6
A17: G/I/25-26/01403 | B17: 13Z507003218AC5 | C17: 55101M58U10 | D17: =VLOOKUP($C17,Sheet1!$A$2:$B$10,2,0) -> 141110-14600 | E17: CALIPER ASSY,FRONT BRAKE,R | F17: 46004 | G17: 0.5625 | H17: CA-07 | I17: AC5 | J17: 36 | K17: =VLOOKUP($C17,Sheet1!$A$2:$D$10,4,0) -> 18 | L17: =VLOOKUP($C17,Sheet1!$A$2:$E$10,5,0) -> Trolley (H) | N17: 2 | O17: GJ01KT7585 | P17: AN0250009939
A18: G/I/25-26/01403 | B18: 13Z507003250AC5 | C18: 55102M58U10 | D18: =VLOOKUP($C18,Sheet1!$A$2:$B$10,2,0) -> 141120-14600 | E18: CALIPER ASSY,FRONT BRAKE,L | F18: 46004 | G18: 0.5625 | H18: CA-07 | I18: AC5 | J18: 36 | K18: =VLOOKUP($C18,Sheet1!$A$2:$D$10,4,0) -> 18 | L18: =VLOOKUP($C18,Sheet1!$A$2:$E$10,5,0) -> Trolley (H) | O18: GJ01KT7585 | P18: AN0250009939
A19: G/I/25-26/01403 | B19: 13Z507003293AC5 | C19: 55311M58U00 | D19: =VLOOKUP($C19,Sheet1!$A$2:$B$10,2,0) -> 141185-74670 | E19: DISC,FRONT BRAKE | F19: 46004 | G19: 0.5625 | H19: CA-07 | I19: AC5 | J19: 80 | K19: =VLOOKUP($C19,Sheet1!$A$2:$D$10,4,0) -> 40 | L19: =VLOOKUP($C19,Sheet1!$A$2:$E$10,5,0) -> Trolley | N19: =J19/K19 -> 2 | O19: GJ01KT7585 | P19: 910103227
A20: G/I/25-26/01403 | B20: 13Z507003331AC5 | C20: 55401M58U00 | D20: =VLOOKUP($C20,Sheet1!$A$2:$B$10,2,0) -> 141140-91211 | E20: CALIPER ASSY,REAR BRAKE,R | F20: 46004 | G20: 0.5625 | H20: CA-21 | I20: AC5 | J20: 36 | K20: =VLOOKUP($C20,Sheet1!$A$2:$D$10,4,0) -> 2 | L20: =VLOOKUP($C20,Sheet1!$A$2:$E$10,5,0) -> Bin | M20: =J20/K20 -> 18 | O20: GJ01KT7585 | P20: 12504Q100229
A21: G/I/25-26/01403 | B21: 13Z507003374AC5 | C21: 55402M58U00 | D21: =VLOOKUP($C21,Sheet1!$A$2:$B$10,2,0) -> 141150-91211 | E21: CALIPER ASSY,REAR BRAKE,L | F21: 46004 | G21: 0.5625 | H21: CA-21 | I21: AC5 | J21: 36 | K21: =VLOOKUP($C21,Sheet1!$A$2:$D$10,4,0) -> 2 | L21: =VLOOKUP($C21,Sheet1!$A$2:$E$10,5,0) -> Bin | M21: =J21/K21 -> 18 | O21: GJ01KT7585 | P21: 12504Q100229
A22: G/I/25-26/01403 | B22: 13Z507003412AC5 | C22: 55611M58U00 | D22: =VLOOKUP($C22,Sheet1!$A$2:$B$10,2,0) -> 141186-74360 | E22: DISC,REAR BRAKE | F22: 46004 | G22: 0.5625 | H22: CA-21 | I22: AC5 | J22: 40 | K22: =VLOOKUP($C22,Sheet1!$A$2:$D$10,4,0) -> 40 | L22: =VLOOKUP($C22,Sheet1!$A$2:$E$10,5,0) -> Trolley | N22: =J22/K22 -> 1 | O22: GJ01KT7585 | P22: 910103227
A23: G/I/25-26/01404 | B23: 13Z507003455AC5 | C23: 56110M58UA1 | D23: =VLOOKUP($C23,Sheet1!$A$2:$B$10,2,0) -> 116040-92240 | E23: ACTUATOR ASSY,NO VARIANT ESP | F23: 46004 | G23: 0.5625 | H23: CA-01 | I23: AC5 | J23: 36 | K23: =VLOOKUP($C23,Sheet1!$A$2:$D$10,4,0) -> 6 | L23: =VLOOKUP($C23,Sheet1!$A$2:$E$10,5,0) -> Bin | M23: =J23/K23 -> 6 | O23: GJ01KT7585 | P23: 12505Q100125
A24: G/I/25-26/01404 | B24: 13Z507003498AC5 | C24: 5A120M58U01 | D24: =VLOOKUP($C24,Sheet1!$A$2:$B$10,2,0) -> 114010-50820 | E24: CYLINDER ASSY,BK MASTER W/ECU | F24: 46004 | G24: 0.5625 | H24: CA-01 | I24: AC5 | J24: 17 | K24: =VLOOKUP($C24,Sheet1!$A$2:$D$10,4,0) -> 1 | L24: =VLOOKUP($C24,Sheet1!$A$2:$E$10,5,0) -> Bin | M24: =J24/K24 -> 17 | O24: GJ01KT7585 | P24: 12504Q100271
A25: G/I/25-26/01404 | B25: 13Z507003536AC5 | C25: 5A120M58U50 | D25: =VLOOKUP($C25,Sheet1!$A$2:$B$10,2,0) -> 114010-50830 | E25: CYLINDER ASSY,BK MASTER W/ECU | F25: 46004 | G25: 0.5625 | H25: CA-01 | I25: AC5 | J25: 19 | K25: =VLOOKUP($C25,Sheet1!$A$2:$D$10,4,0) -> 1 | L25: =VLOOKUP($C25,Sheet1!$A$2:$E$10,5,0) -> Bin | M25: =J25/K25 -> 19 | O25: GJ01KT7585 | P25: 12505Q100031-24 Qty. / 12505Q100114 -3 Qty.
A26: G/I/25-26/01410 | B26: MR446641126AD2 | C26: 55101M58U10 | D26: =VLOOKUP($C26,Sheet1!$A$2:$B$10,2,0) -> 141110-14600 | E26: SMG DI | F26: 46004 | H26: DA-01 | J26: 17 | K26: =VLOOKUP($C26,Sheet1!$A$2:$D$10,4,0) -> 18 | L26: =VLOOKUP($C26,Sheet1!$A$2:$E$10,5,0) -> Trolley (H) | N26: 1 | O26: GJ01KT7585 | P26: - | Q26: SMG DI
A27: G/I/25-26/01410 | B27: MR446641136AD2 | C27: 55102M58U10 | D27: =VLOOKUP($C27,Sheet1!$A$2:$B$10,2,0) -> 141120-14600 | E27: SMG DI | F27: 46004 | H27: DA-01 | J27: 17 | K27: =VLOOKUP($C27,Sheet1!$A$2:$D$10,4,0) -> 18 | L27: =VLOOKUP($C27,Sheet1!$A$2:$E$10,5,0) -> Trolley (H) | O27: GJ01KT7585 | P27: - | Q27: SMG DI
A28: G/I/25-26/01410 | B28: MR446645363AD2 | C28: 55311M58U00 | D28: =VLOOKUP($C28,Sheet1!$A$2:$B$10,2,0) -> 141185-74670 | E28: SMG DI | F28: 46004 | H28: DA-01 | J28: 34 | K28: =VLOOKUP($C28,Sheet1!$A$2:$D$10,4,0) -> 40 | L28: =VLOOKUP($C28,Sheet1!$A$2:$E$10,5,0) -> Trolley | N28: 1 | O28: GJ01KT7585 | P28: 910103842 | Q28: SMG DI
A29: G/I/25-26/01410 | B29: MR446641146AD2 | C29: 55401M58U00 | D29: =VLOOKUP($C29,Sheet1!$A$2:$B$10,2,0) -> 141140-91211 | E29: SMG DI | F29: 46004 | H29: DA-01 | J29: 17 | K29: =VLOOKUP($C29,Sheet1!$A$2:$D$10,4,0) -> 2 | L29: =VLOOKUP($C29,Sheet1!$A$2:$E$10,5,0) -> Bin | M29: 9 | O29: GJ01KT7585 | P29: 12504Q100229 | Q29: SMG DI
A30: G/I/25-26/01410 | B30: MR446641156AD2 | C30: 55402M58U00 | D30: =VLOOKUP($C30,Sheet1!$A$2:$B$10,2,0) -> 141150-91211 | E30: SMG DI | F30: 46004 | H30: DA-01 | J30: 17 | K30: =VLOOKUP($C30,Sheet1!$A$2:$D$10,4,0) -> 2 | L30: =VLOOKUP($C30,Sheet1!$A$2:$E$10,5,0) -> Bin | M30: 9 | O30: GJ01KT7585 | P30: 12504Q100229 | Q30: SMG DI
A31: G/I/25-26/01410 | B31: MR446645373AD2 | C31: 55611M58U00 | D31: =VLOOKUP($C31,Sheet1!$A$2:$B$10,2,0) -> 141186-74360 | E31: SMG DI | F31: 46004 | H31: DA-01 | J31: 34 | K31: =VLOOKUP($C31,Sheet1!$A$2:$D$10,4,0) -> 40 | L31: =VLOOKUP($C31,Sheet1!$A$2:$E$10,5,0) -> Trolley | N31: 1 | O31: GJ01KT7585 | P31: 910104268 | Q31: SMG DI
