Workbook

Sheet Sheet1
A1: PART NUMBER | B1: Mat Code | C1: PART NAME | D1: Packing Standard | E1: Packed In
A2: 55101M58U10 | B2: 141110-14600 | C2: CALIPER RR | D2: 18 | E2: Trolley (H)
A3: 55102M58U10 | B3: 141120-14600 | C3: CALIPER LH | D3: 18 | E3: Trolley (H)
A4: 55311M58U00 | B4: 141185-74670 | C4: DISC FR | D4: 40 | E4: Trolley
A5: 55401M58U00 | B5: 141140-91211 | C5: MOC RH | D5: 2 | E5: Bin
A6: 55402M58U00 | B6: 141150-91211 | C6: MOC LH | D6: 2 | E6: Bin
A7: 55611M58U00 | B7: 141186-74360 | C7: DISC RR | D7: 40 | E7: Trolley
A8: 56110M58UA1 | B8: 116040-92240 | C8: ESC | D8: 6 | E8: Bin
A9: 5A120M58U50 | B9: 114010-50830 | C9: AHB LH | D9: 1 | E9: Bin
A10: 5A120M58U01 | B10: 114010-50820 | C10: AHB RH | D10: 1 | E10: Bin

Sheet 05-01-2026
J1: 24AACCN5739J1ZA
A2: Supply Month | B2: 46027 | L2: Vehicle No
A3: INVOICE NO | B3: KANBAN NO | C3: PART NUMBER | D3: Material Code | E3: PART NAME | F3: SUPPLY DATE | G3: SUPPLY TIME | H3: UNLOADING LOC | I3: Line | J3: Qty Req | K3: Packing Standerd | L3: Packed in | M3: TTL Bin | N3: TORLLY | O3: Vehicle No | P3: INV NO
A4: G/I/25-26/01524 | B4: 05N616094239AC5 | C4: 55101M58U10 | D4: =VLOOKUP($C4,Sheet1!$A$2:$D$10,2,0) -> 141110-14600 | E4: CALIPER ASSY,FRONT BRAKE,R | F4: 46027 | G4: 0.27083333 | H4: CA-07 | I4: AC5 | J4: 36 | K4: =VLOOKUP($C4,Sheet1!$A$2:$D$10,4,0) -> 18 | L4: =VLOOKUP($C4,Sheet1!$A$2:$E$10,5,0) -> Trolley (H) | N4: 2 | O4: HR47E8635 | P4: AN0250010835
A5: G/I/25-26/01524 | B5: 05N616094271AC5 | C5: 55102M58U10 | D5: =VLOOKUP($C5,Sheet1!$A$2:$D$10,2,0) -> 141120-14600 | E5: CALIPER ASSY,FRONT BRAKE,L | F5: 46027 | G5: 0.27083333 | H5: CA-07 | I5: AC5 | J5: 36 | K5: =VLOOKUP($C5,Sheet1!$A$2:$D$10,4,0) -> 18 | L5: =VLOOKUP($C5,Sheet1!$A$2:$E$10,5,0) -> Trolley (H) | O5: HR47E8635 | P5: AN0250010835
A6: G/I/25-26/01524 | B6: 05N616241630AC5 | C6: 55101M58U10 | D6: =VLOOKUP($C6,Sheet1!$A$2:$D$10,2,0) -> 141110-14600 | E6: CALIPER ASSY,FRONT BRAKE,R | F6: 46027 | G6: 0.27083333 | H6: CA-07 | I6: AC5 | J6: 18 | K6: =VLOOKUP($C6,Sheet1!$A$2:$D$10,4,0) -> 18 | L6: =VLOOKUP($C6,Sheet1!$A$2:$E$10,5,0) -> Trolley (H) | N6: 1 | O6: HR47E8635 | P6: AN0250010835
A7: G/I/25-26/01524 | B7: 05N616240650AC5 | C7: 55102M58U10 | D7: =VLOOKUP($C7,Sheet1!$A$2:$D$10,2,0) -> 141120-14600 | E7: CALIPER ASSY,FRONT BRAKE,L | F7: 46027 | G7: 0.27083333 | H7: CA-07 | I7: AC5 | J7: 18 | K7: =VLOOKUP($C7,Sheet1!$A$2:$D$10,4,0) -> 18 | L7: =VLOOKUP($C7,Sheet1!$A$2:$E$10,5,0) -> Trolley (H) | O7: HR47E8635 | P7: AN0250010835
A8: G/I/25-26/01524 | B8: 05N616094298AC5 | C8: 55311M58U00 | D8: =VLOOKUP($C8,Sheet1!$A$2:$D$10,2,0) -> 141185-74670 | E8: DISC,FRONT BRAKE | F8: 46027 | G8: 0.27083333 | H8: CA-07 | I8: AC5 | J8: 80 | K8: =VLOOKUP($C8,Sheet1!$A$2:$D$10,4,0) -> 40 | L8: =VLOOKUP($C8,Sheet1!$A$2:$E$10,5,0) -> Trolley | N8: =J8/K8 -> 2 | O8: HR47E8635 | P8: 910104284
A9: G/I/25-26/01524 | B9: 05N616094336AC5 | C9: 55401M58U00 | D9: =VLOOKUP($C9,Sheet1!$A$2:$D$10,2,0) -> 141140-91211 | E9: CALIPER ASSY,REAR BRAKE,R | F9: 46027 | G9: 0.27083333 | H9: CA-21 | I9: AC5 | J9: 30 | K9: =VLOOKUP($C9,Sheet1!$A$2:$D$10,4,0) -> 2 | L9: =VLOOKUP($C9,Sheet1!$A$2:$E$10,5,0) -> Bin | M9: =J9/K9 -> 15 | O9: HR47E8635 | P9: 12505Q100043
A10: G/I/25-26/01524 | B10: 05N616212525AC5 | C10: 55401M58U00 | D10: =VLOOKUP($C10,Sheet1!$A$2:$D$10,2,0) -> 141140-91211 | E10: CALIPER ASSY,REAR BRAKE,R | F10: 46027 | G10: 0.27083333 | H10: CA-21 | I10: AC5 | J10: 14 | K10: =VLOOKUP($C10,Sheet1!$A$2:$D$10,4,0) -> 2 | L10: =VLOOKUP($C10,Sheet1!$A$2:$E$10,5,0) -> Bin | M10: =J10/K10 -> 7 | O10: HR47E8635 | P10: 12505Q100064
A11: G/I/25-26/01524 | B11: 05N616246195AC5 | C11: 55401M58U00 | D11: =VLOOKUP($C11,Sheet1!$A$2:$D$10,2,0) -> 141140-91211 | E11: CALIPER ASSY,REAR BRAKE,R | F11: 46027 | G11: 0.27083333 | H11: CA-21 | I11: AC5 | J11: 4 | K11: =VLOOKUP($C11,Sheet1!$A$2:$D$10,4,0) -> 2 | L11: =VLOOKUP($C11,Sheet1!$A$2:$E$10,5,0) -> Bin | M11: =J11/K11 -> 2 | O11: HR47E8635 | P11: 12505Q100043
A12: G/I/25-26/01524 | B12: 05N616094379AC5 | C12: 55402M58U00 | D12: =VLOOKUP($C12,Sheet1!$A$2:$D$10,2,0) -> 141150-91211 | E12: CALIPER ASSY,REAR BRAKE,L | F12: 46027 | G12: 0.27083333 | H12: CA-21 | I12: AC5 | J12: 30 | K12: =VLOOKUP($C12,Sheet1!$A$2:$D$10,4,0) -> 2 | L12: =VLOOKUP($C12,Sheet1!$A$2:$E$10,5,0) -> Bin | M12: =J12/K12 -> 15 | O12: HR47E8635 | P12: 12505Q100043
A13: G/I/25-26/01524 | B13: 05N616212274AC5 | C13: 55402M58U00 | D13: =VLOOKUP($C13,Sheet1!$A$2:$D$10,2,0) -> 141150-91211 | E13: CALIPER ASSY,REAR BRAKE,L | F13: 46027 | G13: 0.27083333 | H13: CA-21 | I13: AC5 | J13: 14 | K13: =VLOOKUP($C13,Sheet1!$A$2:$D$10,4,0) -> 2 | L13: =VLOOKUP($C13,Sheet1!$A$2:$E$10,5,0) -> Bin | M13: =J13/K13 -> 7 | O13: HR47E8635 | P13: 12505Q100043
A14: G/I/25-26/01524 | B14: 05N616242297AC5 | C14: 55402M58U00 | D14: =VLOOKUP($C14,Sheet1!$A$2:$D$10,2,0) -> 141150-91211 | E14: CALIPER ASSY,REAR BRAKE,L | F14: 46027 | G14: 0.27083333 | H14: CA-21 | I14: AC5 | J14: 4 | K14: =VLOOKUP($C14,Sheet1!$A$2:$D$10,4,0) -> 2 | L14: =VLOOKUP($C14,Sheet1!$A$2:$E$10,5,0) -> Bin | M14: =J14/K14 -> 2 | O14: HR47E8635 | P14: 12505Q100043
A15: G/I/25-26/01524 | B15: 05N616094417AC5 | C15: 55611M58U00 | D15: =VLOOKUP($C15,Sheet1!$A$2:$D$10,2,0) -> 141186-74360 | E15: DISC,REAR BRAKE | F15: 46027 | G15: 0.27083333 | H15: CA-21 | I15: AC5 | J15: 80 | K15: =VLOOKUP($C15,Sheet1!$A$2:$D$10,4,0) -> 40 | L15: =VLOOKUP($C15,Sheet1!$A$2:$E$10,5,0) -> Trolley | N15: =J15/K15 -> 2 | O15: HR47E8635 | P15: 910104269
A16: G/I/25-26/01524 | B16: 05N616218345AC5 | C16: 55611M58U00 | D16: =VLOOKUP($C16,Sheet1!$A$2:$D$10,2,0) -> 141186-74360 | E16: DISC,REAR BRAKE | F16: 46027 | G16: 0.27083333 | H16: CA-21 | I16: AC5 | J16: 40 | K16: =VLOOKUP($C16,Sheet1!$A$2:$D$10,4,0) -> 40 | L16: =VLOOKUP($C16,Sheet1!$A$2:$E$10,5,0) -> Trolley | N16: =J16/K16 -> 1 | O16: HR47E8635 | P16: 910104269
A17: G/I/25-26/01525 | B17: 05N616094441AC5 | C17: 56110M58UA1 | D17: =VLOOKUP($C17,Sheet1!$A$2:$D$10,2,0) -> 116040-92240 | E17: ACTUATOR ASSY,NO VARIANT ESP | F17: 46027 | G17: 0.27083333 | H17: CA-01 | I17: AC5 | J17: 30 | K17: =VLOOKUP($C17,Sheet1!$A$2:$D$10,4,0) -> 6 | L17: =VLOOKUP($C17,Sheet1!$A$2:$E$10,5,0) -> Bin | M17: =J17/K17 -> 5 | O17: HR47E8635 | P17: 12505Q100152
A18: G/I/25-26/01525 | B18: 05N616220617AC5 | C18: 56110M58UA1 | D18: =VLOOKUP($C18,Sheet1!$A$2:$D$10,2,0) -> 116040-92240 | E18: ACTUATOR ASSY,NO VARIANT ESP | F18: 46027 | G18: 0.27083333 | H18: CA-01 | I18: AC5 | J18: 12 | K18: =VLOOKUP($C18,Sheet1!$A$2:$D$10,4,0) -> 6 | L18: =VLOOKUP($C18,Sheet1!$A$2:$E$10,5,0) -> Bin | M18: =J18/K18 -> 2 | O18: HR47E8635 | P18: 12505Q100152
A19: G/I/25-26/01525 | B19: 05N616241720AC5 | C19: 56110M58UA1 | D19: =VLOOKUP($C19,Sheet1!$A$2:$D$10,2,0) -> 116040-92240 | E19: ACTUATOR ASSY,NO VARIANT ESP | F19: 46027 | G19: 0.27083333 | H19: CA-01 | I19: AC5 | J19: 6 | K19: =VLOOKUP($C19,Sheet1!$A$2:$D$10,4,0) -> 6 | L19: =VLOOKUP($C19,Sheet1!$A$2:$E$10,5,0) -> Bin | M19: =J19/K19 -> 1 | O19: HR47E8635 | P19: 12505Q100152
A20: G/I/25-26/01525 | B20: 05N616094484AC5 | C20: 5A120M58U01 | D20: =VLOOKUP($C20,Sheet1!$A$2:$D$10,2,0) -> 114010-50820 | E20: CYLINDER ASSY,BK MASTER W/ECU | F20: 46027 | G20: 0.27083333 | H20: CA-01 | I20: AC5 | J20: 12 | K20: =VLOOKUP($C20,Sheet1!$A$2:$D$10,4,0) -> 1 | L20: =VLOOKUP($C20,Sheet1!$A$2:$E$10,5,0) -> Bin | M20: =J20/K20 -> 12 | O20: HR47E8635 | P20: 12505Q100051
A21: G/I/25-26/01525 | B21: 05N616215184AC5 | C21: 5A120M58U01 | D21: =VLOOKUP($C21,Sheet1!$A$2:$D$10,2,0) -> 114010-50820 | E21: CYLINDER ASSY,BK MASTER W/ECU | F21: 46027 | G21: 0.27083333 | H21: CA-01 | I21: AC5 | J21: 10 | K21: =VLOOKUP($C21,Sheet1!$A$2:$D$10,4,0) -> 1 | L21: =VLOOKUP($C21,Sheet1!$A$2:$E$10,5,0) -> Bin | M21: =J21/K21 -> 10 | O21: HR47E8635 | P21: 12505Q100051
A22: G/I/25-26/01525 | B22: 05N616247094AC5 | C22: 5A120M58U01 | D22: =VLOOKUP($C22,Sheet1!$A$2:$D$10,2,0) -> 114010-50820 | E22: CYLINDER ASSY,BK MASTER W/ECU | F22: 46027 | G22: 0.27083333 | H22: CA-01 | I22: AC5 | J22: 1 | K22: =VLOOKUP($C22,Sheet1!$A$2:$D$10,4,0) -> 1 | L22: =VLOOKUP($C22,Sheet1!$A$2:$E$10,5,0) -> Bin | M22: =J22/K22 -> 1 | O22: HR47E8635 | P22: 12505Q100051
A23: G/I/25-26/01525 | B23: 05N616094530AC5 | C23: 5A120M58U50 | D23: =VLOOKUP($C23,Sheet1!$A$2:$D$10,2,0) -> 114010-50830 | E23: CYLINDER ASSY,BK MASTER W/ECU | F23: 46027 | G23: 0.27083333 | H23: CA-01 | I23: AC5 | J23: 19 | K23: =VLOOKUP($C23,Sheet1!$A$2:$D$10,4,0) -> 1 | L23: =VLOOKUP($C23,Sheet1!$A$2:$E$10,5,0) -> Bin | M23: =J23/K23 -> 19 | O23: HR47E8635 | P23: 12505Q100043
A24: G/I/25-26/01525 | B24: 05N616229231AC5 | C24: 5A120M58U50 | D24: =VLOOKUP($C24,Sheet1!$A$2:$D$10,2,0) -> 114010-50830 | E24: CYLINDER ASSY,BK MASTER W/ECU | F24: 46027 | G24: 0.27083333 | H24: CA-01 | I24: AC5 | J24: 4 | K24: =VLOOKUP($C24,Sheet1!$A$2:$D$10,4,0) -> 1 | L24: =VLOOKUP($C24,Sheet1!$A$2:$E$10,5,0) -> Bin | M24: =J24/K24 -> 4 | O24: HR47E8635 | P24: 12505Q100043
A25: G/I/25-26/01525 | B25: 05N616246390AC5 | C25: 5A120M58U50 | D25: =VLOOKUP($C25,Sheet1!$A$2:$D$10,2,0) -> 114010-50830 | E25: CYLINDER ASSY,BK MASTER W/ECU | F25: 46027 | G25: 0.27083333 | H25: CA-01 | I25: AC5 | J25: 3 | K25: =VLOOKUP($C25,Sheet1!$A$2:$D$10,4,0) -> 1 | L25: =VLOOKUP($C25,Sheet1!$A$2:$E$10,5,0) -> Bin | M25: =J25/K25 -> 3 | O25: HR47E8635 | P25: 12505Q100043
M26: 105 | N26: 8
A27: G/I/25-26/01526 | B27: 05N616094220AC5 | C27: 55101M58U10 | D27: =VLOOKUP($C27,Sheet1!$A$2:$D$10,2,0) -> 141110-14600 | E27: CALIPER ASSY,FRONT BRAKE,R | F27: 46027 | G27: 0.47916667 | H27: CA-07 | I27: AC5 | J27: 18 | K27: =VLOOKUP($C27,Sheet1!$A$2:$D$10,4,0) -> 18 | L27: =VLOOKUP($C27,Sheet1!$A$2:$E$10,5,0) -> Trolley (H) | N27: 1 | O27: HR47G9416 | P27: AN0250010835
A28: G/I/25-26/01526 | B28: 05N616094263AC5 | C28: 55102M58U10 | D28: =VLOOKUP($C28,Sheet1!$A$2:$D$10,2,0) -> 141120-14600 | E28: CALIPER ASSY,FRONT BRAKE,L | F28: 46027 | G28: 0.47916667 | H28: CA-07 | I28: AC5 | J28: 18 | K28: =VLOOKUP($C28,Sheet1!$A$2:$D$10,4,0) -> 18 | L28: =VLOOKUP($C28,Sheet1!$A$2:$E$10,5,0) -> Trolley (H) | O28: HR47G9416 | P28: AN0250010835
A29: G/I/25-26/01526 | B29: 05N616094301AC5 | C29: 55311M58U00 | D29: =VLOOKUP($C29,Sheet1!$A$2:$D$10,2,0) -> 141185-74670 | E29: DISC,FRONT BRAKE | F29: 46027 | G29: 0.47916667 | H29: CA-07 | I29: AC5 | J29: 40 | K29: =VLOOKUP($C29,Sheet1!$A$2:$D$10,4,0) -> 40 | L29: =VLOOKUP($C29,Sheet1!$A$2:$E$10,5,0) -> Trolley | N29: =J29/K29 -> 1 | O29: HR47G9416 | P29: 910104284
A30: G/I/25-26/01526 | B30: 05N616094344AC5 | C30: 55401M58U00 | D30: =VLOOKUP($C30,Sheet1!$A$2:$D$10,2,0) -> 141140-91211 | E30: CALIPER ASSY,REAR BRAKE,R | F30: 46027 | G30: 0.47916667 | H30: CA-21 | I30: AC5 | J30: 26 | K30: =VLOOKUP($C30,Sheet1!$A$2:$D$10,4,0) -> 2 | L30: =VLOOKUP($C30,Sheet1!$A$2:$E$10,5,0) -> Bin | M30: =J30/K30 -> 13 | O30: HR47G9416 | P30: 12505Q100043
A31: G/I/25-26/01526 | B31: 05N616094387AC5 | C31: 55402M58U00 | D31: =VLOOKUP($C31,Sheet1!$A$2:$D$10,2,0) -> 141150-91211 | E31: CALIPER ASSY,REAR BRAKE,L | F31: 46027 | G31: 0.47916667 | H31: CA-21 | I31: AC5 | J31: 24 | K31: =VLOOKUP($C31,Sheet1!$A$2:$D$10,4,0) -> 2 | L31: =VLOOKUP($C31,Sheet1!$A$2:$E$10,5,0) -> Bin | M31: =J31/K31 -> 12 | O31: HR47G9416 | P31: 12505Q100043
A32: G/I/25-26/01526 | B32: 05N616094425AC5 | C32: 55611M58U00 | D32: =VLOOKUP($C32,Sheet1!$A$2:$D$10,2,0) -> 141186-74360 | E32: DISC,REAR BRAKE | F32: 46027 | G32: 0.47916667 | H32: CA-21 | I32: AC5 | J32: 40 | K32: =VLOOKUP($C32,Sheet1!$A$2:$D$10,4,0) -> 40 | L32: =VLOOKUP($C32,Sheet1!$A$2:$E$10,5,0) -> Trolley | N32: =J32/K32 -> 1 | O32: HR47G9416 | P32: 910104269
A33: G/I/25-26/01527 | B33: 05N616094450AC5 | C33: 56110M58UA1 | D33: =VLOOKUP($C33,Sheet1!$A$2:$D$10,2,0) -> 116040-92240 | E33: ACTUATOR ASSY,NO VARIANT ESP | F33: 46027 | G33: 0.47916667 | H33: CA-01 | I33: AC5 | J33: 24 | K33: =VLOOKUP($C33,Sheet1!$A$2:$D$10,4,0) -> 6 | L33: =VLOOKUP($C33,Sheet1!$A$2:$E$10,5,0) -> Bin | M33: =J33/K33 -> 4 | O33: HR47G9416 | P33: 12505Q100152
A34: G/I/25-26/01527 | B34: 05N616094492AC5 | C34: 5A120M58U01 | D34: =VLOOKUP($C34,Sheet1!$A$2:$D$10,2,0) -> 114010-50820 | E34: CYLINDER ASSY,BK MASTER W/ECU | F34: 46027 | G34: 0.47916667 | H34: CA-01 | I34: AC5 | J34: 6 | K34: =VLOOKUP($C34,Sheet1!$A$2:$D$10,4,0) -> 1 | L34: =VLOOKUP($C34,Sheet1!$A$2:$E$10,5,0) -> Bin | M34: =J34/K34 -> 6 | O34: HR47G9416 | P34: 12505Q100051
A35: G/I/25-26/01527 | B35: 05N616094522AC5 | C35: 5A120M58U50 | D35: =VLOOKUP($C35,Sheet1!$A$2:$D$10,2,0) -> 114010-50830 | E35: CYLINDER ASSY,BK MASTER W/ECU | F35: 46027 | G35: 0.47916667 | H35: CA-01 | I35: AC5 | J35: 18 | K35: =VLOOKUP($C35,Sheet1!$A$2:$D$10,4,0) -> 1 | L35: =VLOOKUP($C35,Sheet1!$A$2:$E$10,5,0) -> Bin | M35: =J35/K35 -> 18 | O35: HR47G9416 | P35: 12505Q100043
M36: 53 | N36: 3
A37: G/I/25-26/01528 | B37: 05N616094247AC5 | C37: 55101M58U10 | D37: =VLOOKUP($C37,Sheet1!$A$2:$D$10,2,0) -> 141110-14600 | E37: CALIPER ASSY,FRONT BRAKE,R | F37: 46027 | G37: 0.60416667 | H37: CA-07 | I37: AC5 | J37: 18 | K37: =VLOOKUP($C37,Sheet1!$A$2:$D$10,4,0) -> 18 | L37: =VLOOKUP($C37,Sheet1!$A$2:$E$10,5,0) -> Trolley (H) | N37: 1 | O37: HR47H5465 | P37: AN0250010835
A38: G/I/25-26/01528 | B38: 05N616094280AC5 | C38: 55102M58U10 | D38: =VLOOKUP($C38,Sheet1!$A$2:$D$10,2,0) -> 141120-14600 | E38: CALIPER ASSY,FRONT BRAKE,L | F38: 46027 | G38: 0.60416667 | H38: CA-07 | I38: AC5 | J38: 18 | K38: =VLOOKUP($C38,Sheet1!$A$2:$D$10,4,0) -> 18 | L38: =VLOOKUP($C38,Sheet1!$A$2:$E$10,5,0) -> Trolley (H) | O38: HR47H5465 | P38: AN0250010835
A39: G/I/25-26/01528 | B39: 05N616094310AC5 | C39: 55311M58U00 | D39: =VLOOKUP($C39,Sheet1!$A$2:$D$10,2,0) -> 141185-74670 | E39: DISC,FRONT BRAKE | F39: 46027 | G39: 0.60416667 | H39: CA-07 | I39: AC5 | J39: 40 | K39: =VLOOKUP($C39,Sheet1!$A$2:$D$10,4,0) -> 40 | L39: =VLOOKUP($C39,Sheet1!$A$2:$E$10,5,0) -> Trolley | N39: =J39/K39 -> 1 | O39: HR47H5465 | P39: 910104284
A40: G/I/25-26/01528 | B40: 05N616094352AC5 | C40: 55401M58U00 | D40: =VLOOKUP($C40,Sheet1!$A$2:$D$10,2,0) -> 141140-91211 | E40: CALIPER ASSY,REAR BRAKE,R | F40: 46027 | G40: 0.60416667 | H40: CA-21 | I40: AC5 | J40: 20 | K40: =VLOOKUP($C40,Sheet1!$A$2:$D$10,4,0) -> 2 | L40: =VLOOKUP($C40,Sheet1!$A$2:$E$10,5,0) -> Bin | M40: =J40/K40 -> 10 | O40: HR47H5465 | P40: 12505Q100043
A41: G/I/25-26/01528 | B41: 05N616094395AC5 | C41: 55402M58U00 | D41: =VLOOKUP($C41,Sheet1!$A$2:$D$10,2,0) -> 141150-91211 | E41: CALIPER ASSY,REAR BRAKE,L | F41: 46027 | G41: 0.60416667 | H41: CA-21 | I41: AC5 | J41: 20 | K41: =VLOOKUP($C41,Sheet1!$A$2:$D$10,4,0) -> 2 | L41: =VLOOKUP($C41,Sheet1!$A$2:$E$10,5,0) -> Bin | M41: =J41/K41 -> 10 | O41: HR47H5465 | P41: 12505Q100043
A42: G/I/25-26/01529 | B42: 05N616094468AC5 | C42: 56110M58UA1 | D42: =VLOOKUP($C42,Sheet1!$A$2:$D$10,2,0) -> 116040-92240 | E42: ACTUATOR ASSY,NO VARIANT ESP | F42: 46027 | G42: 0.60416667 | H42: CA-01 | I42: AC5 | J42: 18 | K42: =VLOOKUP($C42,Sheet1!$A$2:$D$10,4,0) -> 6 | L42: =VLOOKUP($C42,Sheet1!$A$2:$E$10,5,0) -> Bin | M42: =J42/K42 -> 3 | O42: HR47H5465 | P42: 12505Q100152
A43: G/I/25-26/01529 | B43: 05N616094506AC5 | C43: 5A120M58U01 | D43: =VLOOKUP($C43,Sheet1!$A$2:$D$10,2,0) -> 114010-50820 | E43: CYLINDER ASSY,BK MASTER W/ECU | F43: 46027 | G43: 0.60416667 | H43: CA-01 | I43: AC5 | J43: 5 | K43: =VLOOKUP($C43,Sheet1!$A$2:$D$10,4,0) -> 1 | L43: =VLOOKUP($C43,Sheet1!$A$2:$E$10,5,0) -> Bin | M43: =J43/K43 -> 5 | O43: HR47H5465 | P43: 12505Q100051
A44: G/I/25-26/01529 | B44: 05N616094514AC5 | C44: 5A120M58U50 | D44: =VLOOKUP($C44,Sheet1!$A$2:$D$10,2,0) -> 114010-50830 | E44: CYLINDER ASSY,BK MASTER W/ECU | F44: 46027 | G44: 0.60416667 | H44: CA-01 | I44: AC5 | J44: 9 | K44: =VLOOKUP($C44,Sheet1!$A$2:$D$10,4,0) -> 1 | L44: =VLOOKUP($C44,Sheet1!$A$2:$E$10,5,0) -> Bin | M44: =J44/K44 -> 9 | O44: HR47H5465 | P44: 12505Q100043
A45: G/I/25-26/01530 | B45: 05N616094212AC5 | C45: 55101M58U10 | D45: =VLOOKUP($C45,Sheet1!$A$2:$D$10,2,0) -> 141110-14600 | E45: CALIPER ASSY,FRONT BRAKE,R | F45: 46027 | G45: 0.6875 | H45: CA-07 | I45: AC5 | J45: 18 | K45: =VLOOKUP($C45,Sheet1!$A$2:$D$10,4,0) -> 18 | L45: =VLOOKUP($C45,Sheet1!$A$2:$E$10,5,0) -> Trolley (H) | N45: 1 | O45: HR47H5465 | P45: AN0250010835
A46: G/I/25-26/01530 | B46: 05N616094255AC5 | C46: 55102M58U10 | D46: =VLOOKUP($C46,Sheet1!$A$2:$D$10,2,0) -> 141120-14600 | E46: CALIPER ASSY,FRONT BRAKE,L | F46: 46027 | G46: 0.6875 | H46: CA-07 | I46: AC5 | J46: 18 | K46: =VLOOKUP($C46,Sheet1!$A$2:$D$10,4,0) -> 18 | L46: =VLOOKUP($C46,Sheet1!$A$2:$E$10,5,0) -> Trolley (H) | O46: HR47H5465 | P46: AN0250010835
A47: G/I/25-26/01530 | B47: 05N616094328AC5 | C47: 55401M58U00 | D47: =VLOOKUP($C47,Sheet1!$A$2:$D$10,2,0) -> 141140-91211 | E47: CALIPER ASSY,REAR BRAKE,R | F47: 46027 | G47: 0.6875 | H47: CA-21 | I47: AC5 | J47: 14 | K47: =VLOOKUP($C47,Sheet1!$A$2:$D$10,4,0) -> 2 | L47: =VLOOKUP($C47,Sheet1!$A$2:$E$10,5,0) -> Bin | M47: =J47/K47 -> 7 | O47: HR47H5465 | P47: 12505Q100043
A48: G/I/25-26/01530 | B48: 05N616094360AC5 | C48: 55402M58U00 | D48: =VLOOKUP($C48,Sheet1!$A$2:$D$10,2,0) -> 141150-91211 | E48: CALIPER ASSY,REAR BRAKE,L | F48: 46027 | G48: 0.6875 | H48: CA-21 | I48: AC5 | J48: 12 | K48: =VLOOKUP($C48,Sheet1!$A$2:$D$10,4,0) -> 2 | L48: =VLOOKUP($C48,Sheet1!$A$2:$E$10,5,0) -> Bin | M48: =J48/K48 -> 6 | O48: HR47H5465 | P48: 12505Q100043
A49: G/I/25-26/01530 | B49: 05N616094409AC5 | C49: 55611M58U00 | D49: =VLOOKUP($C49,Sheet1!$A$2:$D$10,2,0) -> 141186-74360 | E49: DISC,REAR BRAKE | F49: 46027 | G49: 0.6875 | H49: CA-21 | I49: AC5 | J49: 40 | K49: =VLOOKUP($C49,Sheet1!$A$2:$D$10,4,0) -> 40 | L49: =VLOOKUP($C49,Sheet1!$A$2:$E$10,5,0) -> Trolley | N49: =J49/K49 -> 1 | O49: HR47H5465 | P49: 910104269
A50: G/I/25-26/01531 | B50: 05N616094433AC5 | C50: 56110M58UA1 | D50: =VLOOKUP($C50,Sheet1!$A$2:$D$10,2,0) -> 116040-92240 | E50: ACTUATOR ASSY,NO VARIANT ESP | F50: 46027 | G50: 0.6875 | H50: CA-01 | I50: AC5 | J50: 12 | K50: =VLOOKUP($C50,Sheet1!$A$2:$D$10,4,0) -> 6 | L50: =VLOOKUP($C50,Sheet1!$A$2:$E$10,5,0) -> Bin | M50: =J50/K50 -> 2 | O50: HR47H5465 | P50: 12505Q100152
A51: G/I/25-26/01531 | B51: 05N616094476AC5 | C51: 5A120M58U01 | D51: =VLOOKUP($C51,Sheet1!$A$2:$D$10,2,0) -> 114010-50820 | E51: CYLINDER ASSY,BK MASTER W/ECU | F51: 46027 | G51: 0.6875 | H51: CA-01 | I51: AC5 | J51: 3 | K51: =VLOOKUP($C51,Sheet1!$A$2:$D$10,4,0) -> 1 | L51: =VLOOKUP($C51,Sheet1!$A$2:$E$10,5,0) -> Bin | M51: =J51/K51 -> 3 | O51: HR47H5465 | P51: 12505Q100051
A52: G/I/25-26/01531 | B52: 05N616094549AC5 | C52: 5A120M58U50 | D52: =VLOOKUP($C52,Sheet1!$A$2:$D$10,2,0) -> 114010-50830 | E52: CYLINDER ASSY,BK MASTER W/ECU | F52: 46027 | G52: 0.6875 | H52: CA-01 | I52: AC5 | J52: 9 | K52: =VLOOKUP($C52,Sheet1!$A$2:$D$10,4,0) -> 1 | L52: =VLOOKUP($C52,Sheet1!$A$2:$E$10,5,0) -> Bin | M52: =J52/K52 -> 9 | O52: HR47H5465 | P52: 12505Q100043
M53: 64 | N53: 4
B54: Download : X539_eNagare_202613.txt

Sheet 06-01-2026
J1: 24AACCN5739J1ZA
A2: Supply Month | B2: 46028 | L2: Vehicle No
A3: INVOICE NO | B3: KANBAN NO | C3: PART NUMBER | D3: Material Code | E3: PART NAME | F3: SUPPLY DATE | G3: SUPPLY TIME | H3: UNLOADING LOC | I3: Line | J3: Qty Req | K3: Packing Standerd | L3: Packed in | M3: TTL Bin | N3: TORLLY | O3: Vehicle No | P3: INV NO
A4: G/I/25-26/01532 | B4: 06N617269768AC5 | C4: 55101M58U10 | D4: =VLOOKUP($C4,Sheet1!$A$2:$D$10,2,0) -> 141110-14600 | E4: CALIPER ASSY,FRONT BRAKE,R | F4: 46028 | G4: 0.35416667 | H4: CA-07 | I4: AC5 | J4: 54 | K4: =VLOOKUP($C4,Sheet1!$A$2:$D$10,4,0) -> 18 | L4: =VLOOKUP($C4,Sheet1!$A$2:$E$10,5,0) -> Trolley (H) | N4: 3 | O4: HR47E7907 | P4: AN0250010835
A5: G/I/25-26/01532 | B5: 06N617269806AC5 | C5: 55102M58U10 | D5: =VLOOKUP($C5,Sheet1!$A$2:$D$10,2,0) -> 141120-14600 | E5: CALIPER ASSY,FRONT BRAKE,L | F5: 46028 | G5: 0.35416667 | H5: CA-07 | I5: AC5 | J5: 54 | K5: =VLOOKUP($C5,Sheet1!$A$2:$D$10,4,0) -> 18 | L5: =VLOOKUP($C5,Sheet1!$A$2:$E$10,5,0) -> Trolley (H) | O5: HR47E7907 | P5: AN0250010835
A6: G/I/25-26/01532 | B6: 06N617269849AC5 | C6: 55311M58U00 | D6: =VLOOKUP($C6,Sheet1!$A$2:$D$10,2,0) -> 141185-74670 | E6: DISC,FRONT BRAKE | F6: 46028 | G6: 0.35416667 | H6: CA-07 | I6: AC5 | J6: 80 | K6: =VLOOKUP($C6,Sheet1!$A$2:$D$10,4,0) -> 40 | L6: =VLOOKUP($C6,Sheet1!$A$2:$E$10,5,0) -> Trolley | N6: =J6/K6 -> 2 | O6: HR47E7907 | P6: 910104284
A7: G/I/25-26/01532 | B7: 06N617269881AC5 | C7: 55401M58U00 | D7: =VLOOKUP($C7,Sheet1!$A$2:$D$10,2,0) -> 141140-91211 | E7: CALIPER ASSY,REAR BRAKE,R | F7: 46028 | G7: 0.35416667 | H7: CA-21 | I7: AC5 | J7: 56 | K7: =VLOOKUP($C7,Sheet1!$A$2:$D$10,4,0) -> 2 | L7: =VLOOKUP($C7,Sheet1!$A$2:$E$10,5,0) -> Bin | M7: =J7/K7 -> 28 | O7: HR47E7907 | P7: 12505Q100043
A8: G/I/25-26/01532 | B8: 06N617397030AC5 | C8: 55401M58U00 | D8: =VLOOKUP($C8,Sheet1!$A$2:$D$10,2,0) -> 141140-91211 | E8: CALIPER ASSY,REAR BRAKE,R | F8: 46028 | G8: 0.35416667 | H8: CA-21 | I8: AC5 | J8: 6 | K8: =VLOOKUP($C8,Sheet1!$A$2:$D$10,4,0) -> 2 | L8: =VLOOKUP($C8,Sheet1!$A$2:$E$10,5,0) -> Bin | M8: =J8/K8 -> 3 | O8: HR47E7907 | P8: 12505Q100043
A9: G/I/25-26/01532 | B9: 06N617269920AC5 | C9: 55402M58U00 | D9: =VLOOKUP($C9,Sheet1!$A$2:$D$10,2,0) -> 141150-91211 | E9: CALIPER ASSY,REAR BRAKE,L | F9: 46028 | G9: 0.35416667 | H9: CA-21 | I9: AC5 | J9: 56 | K9: =VLOOKUP($C9,Sheet1!$A$2:$D$10,4,0) -> 2 | L9: =VLOOKUP($C9,Sheet1!$A$2:$E$10,5,0) -> Bin | M9: =J9/K9 -> 28 | O9: HR47E7907 | P9: 12505Q100043
A10: G/I/25-26/01532 | B10: 06N617400333AC5 | C10: 55402M58U00 | D10: =VLOOKUP($C10,Sheet1!$A$2:$D$10,2,0) -> 141150-91211 | E10: CALIPER ASSY,REAR BRAKE,L | F10: 46028 | G10: 0.35416667 | H10: CA-21 | I10: AC5 | J10: 6 | K10: =VLOOKUP($C10,Sheet1!$A$2:$D$10,4,0) -> 2 | L10: =VLOOKUP($C10,Sheet1!$A$2:$E$10,5,0) -> Bin | M10: =J10/K10 -> 3 | O10: HR47E7907 | P10: 12505Q100043
A11: G/I/25-26/01532 | B11: 06N617269962AC5 | C11: 55611M58U00 | D11: =VLOOKUP($C11,Sheet1!$A$2:$D$10,2,0) -> 141186-74360 | E11: DISC,REAR BRAKE | F11: 46028 | G11: 0.35416667 | H11: CA-21 | I11: AC5 | J11: 80 | K11: =VLOOKUP($C11,Sheet1!$A$2:$D$10,4,0) -> 40 | L11: =VLOOKUP($C11,Sheet1!$A$2:$E$10,5,0) -> Trolley | N11: =J11/K11 -> 2 | O11: HR47E7907 | P11: 910104269
A12: G/I/25-26/01533 | B12: 06N617270006AC5 | C12: 56110M58UA1 | D12: =VLOOKUP($C12,Sheet1!$A$2:$D$10,2,0) -> 116040-92240 | E12: ACTUATOR ASSY,NO VARIANT ESP | F12: 46028 | G12: 0.35416667 | H12: CA-01 | I12: AC5 | J12: 54 | K12: =VLOOKUP($C12,Sheet1!$A$2:$D$10,4,0) -> 6 | L12: =VLOOKUP($C12,Sheet1!$A$2:$E$10,5,0) -> Bin | M12: =J12/K12 -> 9 | O12: HR47E7907 | P12: 12505Q100152
A13: G/I/25-26/01533 | B13: 06N617401143AC5 | C13: 56110M58UA1 | D13: =VLOOKUP($C13,Sheet1!$A$2:$D$10,2,0) -> 116040-92240 | E13: ACTUATOR ASSY,NO VARIANT ESP | F13: 46028 | G13: 0.35416667 | H13: CA-01 | I13: AC5 | J13: 6 | K13: =VLOOKUP($C13,Sheet1!$A$2:$D$10,4,0) -> 6 | L13: =VLOOKUP($C13,Sheet1!$A$2:$E$10,5,0) -> Bin | M13: =J13/K13 -> 1 | O13: HR47E7907 | P13: 12505Q100152
A14: G/I/25-26/01533 | B14: 06N617270049AC5 | C14: 5A120M58U01 | D14: =VLOOKUP($C14,Sheet1!$A$2:$D$10,2,0) -> 114010-50820 | E14: CYLINDER ASSY,BK MASTER W/ECU | F14: 46028 | G14: 0.35416667 | H14: CA-01 | I14: AC5 | J14: 29 | K14: =VLOOKUP($C14,Sheet1!$A$2:$D$10,4,0) -> 1 | L14: =VLOOKUP($C14,Sheet1!$A$2:$E$10,5,0) -> Bin | M14: =J14/K14 -> 29 | O14: HR47E7907 | P14: 12505Q100051
A15: G/I/25-26/01533 | B15: 06N617398320AC5 | C15: 5A120M58U01 | D15: =VLOOKUP($C15,Sheet1!$A$2:$D$10,2,0) -> 114010-50820 | E15: CYLINDER ASSY,BK MASTER W/ECU | F15: 46028 | G15: 0.35416667 | H15: CA-01 | I15: AC5 | J15: 4 | K15: =VLOOKUP($C15,Sheet1!$A$2:$D$10,4,0) -> 1 | L15: =VLOOKUP($C15,Sheet1!$A$2:$E$10,5,0) -> Bin | M15: =J15/K15 -> 4 | O15: HR47E7907 | P15: 12505Q100051
A16: G/I/25-26/01533 | B16: 06N617270073AC5 | C16: 5A120M58U50 | D16: =VLOOKUP($C16,Sheet1!$A$2:$D$10,2,0) -> 114010-50830 | E16: CYLINDER ASSY,BK MASTER W/ECU | F16: 46028 | G16: 0.35416667 | H16: CA-01 | I16: AC5 | J16: 31 | K16: =VLOOKUP($C16,Sheet1!$A$2:$D$10,4,0) -> 1 | L16: =VLOOKUP($C16,Sheet1!$A$2:$E$10,5,0) -> Bin | M16: =J16/K16 -> 31 | O16: HR47E7907 | P16: 12505Q100043
A17: G/I/25-26/01533 | B17: 06N617401496AC5 | C17: 5A120M58U50 | D17: =VLOOKUP($C17,Sheet1!$A$2:$D$10,2,0) -> 114010-50830 | E17: CYLINDER ASSY,BK MASTER W/ECU | F17: 46028 | G17: 0.35416667 | H17: CA-01 | I17: AC5 | J17: 1 | K17: =VLOOKUP($C17,Sheet1!$A$2:$D$10,4,0) -> 1 | L17: =VLOOKUP($C17,Sheet1!$A$2:$E$10,5,0) -> Bin | M17: =J17/K17 -> 1 | O17: HR47E7907 | P17: 12505Q100043
M18: 137 | N18: 7
A19: G/I/25-26/01534 | B19: 06N617269849AC5 | C19: 55311M58U00 | D19: =VLOOKUP($C19,Sheet1!$A$2:$D$10,2,0) -> 141185-74670 | E19: DISC,FRONT BRAKE | F19: 46028 | G19: 0.35416667 | H19: CA-07 | I19: AC5 | J19: 40 | K19: =VLOOKUP($C19,Sheet1!$A$2:$D$10,4,0) -> 40 | L19: =VLOOKUP($C19,Sheet1!$A$2:$E$10,5,0) -> Trolley | N19: =J19/K19 -> 1 | O19: HR47E8635 | P19: 910104284
A20: G/I/25-26/01534 | B20: 06N617269962AC5 | C20: 55611M58U00 | D20: =VLOOKUP($C20,Sheet1!$A$2:$D$10,2,0) -> 141186-74360 | E20: DISC,REAR BRAKE | F20: 46028 | G20: 0.35416667 | H20: CA-21 | I20: AC5 | J20: 40 | K20: =VLOOKUP($C20,Sheet1!$A$2:$D$10,4,0) -> 40 | L20: =VLOOKUP($C20,Sheet1!$A$2:$E$10,5,0) -> Trolley | N20: =J20/K20 -> 1 | O20: HR47E8635 | P20: 910104269
A21: G/I/25-26/01543 | B21: AR451719207AC5 | C21: 55101M58U10 | D21: =VLOOKUP($C21,Sheet1!$A$2:$D$10,2,0) -> 141110-14600 | E21: CALIPER ASSY,FRONT BRAKE,R | F21: 46028 | G21: DI | H21: CA-07 | J21: 5 | K21: =VLOOKUP($C21,Sheet1!$A$2:$D$10,4,0) -> 18 | L21: =VLOOKUP($C21,Sheet1!$A$2:$E$10,5,0) -> Trolley (H) | N21: 1 | O21: HR47E8635 | P21: AN0250010383 | Q21: SMG DI
A22: G/I/25-26/01543 | B22: AR451719346AC5 | C22: 55102M58U10 | D22: =VLOOKUP($C22,Sheet1!$A$2:$D$10,2,0) -> 141120-14600 | E22: CALIPER ASSY,FRONT BRAKE,L | F22: 46028 | G22: DI | H22: CA-07 | J22: 5 | K22: =VLOOKUP($C22,Sheet1!$A$2:$D$10,4,0) -> 18 | L22: =VLOOKUP($C22,Sheet1!$A$2:$E$10,5,0) -> Trolley (H) | O22: HR47E8635 | P22: AN0250010383 | Q22: SMG DI
M23: 1
A24: G/I/25-26/01535 | B24: 06N617269776AC5 | C24: 55101M58U10 | D24: =VLOOKUP($C24,Sheet1!$A$2:$D$10,2,0) -> 141110-14600 | E24: CALIPER ASSY,FRONT BRAKE,R | F24: 46028 | G24: 0.5625 | H24: CA-07 | I24: AC5 | J24: 36 | K24: =VLOOKUP($C24,Sheet1!$A$2:$D$10,4,0) -> 18 | L24: =VLOOKUP($C24,Sheet1!$A$2:$E$10,5,0) -> Trolley (H) | N24: 2 | O24: HR47E8635 | P24: AN0250010835
A25: G/I/25-26/01535 | B25: 06N617269814AC5 | C25: 55102M58U10 | D25: =VLOOKUP($C25,Sheet1!$A$2:$D$10,2,0) -> 141120-14600 | E25: CALIPER ASSY,FRONT BRAKE,L | F25: 46028 | G25: 0.5625 | H25: CA-07 | I25: AC5 | J25: 36 | K25: =VLOOKUP($C25,Sheet1!$A$2:$D$10,4,0) -> 18 | L25: =VLOOKUP($C25,Sheet1!$A$2:$E$10,5,0) -> Trolley (H) | O25: HR47E8635 | P25: AN0250010835
A26: G/I/25-26/01535 | B26: 06N617269857AC5 | C26: 55311M58U00 | D26: =VLOOKUP($C26,Sheet1!$A$2:$D$10,2,0) -> 141185-74670 | E26: DISC,FRONT BRAKE | F26: 46028 | G26: 0.5625 | H26: CA-07 | I26: AC5 | J26: 80 | K26: =VLOOKUP($C26,Sheet1!$A$2:$D$10,4,0) -> 40 | L26: =VLOOKUP($C26,Sheet1!$A$2:$E$10,5,0) -> Trolley | N26: =J26/K26 -> 2 | O26: HR47E8635 | P26: 910104284
A27: G/I/25-26/01535 | B27: 06N617269890AC5 | C27: 55401M58U00 | D27: =VLOOKUP($C27,Sheet1!$A$2:$D$10,2,0) -> 141140-91211 | E27: CALIPER ASSY,REAR BRAKE,R | F27: 46028 | G27: 0.5625 | H27: CA-21 | I27: AC5 | J27: 38 | K27: =VLOOKUP($C27,Sheet1!$A$2:$D$10,4,0) -> 2 | L27: =VLOOKUP($C27,Sheet1!$A$2:$E$10,5,0) -> Bin | M27: =J27/K27 -> 19 | O27: HR47E8635 | P27: 12505Q100043
A28: G/I/25-26/01535 | B28: 06N617269938AC5 | C28: 55402M58U00 | D28: =VLOOKUP($C28,Sheet1!$A$2:$D$10,2,0) -> 141150-91211 | E28: CALIPER ASSY,REAR BRAKE,L | F28: 46028 | G28: 0.5625 | H28: CA-21 | I28: AC5 | J28: 38 | K28: =VLOOKUP($C28,Sheet1!$A$2:$D$10,4,0) -> 2 | L28: =VLOOKUP($C28,Sheet1!$A$2:$E$10,5,0) -> Bin | M28: =J28/K28 -> 19 | O28: HR47E8635 | P28: 12505Q100043
A29: G/I/25-26/01535 | B29: 06N617269970AC5 | C29: 55611M58U00 | D29: =VLOOKUP($C29,Sheet1!$A$2:$D$10,2,0) -> 141186-74360 | E29: DISC,REAR BRAKE | F29: 46028 | G29: 0.5625 | H29: CA-21 | I29: AC5 | J29: 80 | K29: =VLOOKUP($C29,Sheet1!$A$2:$D$10,4,0) -> 40 | L29: =VLOOKUP($C29,Sheet1!$A$2:$E$10,5,0) -> Trolley | N29: =J29/K29 -> 2 | O29: HR47E8635 | P29: 910104269-39 Qty / 910104658-41 Qty.
A30: G/I/25-26/01536 | B30: 06N617270014AC5 | C30: 56110M58UA1 | D30: =VLOOKUP($C30,Sheet1!$A$2:$D$10,2,0) -> 116040-92240 | E30: ACTUATOR ASSY,NO VARIANT ESP | F30: 46028 | G30: 0.5625 | H30: CA-01 | I30: AC5 | J30: 36 | K30: =VLOOKUP($C30,Sheet1!$A$2:$D$10,4,0) -> 6 | L30: =VLOOKUP($C30,Sheet1!$A$2:$E$10,5,0) -> Bin | M30: =J30/K30 -> 6 | O30: HR47E8635 | P30: 12505Q100152
A31: G/I/25-26/01536 | B31: 06N617270057AC5 | C31: 5A120M58U01 | D31: =VLOOKUP($C31,Sheet1!$A$2:$D$10,2,0) -> 114010-50820 | E31: CYLINDER ASSY,BK MASTER W/ECU | F31: 46028 | G31: 0.5625 | H31: CA-01 | I31: AC5 | J31: 16 | K31: =VLOOKUP($C31,Sheet1!$A$2:$D$10,4,0) -> 1 | L31: =VLOOKUP($C31,Sheet1!$A$2:$E$10,5,0) -> Bin | M31: =J31/K31 -> 16 | O31: HR47E8635 | P31: 12505Q100051
A32: G/I/25-26/01536 | B32: 06N617270081AC5 | C32: 5A120M58U50 | D32: =VLOOKUP($C32,Sheet1!$A$2:$D$10,2,0) -> 114010-50830 | E32: CYLINDER ASSY,BK MASTER W/ECU | F32: 46028 | G32: 0.5625 | H32: CA-01 | I32: AC5 | J32: 23 | K32: =VLOOKUP($C32,Sheet1!$A$2:$D$10,4,0) -> 1 | L32: =VLOOKUP($C32,Sheet1!$A$2:$E$10,5,0) -> Bin | M32: =J32/K32 -> 23 | O32: HR47E8635 | P32: 12505Q100043
M33: 83 | N33: 6
A34: G/I/25-26/01537 | B34: 06N617269784AC5 | C34: 55101M58U10 | D34: =VLOOKUP($C34,Sheet1!$A$2:$D$10,2,0) -> 141110-14600 | E34: CALIPER ASSY,FRONT BRAKE,R | F34: 46028 | G34: 0.77083333 | H34: CA-07 | I34: AC5 | J34: 36 | K34: =VLOOKUP($C34,Sheet1!$A$2:$D$10,4,0) -> 18 | L34: =VLOOKUP($C34,Sheet1!$A$2:$E$10,5,0) -> Trolley (H) | N34: 2 | O34: HR47G9416 | P34: AN0250010835
A35: G/I/25-26/01537 | B35: 06N617269822AC5 | C35: 55102M58U10 | D35: =VLOOKUP($C35,Sheet1!$A$2:$D$10,2,0) -> 141120-14600 | E35: CALIPER ASSY,FRONT BRAKE,L | F35: 46028 | G35: 0.77083333 | H35: CA-07 | I35: AC5 | J35: 36 | K35: =VLOOKUP($C35,Sheet1!$A$2:$D$10,4,0) -> 18 | L35: =VLOOKUP($C35,Sheet1!$A$2:$E$10,5,0) -> Trolley (H) | O35: HR47G9416 | P35: AN0250010835
A36: G/I/25-26/01537 | B36: 06N617269865AC5 | C36: 55311M58U00 | D36: =VLOOKUP($C36,Sheet1!$A$2:$D$10,2,0) -> 141185-74670 | E36: DISC,FRONT BRAKE | F36: 46028 | G36: 0.77083333 | H36: CA-07 | I36: AC5 | J36: 80 | K36: =VLOOKUP($C36,Sheet1!$A$2:$D$10,4,0) -> 40 | L36: =VLOOKUP($C36,Sheet1!$A$2:$E$10,5,0) -> Trolley | N36: =J36/K36 -> 2 | O36: HR47G9416 | P36: 910104284
A37: G/I/25-26/01537 | B37: 06N617269903AC5 | C37: 55401M58U00 | D37: =VLOOKUP($C37,Sheet1!$A$2:$D$10,2,0) -> 141140-91211 | E37: CALIPER ASSY,REAR BRAKE,R | F37: 46028 | G37: 0.77083333 | H37: CA-21 | I37: AC5 | J37: 30 | K37: =VLOOKUP($C37,Sheet1!$A$2:$D$10,4,0) -> 2 | L37: =VLOOKUP($C37,Sheet1!$A$2:$E$10,5,0) -> Bin | M37: =J37/K37 -> 15 | O37: HR47G9416 | P37: 12505Q100043
A38: G/I/25-26/01537 | B38: 06N617269946AC5 | C38: 55402M58U00 | D38: =VLOOKUP($C38,Sheet1!$A$2:$D$10,2,0) -> 141150-91211 | E38: CALIPER ASSY,REAR BRAKE,L | F38: 46028 | G38: 0.77083333 | H38: CA-21 | I38: AC5 | J38: 30 | K38: =VLOOKUP($C38,Sheet1!$A$2:$D$10,4,0) -> 2 | L38: =VLOOKUP($C38,Sheet1!$A$2:$E$10,5,0) -> Bin | M38: =J38/K38 -> 15 | O38: HR47G9416 | P38: 12505Q100043
A39: G/I/25-26/01537 | B39: 06N617269989AC5 | C39: 55611M58U00 | D39: =VLOOKUP($C39,Sheet1!$A$2:$D$10,2,0) -> 141186-74360 | E39: DISC,REAR BRAKE | F39: 46028 | G39: 0.77083333 | H39: CA-21 | I39: AC5 | J39: 80 | K39: =VLOOKUP($C39,Sheet1!$A$2:$D$10,4,0) -> 40 | L39: =VLOOKUP($C39,Sheet1!$A$2:$E$10,5,0) -> Trolley | N39: =J39/K39 -> 2 | O39: HR47G9416 | P39: 910104658
A40: G/I/25-26/01538 | B40: 06N617270022AC5 | C40: 56110M58UA1 | D40: =VLOOKUP($C40,Sheet1!$A$2:$D$10,2,0) -> 116040-92240 | E40: ACTUATOR ASSY,NO VARIANT ESP | F40: 46028 | G40: 0.77083333 | H40: CA-01 | I40: AC5 | J40: 30 | K40: =VLOOKUP($C40,Sheet1!$A$2:$D$10,4,0) -> 6 | L40: =VLOOKUP($C40,Sheet1!$A$2:$E$10,5,0) -> Bin | M40: =J40/K40 -> 5 | O40: HR47G9416 | P40: 12505Q100152
A41: G/I/25-26/01538 | B41: 06N617270065AC5 | C41: 5A120M58U01 | D41: =VLOOKUP($C41,Sheet1!$A$2:$D$10,2,0) -> 114010-50820 | E41: CYLINDER ASSY,BK MASTER W/ECU | F41: 46028 | G41: 0.77083333 | H41: CA-01 | I41: AC5 | J41: 8 | K41: =VLOOKUP($C41,Sheet1!$A$2:$D$10,4,0) -> 1 | L41: =VLOOKUP($C41,Sheet1!$A$2:$E$10,5,0) -> Bin | M41: =J41/K41 -> 8 | O41: HR47G9416 | P41: 12505Q100051
A42: G/I/25-26/01538 | B42: 06N617270090AC5 | C42: 5A120M58U50 | D42: =VLOOKUP($C42,Sheet1!$A$2:$D$10,2,0) -> 114010-50830 | E42: CYLINDER ASSY,BK MASTER W/ECU | F42: 46028 | G42: 0.77083333 | H42: CA-01 | I42: AC5 | J42: 21 | K42: =VLOOKUP($C42,Sheet1!$A$2:$D$10,4,0) -> 1 | L42: =VLOOKUP($C42,Sheet1!$A$2:$E$10,5,0) -> Bin | M42: =J42/K42 -> 21 | O42: HR47G9416 | P42: 12505Q100043
A43: G/I/25-26/01539 | B43: 06N617269792AC5 | C43: 55101M58U10 | D43: =VLOOKUP($C43,Sheet1!$A$2:$D$10,2,0) -> 141110-14600 | E43: CALIPER ASSY,FRONT BRAKE,R | F43: 46028 | G43: 0.97916667 | H43: CA-07 | I43: AC5 | J43: 18 | K43: =VLOOKUP($C43,Sheet1!$A$2:$D$10,4,0) -> 18 | L43: =VLOOKUP($C43,Sheet1!$A$2:$E$10,5,0) -> Trolley (H) | N43: 1 | O43: HR47G9416 | P43: AN0250010835
A44: G/I/25-26/01539 | B44: 06N617269830AC5 | C44: 55102M58U10 | D44: =VLOOKUP($C44,Sheet1!$A$2:$D$10,2,0) -> 141120-14600 | E44: CALIPER ASSY,FRONT BRAKE,L | F44: 46028 | G44: 0.97916667 | H44: CA-07 | I44: AC5 | J44: 18 | K44: =VLOOKUP($C44,Sheet1!$A$2:$D$10,4,0) -> 18 | L44: =VLOOKUP($C44,Sheet1!$A$2:$E$10,5,0) -> Trolley (H) | O44: HR47G9416 | P44: AN0250010835
A45: G/I/25-26/01539 | B45: 06N617269873AC5 | C45: 55311M58U00 | D45: =VLOOKUP($C45,Sheet1!$A$2:$D$10,2,0) -> 141185-74670 | E45: DISC,FRONT BRAKE | F45: 46028 | G45: 0.97916667 | H45: CA-07 | I45: AC5 | J45: 40 | K45: =VLOOKUP($C45,Sheet1!$A$2:$D$10,4,0) -> 40 | L45: =VLOOKUP($C45,Sheet1!$A$2:$E$10,5,0) -> Trolley | N45: =J45/K45 -> 1 | O45: HR47G9416 | P45: 910104658
A46: G/I/25-26/01539 | B46: 06N617269911AC5 | C46: 55401M58U00 | D46: =VLOOKUP($C46,Sheet1!$A$2:$D$10,2,0) -> 141140-91211 | E46: CALIPER ASSY,REAR BRAKE,R | F46: 46028 | G46: 0.97916667 | H46: CA-21 | I46: AC5 | J46: 24 | K46: =VLOOKUP($C46,Sheet1!$A$2:$D$10,4,0) -> 2 | L46: =VLOOKUP($C46,Sheet1!$A$2:$E$10,5,0) -> Bin | M46: =J46/K46 -> 12 | O46: HR47G9416 | P46: 12505Q100043
A47: G/I/25-26/01539 | B47: 06N617269954AC5 | C47: 55402M58U00 | D47: =VLOOKUP($C47,Sheet1!$A$2:$D$10,2,0) -> 141150-91211 | E47: CALIPER ASSY,REAR BRAKE,L | F47: 46028 | G47: 0.97916667 | H47: CA-21 | I47: AC5 | J47: 24 | K47: =VLOOKUP($C47,Sheet1!$A$2:$D$10,4,0) -> 2 | L47: =VLOOKUP($C47,Sheet1!$A$2:$E$10,5,0) -> Bin | M47: =J47/K47 -> 12 | O47: HR47G9416 | P47: 12505Q100043
A48: G/I/25-26/01539 | B48: 06N617269997AC5 | C48: 55611M58U00 | D48: =VLOOKUP($C48,Sheet1!$A$2:$D$10,2,0) -> 141186-74360 | E48: DISC,REAR BRAKE | F48: 46028 | G48: 0.97916667 | H48: CA-21 | I48: AC5 | J48: 40 | K48: =VLOOKUP($C48,Sheet1!$A$2:$D$10,4,0) -> 40 | L48: =VLOOKUP($C48,Sheet1!$A$2:$E$10,5,0) -> Trolley | N48: =J48/K48 -> 1 | O48: HR47G9416 | P48: 910104269
A49: G/I/25-26/01540 | B49: 06N617270030AC5 | C49: 56110M58UA1 | D49: =VLOOKUP($C49,Sheet1!$A$2:$D$10,2,0) -> 116040-92240 | E49: ACTUATOR ASSY,NO VARIANT ESP | F49: 46028 | G49: 0.97916667 | H49: CA-01 | I49: AC5 | J49: 24 | K49: =VLOOKUP($C49,Sheet1!$A$2:$D$10,4,0) -> 6 | L49: =VLOOKUP($C49,Sheet1!$A$2:$E$10,5,0) -> Bin | M49: =J49/K49 -> 4 | O49: HR47G9416 | P49: 12505Q100152
A50: G/I/25-26/01540 | B50: 06N617270103AC5 | C50: 5A120M58U50 | D50: =VLOOKUP($C50,Sheet1!$A$2:$D$10,2,0) -> 114010-50830 | E50: CYLINDER ASSY,BK MASTER W/ECU | F50: 46028 | G50: 0.97916667 | H50: CA-01 | I50: AC5 | J50: 24 | K50: =VLOOKUP($C50,Sheet1!$A$2:$D$10,4,0) -> 1 | L50: =VLOOKUP($C50,Sheet1!$A$2:$E$10,5,0) -> Bin | M50: =J50/K50 -> 24 | O50: HR47G9416 | P50: 12505Q100043
M51: 116 | N51: 9
B52: Download : X539_eNagare_202615.txt
A57: Download : X539202615Spares.txt

Sheet 06-01-26 RPDC
A1: Supply For | B1: Original DI Date | C1: Revised DI Date | D1: Vendor Code | E1: DI Number | F1: Part Number | G1: Scheduled Quantity | H1: Packing Standerd | I1: Vehicle No | J1: Rejected Quantity | K1: Location | L1: Attention | M1: Price Change Flag | N1: Latest Batch Code | O1: Price | P1: Sales Id | Q1: Scheduled Quantity | R1: Sales No | S1: Price Revision List
A2: SPARES | B2: 46028 | D2: X539 | E2: A26451717739 | F2: 55311M58U00 | G2: 6 | H2: 1 | I2: HR47G9416 | J2: 1 | K2: WAD | L2: * | M2: N | N2: AA | O2: 4259 | P2: =G2/H2 -> 6 | Q2: 6 | S2: Item Price Revision List
A3: SPARES | B3: 46028 | D3: X539 | E3: A26451717779 | F3: 55311M58U00 | G3: 6 | H3: 1 | I3: HR47G9416 | J3: 1 | K3: WAD | L3: * | M3: N | N3: AA | O3: 4259 | P3: =G3/H3 -> 6 | Q3: 6 | S3: Item Price Revision List
A4: SPARES | B4: 46028 | D4: X539 | E4: A26451715719 | F4: 55311M58U00 | G4: 176 | H4: 1 | I4: HR47G9416 | J4: 1 | K4: WAD | L4: * | M4: N | N4: AA | O4: 4259 | P4: =G4/H4 -> 176 | Q4: 176 | S4: Item Price Revision List
A5: SPARES | B5: 46026 | C5: 46028 | D5: X539 | E5: A26449858003 | F5: 55910M58U10 | G5: 30 | H5: 10 | I5: HR47G9416 | J5: 2 | K5: WAD | L5: * | M5: N | N5: AA | O5: 3917.5 | P5: =G5/H5 -> 3 | Q5: 30 | S5: Item Price Revision List
A6: SPARES | B6: 46028 | D6: X539 | E6: A26449858013 | F6: 55910M58U10 | G6: 10 | H6: 10 | I6: HR47G9416 | J6: 2 | K6: WAD | L6: * | M6: N | N6: AA | O6: 3917.5 | P6: =G6/H6 -> 1 | Q6: 10 | S6: Item Price Revision List
A7: SPARES | B7: 46028 | D7: X539 | E7: A26451717759 | F7: 55611M58U00 | G7: 2 | H7: 1 | I7: HR47G9416 | J7: 3 | K7: WAD | L7: * | M7: N | N7: AA | O7: 3733.5 | P7: =G7/H7 -> 2 | Q7: 2 | S7: Item Price Revision List
A8: SPARES | B8: 46028 | D8: X539 | E8: A26451717789 | F8: 55611M58U00 | G8: 2 | H8: 1 | I8: HR47G9416 | J8: 3 | K8: WAD | L8: * | M8: N | N8: AA | O8: 3733.5 | P8: =G8/H8 -> 2 | Q8: 2 | S8: Item Price Revision List
A9: SPARES | B9: 46028 | D9: X539 | E9: A26451716469 | F9: 55611M58U00 | G9: 147 | H9: 1 | I9: HR47G9416 | J9: 3 | K9: WAD | L9: * | M9: N | N9: AA | O9: 3733.5 | P9: =G9/H9 -> 147 | Q9: 147 | S9: Item Price Revision List
A10: SPARES | B10: 46026 | C10: 46028 | D10: X539 | E10: A26449858173 | F10: 55950M58U00 | G10: 20 | H10: 10 | I10: HR47G9416 | J10: 4 | K10: WAD | L10: * | M10: N | N10: AA | O10: 920.5 | P10: =G10/H10 -> 2 | Q10: 20 | S10: Item Price Revision List
A11: SPARES | B11: 46026 | C11: 46028 | D11: X539 | E11: A26449858113 | F11: 55920M58U00 | G11: 60 | H11: 10 | I11: HR47G9416 | J11: 5 | K11: WAD | L11: * | M11: N | N11: AA | O11: 920.5 | P11: =G11/H11 -> 6 | Q11: 60 | S11: Item Price Revision List
A12: SPARES | B12: 46028 | D12: X539 | E12: A26451717109 | F12: 55830M58U10 | G12: 80 | H12: 10 | I12: HR47G9416 | J12: 6 | K12: WAD | L12: * | M12: N | N12: AA | O12: 843.5 | P12: =G12/H12 -> 8 | Q12: 80 | S12: Item Price Revision List
A13: SPARES | B13: 46028 | D13: X539 | E13: A26451717259 | F13: 55840M58U10 | G13: 140 | H13: 10 | I13: HR47G9416 | J13: 7 | K13: WAD | L13: * | M13: N | N13: AA | O13: 380 | P13: =G13/H13 -> 14 | Q13: 140 | S13: Item Price Revision List
A14: SPARES | B14: 46026 | C14: 46028 | D14: X539 | E14: A26449858143 | F14: 55930M58U00 | G14: 120 | H14: 10 | I14: HR47G9416 | J14: 8 | K14: WAD | L14: * | M14: N | N14: AA | O14: 460 | P14: =G14/H14 -> 12 | Q14: 120 | S14: Item Price Revision List
A15: SPARES | B15: 46027 | C15: 46028 | D15: X539 | E15: A26449858153 | F15: 55930M58U00 | G15: 10 | H15: 10 | I15: HR47G9416 | J15: 8 | K15: WAD | L15: * | M15: N | N15: AA | O15: 460 | P15: =G15/H15 -> 1 | Q15: 10 | S15: Item Price Revision List
A16: SPARES | B16: 46026 | C16: 46028 | D16: X539 | E16: A26449858193 | F16: 55960M58U00 | G16: 120 | H16: 10 | I16: HR47G9416 | J16: 9 | K16: WAD | L16: * | M16: N | N16: AA | O16: 751 | P16: =G16/H16 -> 12 | Q16: 120 | S16: Item Price Revision List
A17: SPARES | B17: 46026 | C17: 46028 | D17: X539 | E17: A26449857483 | F17: 55850M58U10 | G17: 54 | H17: 18 | I17: HR47G9416 | J17: 10 | K17: WAD | L17: * | M17: N | N17: AA | O17: 380 | P17: =G17/H17 -> 3 | Q17: 54 | S17: Item Price Revision List

Sheet 07-01-2026
J1: 24AACCN5739J1ZA
A2: Supply Month | B2: 46029 | L2: Vehicle No
A3: INVOICE NO | B3: KANBAN NO | C3: PART NUMBER | D3: Material Code | E3: PART NAME | F3: SUPPLY DATE | G3: SUPPLY TIME | H3: UNLOADING LOC | I3: Line | J3: Qty Req | K3: Packing Standerd | L3: Packed in | M3: TTL Bin | N3: TORLLY | O3: Vehicle No | P3: INV NO
A4: G/I/25-26/01545 | B4: 07N618082246AC5 | C4: 55101M58U10 | D4: =VLOOKUP($C4,Sheet1!$A$2:$D$10,2,0) -> 141110-14600 | E4: CALIPER ASSY,FRONT BRAKE,R | F4: 46029 | G4: 0.27083333 | H4: CA-07 | I4: AC5 | J4: 18 | K4: =VLOOKUP($C4,Sheet1!$A$2:$D$10,4,0) -> 18 | L4: =VLOOKUP($C4,Sheet1!$A$2:$E$10,5,0) -> Trolley (H) | N4: 1 | O4: HR47H5465 | P4: AN0250010835
A5: G/I/25-26/01545 | B5: 07N618087094AC5 | C5: 55102M58U10 | D5: =VLOOKUP($C5,Sheet1!$A$2:$D$10,2,0) -> 141120-14600 | E5: CALIPER ASSY,FRONT BRAKE,L | F5: 46029 | G5: 0.27083333 | H5: CA-07 | I5: AC5 | J5: 18 | K5: =VLOOKUP($C5,Sheet1!$A$2:$D$10,4,0) -> 18 | L5: =VLOOKUP($C5,Sheet1!$A$2:$E$10,5,0) -> Trolley (H) | O5: HR47H5465 | P5: AN0250010835
A6: G/I/25-26/01545 | B6: 07N618080952AC5 | C6: 55311M58U00 | D6: =VLOOKUP($C6,Sheet1!$A$2:$D$10,2,0) -> 141185-74670 | E6: DISC,FRONT BRAKE | F6: 46029 | G6: 0.27083333 | H6: CA-07 | I6: AC5 | J6: 80 | K6: =VLOOKUP($C6,Sheet1!$A$2:$D$10,4,0) -> 40 | L6: =VLOOKUP($C6,Sheet1!$A$2:$E$10,5,0) -> Trolley | N6: =J6/K6 -> 2 | O6: HR47H5465 | P6: 910104658
A7: G/I/25-26/01545 | B7: 07N618078702AC5 | C7: 55401M58U00 | D7: =VLOOKUP($C7,Sheet1!$A$2:$D$10,2,0) -> 141140-91211 | E7: CALIPER ASSY,REAR BRAKE,R | F7: 46029 | G7: 0.27083333 | H7: CA-21 | I7: AC5 | J7: 30 | K7: =VLOOKUP($C7,Sheet1!$A$2:$D$10,4,0) -> 2 | L7: =VLOOKUP($C7,Sheet1!$A$2:$E$10,5,0) -> Bin | M7: =J7/K7 -> 15 | O7: HR47H5465 | P7: 12505Q100043
A8: G/I/25-26/01545 | B8: 07N618083307AC5 | C8: 55402M58U00 | D8: =VLOOKUP($C8,Sheet1!$A$2:$D$10,2,0) -> 141150-91211 | E8: CALIPER ASSY,REAR BRAKE,L | F8: 46029 | G8: 0.27083333 | H8: CA-21 | I8: AC5 | J8: 30 | K8: =VLOOKUP($C8,Sheet1!$A$2:$D$10,4,0) -> 2 | L8: =VLOOKUP($C8,Sheet1!$A$2:$E$10,5,0) -> Bin | M8: =J8/K8 -> 15 | O8: HR47H5465 | P8: 12505Q100043
A9: G/I/25-26/01545 | B9: 07N618078370AC5 | C9: 55611M58U00 | D9: =VLOOKUP($C9,Sheet1!$A$2:$D$10,2,0) -> 141186-74360 | E9: DISC,REAR BRAKE | F9: 46029 | G9: 0.27083333 | H9: CA-21 | I9: AC5 | J9: 80 | K9: =VLOOKUP($C9,Sheet1!$A$2:$D$10,4,0) -> 40 | L9: =VLOOKUP($C9,Sheet1!$A$2:$E$10,5,0) -> Trolley | N9: =J9/K9 -> 2 | O9: HR47H5465 | P9: 910104658
A10: G/I/25-26/01546 | B10: 07N618079393AC5 | C10: 56110M58UA1 | D10: =VLOOKUP($C10,Sheet1!$A$2:$D$10,2,0) -> 116040-92240 | E10: ACTUATOR ASSY,NO VARIANT ESP | F10: 46029 | G10: 0.27083333 | H10: CA-01 | I10: AC5 | J10: 30 | K10: =VLOOKUP($C10,Sheet1!$A$2:$D$10,4,0) -> 6 | L10: =VLOOKUP($C10,Sheet1!$A$2:$E$10,5,0) -> Bin | M10: =J10/K10 -> 5 | O10: HR47H5465 | P10: 12505Q100152
A11: G/I/25-26/01546 | B11: 07N618081630AC5 | C11: 5A120M58U01 | D11: =VLOOKUP($C11,Sheet1!$A$2:$D$10,2,0) -> 114010-50820 | E11: CYLINDER ASSY,BK MASTER W/ECU | F11: 46029 | G11: 0.27083333 | H11: CA-01 | I11: AC5 | J11: 20 | K11: =VLOOKUP($C11,Sheet1!$A$2:$D$10,4,0) -> 1 | L11: =VLOOKUP($C11,Sheet1!$A$2:$E$10,5,0) -> Bin | M11: =J11/K11 -> 20 | O11: HR47H5465 | P11: 12505Q100051
A12: G/I/25-26/01546 | B12: 07N618077617AC5 | C12: 5A120M58U50 | D12: =VLOOKUP($C12,Sheet1!$A$2:$D$10,2,0) -> 114010-50830 | E12: CYLINDER ASSY,BK MASTER W/ECU | F12: 46029 | G12: 0.27083333 | H12: CA-01 | I12: AC5 | J12: 20 | K12: =VLOOKUP($C12,Sheet1!$A$2:$D$10,4,0) -> 1 | L12: =VLOOKUP($C12,Sheet1!$A$2:$E$10,5,0) -> Bin | M12: =J12/K12 -> 20 | O12: HR47H5465 | P12: 12505Q100043
M13: 75 | N13: 5
A14: G/I/25-26/01547 | B14: 07N618015492AC5 | C14: 55101M58U10 | D14: =VLOOKUP($C14,Sheet1!$A$2:$D$10,2,0) -> 141110-14600 | E14: CALIPER ASSY,FRONT BRAKE,R | F14: 46029 | G14: 0.35416667 | H14: CA-07 | I14: AC5 | J14: 36 | K14: =VLOOKUP($C14,Sheet1!$A$2:$D$10,4,0) -> 18 | L14: =VLOOKUP($C14,Sheet1!$A$2:$E$10,5,0) -> Trolley (H) | N14: 2 | O14: HR47E7907 | P14: AN0250010835
A15: G/I/25-26/01547 | B15: 07N618015530AC5 | C15: 55102M58U10 | D15: =VLOOKUP($C15,Sheet1!$A$2:$D$10,2,0) -> 141120-14600 | E15: CALIPER ASSY,FRONT BRAKE,L | F15: 46029 | G15: 0.35416667 | H15: CA-07 | I15: AC5 | J15: 36 | K15: =VLOOKUP($C15,Sheet1!$A$2:$D$10,4,0) -> 18 | L15: =VLOOKUP($C15,Sheet1!$A$2:$E$10,5,0) -> Trolley (H) | O15: HR47E7907 | P15: AN0250010835
A16: G/I/25-26/01547 | B16: 07N618015573AC5 | C16: 55311M58U00 | D16: =VLOOKUP($C16,Sheet1!$A$2:$D$10,2,0) -> 141185-74670 | E16: DISC,FRONT BRAKE | F16: 46029 | G16: 0.35416667 | H16: CA-07 | I16: AC5 | J16: 80 | K16: =VLOOKUP($C16,Sheet1!$A$2:$D$10,4,0) -> 40 | L16: =VLOOKUP($C16,Sheet1!$A$2:$E$10,5,0) -> Trolley | N16: =J16/K16 -> 2 | O16: HR47E7907 | P16: 910104658
A17: G/I/25-26/01547 | B17: 07N618015603AC5 | C17: 55401M58U00 | D17: =VLOOKUP($C17,Sheet1!$A$2:$D$10,2,0) -> 141140-91211 | E17: CALIPER ASSY,REAR BRAKE,R | F17: 46029 | G17: 0.35416667 | H17: CA-21 | I17: AC5 | J17: 42 | K17: =VLOOKUP($C17,Sheet1!$A$2:$D$10,4,0) -> 2 | L17: =VLOOKUP($C17,Sheet1!$A$2:$E$10,5,0) -> Bin | M17: =J17/K17 -> 21 | O17: HR47E7907 | P17: 12505Q100043
A18: G/I/25-26/01547 | B18: 07N618015646AC5 | C18: 55402M58U00 | D18: =VLOOKUP($C18,Sheet1!$A$2:$D$10,2,0) -> 141150-91211 | E18: CALIPER ASSY,REAR BRAKE,L | F18: 46029 | G18: 0.35416667 | H18: CA-21 | I18: AC5 | J18: 42 | K18: =VLOOKUP($C18,Sheet1!$A$2:$D$10,4,0) -> 2 | L18: =VLOOKUP($C18,Sheet1!$A$2:$E$10,5,0) -> Bin | M18: =J18/K18 -> 21 | O18: HR47E7907 | P18: 12505Q100043
A19: G/I/25-26/01547 | B19: 07N618015689AC5 | C19: 55611M58U00 | D19: =VLOOKUP($C19,Sheet1!$A$2:$D$10,2,0) -> 141186-74360 | E19: DISC,REAR BRAKE | F19: 46029 | G19: 0.35416667 | H19: CA-21 | I19: AC5 | J19: 80 | K19: =VLOOKUP($C19,Sheet1!$A$2:$D$10,4,0) -> 40 | L19: =VLOOKUP($C19,Sheet1!$A$2:$E$10,5,0) -> Trolley | N19: =J19/K19 -> 2 | O19: HR47E7907 | P19: 910104658
A20: G/I/25-26/01548 | B20: 07N618015719AC5 | C20: 56110M58UA1 | D20: =VLOOKUP($C20,Sheet1!$A$2:$D$10,2,0) -> 116040-92240 | E20: ACTUATOR ASSY,NO VARIANT ESP | F20: 46029 | G20: 0.35416667 | H20: CA-01 | I20: AC5 | J20: 42 | K20: =VLOOKUP($C20,Sheet1!$A$2:$D$10,4,0) -> 6 | L20: =VLOOKUP($C20,Sheet1!$A$2:$E$10,5,0) -> Bin | M20: =J20/K20 -> 7 | O20: HR47E7907 | P20: 12506Q100012
A21: G/I/25-26/01548 | B21: 07N618015751AC5 | C21: 5A120M58U01 | D21: =VLOOKUP($C21,Sheet1!$A$2:$D$10,2,0) -> 114010-50820 | E21: CYLINDER ASSY,BK MASTER W/ECU | F21: 46029 | G21: 0.35416667 | H21: CA-01 | I21: AC5 | J21: 16 | K21: =VLOOKUP($C21,Sheet1!$A$2:$D$10,4,0) -> 1 | L21: =VLOOKUP($C21,Sheet1!$A$2:$E$10,5,0) -> Bin | M21: =J21/K21 -> 16 | O21: HR47E7907 | P21: 12505Q100051
A22: G/I/25-26/01548 | B22: 07N618015794AC5 | C22: 5A120M58U50 | D22: =VLOOKUP($C22,Sheet1!$A$2:$D$10,2,0) -> 114010-50830 | E22: CYLINDER ASSY,BK MASTER W/ECU | F22: 46029 | G22: 0.35416667 | H22: CA-01 | I22: AC5 | J22: 26 | K22: =VLOOKUP($C22,Sheet1!$A$2:$D$10,4,0) -> 1 | L22: =VLOOKUP($C22,Sheet1!$A$2:$E$10,5,0) -> Bin | M22: =J22/K22 -> 26 | O22: HR47E7907 | P22: 12505Q100043
M23: 91 | N23: 6
A24: G/I/25-26/01549 | B24: 07N618088716AC5 | C24: 55101M58U10 | D24: =VLOOKUP($C24,Sheet1!$A$2:$D$10,2,0) -> 141110-14600 | E24: CALIPER ASSY,FRONT BRAKE,R | F24: 46029 | G24: 0.4375 | H24: CA-07 | I24: AC5 | J24: 18 | K24: =VLOOKUP($C24,Sheet1!$A$2:$D$10,4,0) -> 18 | L24: =VLOOKUP($C24,Sheet1!$A$2:$E$10,5,0) -> Trolley (H) | N24: 1 | O24: HR47E8635 | P24: AN0250010835
A25: G/I/25-26/01549 | B25: 07N618091768AC5 | C25: 55102M58U10 | D25: =VLOOKUP($C25,Sheet1!$A$2:$D$10,2,0) -> 141120-14600 | E25: CALIPER ASSY,FRONT BRAKE,L | F25: 46029 | G25: 0.4375 | H25: CA-07 | I25: AC5 | J25: 18 | K25: =VLOOKUP($C25,Sheet1!$A$2:$D$10,4,0) -> 18 | L25: =VLOOKUP($C25,Sheet1!$A$2:$E$10,5,0) -> Trolley (H) | O25: HR47E8635 | P25: AN0250010835
A26: G/I/25-26/01549 | B26: 07N618092624AC5 | C26: 55311M58U00 | D26: =VLOOKUP($C26,Sheet1!$A$2:$D$10,2,0) -> 141185-74670 | E26: DISC,FRONT BRAKE | F26: 46029 | G26: 0.4375 | H26: CA-07 | I26: AC5 | J26: 40 | K26: =VLOOKUP($C26,Sheet1!$A$2:$D$10,4,0) -> 40 | L26: =VLOOKUP($C26,Sheet1!$A$2:$E$10,5,0) -> Trolley | N26: =J26/K26 -> 1 | O26: HR47E8635 | P26: 910104658
A27: G/I/25-26/01549 | B27: 07N618092195AC5 | C27: 55401M58U00 | D27: =VLOOKUP($C27,Sheet1!$A$2:$D$10,2,0) -> 141140-91211 | E27: CALIPER ASSY,REAR BRAKE,R | F27: 46029 | G27: 0.4375 | H27: CA-21 | I27: AC5 | J27: 14 | K27: =VLOOKUP($C27,Sheet1!$A$2:$D$10,4,0) -> 2 | L27: =VLOOKUP($C27,Sheet1!$A$2:$E$10,5,0) -> Bin | M27: =J27/K27 -> 7 | O27: HR47E8635 | P27: 12505Q100043
A28: G/I/25-26/01549 | B28: 07N618093183AC5 | C28: 55402M58U00 | D28: =VLOOKUP($C28,Sheet1!$A$2:$D$10,2,0) -> 141150-91211 | E28: CALIPER ASSY,REAR BRAKE,L | F28: 46029 | G28: 0.4375 | H28: CA-21 | I28: AC5 | J28: 14 | K28: =VLOOKUP($C28,Sheet1!$A$2:$D$10,4,0) -> 2 | L28: =VLOOKUP($C28,Sheet1!$A$2:$E$10,5,0) -> Bin | M28: =J28/K28 -> 7 | O28: HR47E8635 | P28: 12505Q100043
A29: G/I/25-26/01550 | B29: 07N618089976AC5 | C29: 56110M58UA1 | D29: =VLOOKUP($C29,Sheet1!$A$2:$D$10,2,0) -> 116040-92240 | E29: ACTUATOR ASSY,NO VARIANT ESP | F29: 46029 | G29: 0.4375 | H29: CA-01 | I29: AC5 | J29: 18 | K29: =VLOOKUP($C29,Sheet1!$A$2:$D$10,4,0) -> 6 | L29: =VLOOKUP($C29,Sheet1!$A$2:$E$10,5,0) -> Bin | M29: =J29/K29 -> 3 | O29: HR47E8635 | P29: 12506Q100012
A30: G/I/25-26/01550 | B30: 07N618090281AC5 | C30: 5A120M58U01 | D30: =VLOOKUP($C30,Sheet1!$A$2:$D$10,2,0) -> 114010-50820 | E30: CYLINDER ASSY,BK MASTER W/ECU | F30: 46029 | G30: 0.4375 | H30: CA-01 | I30: AC5 | J30: 9 | K30: =VLOOKUP($C30,Sheet1!$A$2:$D$10,4,0) -> 1 | L30: =VLOOKUP($C30,Sheet1!$A$2:$E$10,5,0) -> Bin | M30: =J30/K30 -> 9 | O30: HR47E8635 | P30: 12505Q100051
A31: G/I/25-26/01550 | B31: 07N618089500AC5 | C31: 5A120M58U50 | D31: =VLOOKUP($C31,Sheet1!$A$2:$D$10,2,0) -> 114010-50830 | E31: CYLINDER ASSY,BK MASTER W/ECU | F31: 46029 | G31: 0.4375 | H31: CA-01 | I31: AC5 | J31: 11 | K31: =VLOOKUP($C31,Sheet1!$A$2:$D$10,4,0) -> 1 | L31: =VLOOKUP($C31,Sheet1!$A$2:$E$10,5,0) -> Bin | M31: =J31/K31 -> 11 | O31: HR47E8635 | P31: 12505Q100043
A32: G/I/25-26/01551 | B32: 07N618015506AC5 | C32: 55101M58U10 | D32: =VLOOKUP($C32,Sheet1!$A$2:$D$10,2,0) -> 141110-14600 | E32: CALIPER ASSY,FRONT BRAKE,R | F32: 46029 | G32: 0.5625 | H32: CA-07 | I32: AC5 | J32: 36 | K32: =VLOOKUP($C32,Sheet1!$A$2:$D$10,4,0) -> 18 | L32: =VLOOKUP($C32,Sheet1!$A$2:$E$10,5,0) -> Trolley (H) | N32: 2 | O32: HR47E8635 | P32: AN0250010835-30 Qty. / AN0250010911 -6 Qty.
A33: G/I/25-26/01551 | B33: 07N618015549AC5 | C33: 55102M58U10 | D33: =VLOOKUP($C33,Sheet1!$A$2:$D$10,2,0) -> 141120-14600 | E33: CALIPER ASSY,FRONT BRAKE,L | F33: 46029 | G33: 0.5625 | H33: CA-07 | I33: AC5 | J33: 36 | K33: =VLOOKUP($C33,Sheet1!$A$2:$D$10,4,0) -> 18 | L33: =VLOOKUP($C33,Sheet1!$A$2:$E$10,5,0) -> Trolley (H) | O33: HR47E8635 | P33: AN0250010835-31 Qty. / AN0250010911 -5 Qty.
A34: G/I/25-26/01551 | B34: 07N618015581AC5 | C34: 55311M58U00 | D34: =VLOOKUP($C34,Sheet1!$A$2:$D$10,2,0) -> 141185-74670 | E34: DISC,FRONT BRAKE | F34: 46029 | G34: 0.5625 | H34: CA-07 | I34: AC5 | J34: 80 | K34: =VLOOKUP($C34,Sheet1!$A$2:$D$10,4,0) -> 40 | L34: =VLOOKUP($C34,Sheet1!$A$2:$E$10,5,0) -> Trolley | N34: =J34/K34 -> 2 | O34: HR47E8635 | P34: 910104658
A35: G/I/25-26/01551 | B35: 07N618015611AC5 | C35: 55401M58U00 | D35: =VLOOKUP($C35,Sheet1!$A$2:$D$10,2,0) -> 141140-91211 | E35: CALIPER ASSY,REAR BRAKE,R | F35: 46029 | G35: 0.5625 | H35: CA-21 | I35: AC5 | J35: 30 | K35: =VLOOKUP($C35,Sheet1!$A$2:$D$10,4,0) -> 2 | L35: =VLOOKUP($C35,Sheet1!$A$2:$E$10,5,0) -> Bin | M35: =J35/K35 -> 15 | O35: HR47E8635 | P35: 12505Q100043
A36: G/I/25-26/01551 | B36: 07N618015654AC5 | C36: 55402M58U00 | D36: =VLOOKUP($C36,Sheet1!$A$2:$D$10,2,0) -> 141150-91211 | E36: CALIPER ASSY,REAR BRAKE,L | F36: 46029 | G36: 0.5625 | H36: CA-21 | I36: AC5 | J36: 30 | K36: =VLOOKUP($C36,Sheet1!$A$2:$D$10,4,0) -> 2 | L36: =VLOOKUP($C36,Sheet1!$A$2:$E$10,5,0) -> Bin | M36: =J36/K36 -> 15 | O36: HR47E8635 | P36: 12505Q100043
A37: G/I/25-26/01551 | B37: 07N618015697AC5 | C37: 55611M58U00 | D37: =VLOOKUP($C37,Sheet1!$A$2:$D$10,2,0) -> 141186-74360 | E37: DISC,REAR BRAKE | F37: 46029 | G37: 0.5625 | H37: CA-21 | I37: AC5 | J37: 80 | K37: =VLOOKUP($C37,Sheet1!$A$2:$D$10,4,0) -> 40 | L37: =VLOOKUP($C37,Sheet1!$A$2:$E$10,5,0) -> Trolley | N37: =J37/K37 -> 2 | O37: HR47E8635 | P37: AT/RGP/25-26/WA-168-62 Qty/910104658-18 Qty.
A38: G/I/25-26/01552 | B38: 07N618015727AC5 | C38: 56110M58UA1 | D38: =VLOOKUP($C38,Sheet1!$A$2:$D$10,2,0) -> 116040-92240 | E38: ACTUATOR ASSY,NO VARIANT ESP | F38: 46029 | G38: 0.5625 | H38: CA-01 | I38: AC5 | J38: 30 | K38: =VLOOKUP($C38,Sheet1!$A$2:$D$10,4,0) -> 6 | L38: =VLOOKUP($C38,Sheet1!$A$2:$E$10,5,0) -> Bin | M38: =J38/K38 -> 5 | O38: HR47E8635 | P38: 12506Q100012
A39: G/I/25-26/01552 | B39: 07N618015760AC5 | C39: 5A120M58U01 | D39: =VLOOKUP($C39,Sheet1!$A$2:$D$10,2,0) -> 114010-50820 | E39: CYLINDER ASSY,BK MASTER W/ECU | F39: 46029 | G39: 0.5625 | H39: CA-01 | I39: AC5 | J39: 11 | K39: =VLOOKUP($C39,Sheet1!$A$2:$D$10,4,0) -> 1 | L39: =VLOOKUP($C39,Sheet1!$A$2:$E$10,5,0) -> Bin | M39: =J39/K39 -> 11 | O39: HR47E8635 | P39: 12505Q100051
A40: G/I/25-26/01552 | B40: 07N618015808AC5 | C40: 5A120M58U50 | D40: =VLOOKUP($C40,Sheet1!$A$2:$D$10,2,0) -> 114010-50830 | E40: CYLINDER ASSY,BK MASTER W/ECU | F40: 46029 | G40: 0.5625 | H40: CA-01 | I40: AC5 | J40: 19 | K40: =VLOOKUP($C40,Sheet1!$A$2:$D$10,4,0) -> 1 | L40: =VLOOKUP($C40,Sheet1!$A$2:$E$10,5,0) -> Bin | M40: =J40/K40 -> 19 | O40: HR47E8635 | P40: 12505Q100043
M41: 102 | N41: 8
A42: G/I/25-26/01553 | B42: 07N618015514AC5 | C42: 55101M58U10 | D42: =VLOOKUP($C42,Sheet1!$A$2:$D$10,2,0) -> 141110-14600 | E42: CALIPER ASSY,FRONT BRAKE,R | F42: 46029 | G42: 0.77083333 | H42: CA-07 | I42: AC5 | J42: 18 | K42: =VLOOKUP($C42,Sheet1!$A$2:$D$10,4,0) -> 18 | L42: =VLOOKUP($C42,Sheet1!$A$2:$E$10,5,0) -> Trolley (H) | N42: 1 | O42: HR47G9416 | P42: AN0250010911
A43: G/I/25-26/01553 | B43: 07N618015557AC5 | C43: 55102M58U10 | D43: =VLOOKUP($C43,Sheet1!$A$2:$D$10,2,0) -> 141120-14600 | E43: CALIPER ASSY,FRONT BRAKE,L | F43: 46029 | G43: 0.77083333 | H43: CA-07 | I43: AC5 | J43: 18 | K43: =VLOOKUP($C43,Sheet1!$A$2:$D$10,4,0) -> 18 | L43: =VLOOKUP($C43,Sheet1!$A$2:$E$10,5,0) -> Trolley (H) | O43: HR47G9416 | P43: AN0250010911
A44: G/I/25-26/01553 | B44: 07N618015590AC5 | C44: 55311M58U00 | D44: =VLOOKUP($C44,Sheet1!$A$2:$D$10,2,0) -> 141185-74670 | E44: DISC,FRONT BRAKE | F44: 46029 | G44: 0.77083333 | H44: CA-07 | I44: AC5 | J44: 40 | K44: =VLOOKUP($C44,Sheet1!$A$2:$D$10,4,0) -> 40 | L44: =VLOOKUP($C44,Sheet1!$A$2:$E$10,5,0) -> Trolley | N44: =J44/K44 -> 1 | O44: HR47G9416 | P44: 910104658
A45: G/I/25-26/01553 | B45: 07N618015620AC5 | C45: 55401M58U00 | D45: =VLOOKUP($C45,Sheet1!$A$2:$D$10,2,0) -> 141140-91211 | E45: CALIPER ASSY,REAR BRAKE,R | F45: 46029 | G45: 0.77083333 | H45: CA-21 | I45: AC5 | J45: 20 | K45: =VLOOKUP($C45,Sheet1!$A$2:$D$10,4,0) -> 2 | L45: =VLOOKUP($C45,Sheet1!$A$2:$E$10,5,0) -> Bin | M45: =J45/K45 -> 10 | O45: HR47G9416 | P45: 12505Q100043
A46: G/I/25-26/01553 | B46: 07N618015662AC5 | C46: 55402M58U00 | D46: =VLOOKUP($C46,Sheet1!$A$2:$D$10,2,0) -> 141150-91211 | E46: CALIPER ASSY,REAR BRAKE,L | F46: 46029 | G46: 0.77083333 | H46: CA-21 | I46: AC5 | J46: 20 | K46: =VLOOKUP($C46,Sheet1!$A$2:$D$10,4,0) -> 2 | L46: =VLOOKUP($C46,Sheet1!$A$2:$E$10,5,0) -> Bin | M46: =J46/K46 -> 10 | O46: HR47G9416 | P46: 12505Q100043
A47: G/I/25-26/01553 | B47: 07N618015700AC5 | C47: 55611M58U00 | D47: =VLOOKUP($C47,Sheet1!$A$2:$D$10,2,0) -> 141186-74360 | E47: DISC,REAR BRAKE | F47: 46029 | G47: 0.77083333 | H47: CA-21 | I47: AC5 | J47: 40 | K47: =VLOOKUP($C47,Sheet1!$A$2:$D$10,4,0) -> 40 | L47: =VLOOKUP($C47,Sheet1!$A$2:$E$10,5,0) -> Trolley | N47: =J47/K47 -> 1 | O47: HR47G9416 | P47: 910104658
A48: G/I/25-26/01554 | B48: 07N618015735AC5 | C48: 56110M58UA1 | D48: =VLOOKUP($C48,Sheet1!$A$2:$D$10,2,0) -> 116040-92240 | E48: ACTUATOR ASSY,NO VARIANT ESP | F48: 46029 | G48: 0.77083333 | H48: CA-01 | I48: AC5 | J48: 24 | K48: =VLOOKUP($C48,Sheet1!$A$2:$D$10,4,0) -> 6 | L48: =VLOOKUP($C48,Sheet1!$A$2:$E$10,5,0) -> Bin | M48: =J48/K48 -> 4 | O48: HR47G9416 | P48: 12506Q100012
A49: G/I/25-26/01554 | B49: 07N618015778AC5 | C49: 5A120M58U01 | D49: =VLOOKUP($C49,Sheet1!$A$2:$D$10,2,0) -> 114010-50820 | E49: CYLINDER ASSY,BK MASTER W/ECU | F49: 46029 | G49: 0.77083333 | H49: CA-01 | I49: AC5 | J49: 4 | K49: =VLOOKUP($C49,Sheet1!$A$2:$D$10,4,0) -> 1 | L49: =VLOOKUP($C49,Sheet1!$A$2:$E$10,5,0) -> Bin | M49: =J49/K49 -> 4 | O49: HR47G9416 | P49: 12505Q100051
A50: G/I/25-26/01554 | B50: 07N618015816AC5 | C50: 5A120M58U50 | D50: =VLOOKUP($C50,Sheet1!$A$2:$D$10,2,0) -> 114010-50830 | E50: CYLINDER ASSY,BK MASTER W/ECU | F50: 46029 | G50: 0.77083333 | H50: CA-01 | I50: AC5 | J50: 13 | K50: =VLOOKUP($C50,Sheet1!$A$2:$D$10,4,0) -> 1 | L50: =VLOOKUP($C50,Sheet1!$A$2:$E$10,5,0) -> Bin | M50: =J50/K50 -> 13 | O50: HR47G9416 | P50: 12505Q100043
A51: G/I/25-26/01555 | B51: 07N618015522AC5 | C51: 55101M58U10 | D51: =VLOOKUP($C51,Sheet1!$A$2:$D$10,2,0) -> 141110-14600 | E51: CALIPER ASSY,FRONT BRAKE,R | F51: 46029 | G51: 0.97916667 | H51: CA-07 | I51: AC5 | J51: 18 | K51: =VLOOKUP($C51,Sheet1!$A$2:$D$10,4,0) -> 18 | L51: =VLOOKUP($C51,Sheet1!$A$2:$E$10,5,0) -> Trolley (H) | N51: 1 | O51: HR47G9416 | P51: AN0250010911
A52: G/I/25-26/01555 | B52: 07N618015565AC5 | C52: 55102M58U10 | D52: =VLOOKUP($C52,Sheet1!$A$2:$D$10,2,0) -> 141120-14600 | E52: CALIPER ASSY,FRONT BRAKE,L | F52: 46029 | G52: 0.97916667 | H52: CA-07 | I52: AC5 | J52: 18 | K52: =VLOOKUP($C52,Sheet1!$A$2:$D$10,4,0) -> 18 | L52: =VLOOKUP($C52,Sheet1!$A$2:$E$10,5,0) -> Trolley (H) | O52: HR47G9416 | P52: AN0250010911
A53: G/I/25-26/01555 | B53: 07N618015638AC5 | C53: 55401M58U00 | D53: =VLOOKUP($C53,Sheet1!$A$2:$D$10,2,0) -> 141140-91211 | E53: CALIPER ASSY,REAR BRAKE,R | F53: 46029 | G53: 0.97916667 | H53: CA-21 | I53: AC5 | J53: 10 | K53: =VLOOKUP($C53,Sheet1!$A$2:$D$10,4,0) -> 2 | L53: =VLOOKUP($C53,Sheet1!$A$2:$E$10,5,0) -> Bin | M53: =J53/K53 -> 5 | O53: HR47G9416 | P53: 12505Q100043
A54: G/I/25-26/01555 | B54: 07N618015670AC5 | C54: 55402M58U00 | D54: =VLOOKUP($C54,Sheet1!$A$2:$D$10,2,0) -> 141150-91211 | E54: CALIPER ASSY,REAR BRAKE,L | F54: 46029 | G54: 0.97916667 | H54: CA-21 | I54: AC5 | J54: 10 | K54: =VLOOKUP($C54,Sheet1!$A$2:$D$10,4,0) -> 2 | L54: =VLOOKUP($C54,Sheet1!$A$2:$E$10,5,0) -> Bin | M54: =J54/K54 -> 5 | O54: HR47G9416 | P54: 12505Q100043
A55: G/I/25-26/01556 | B55: 07N618015743AC5 | C55: 56110M58UA1 | D55: =VLOOKUP($C55,Sheet1!$A$2:$D$10,2,0) -> 116040-92240 | E55: ACTUATOR ASSY,NO VARIANT ESP | F55: 46029 | G55: 0.97916667 | H55: CA-01 | I55: AC5 | J55: 6 | K55: =VLOOKUP($C55,Sheet1!$A$2:$D$10,4,0) -> 6 | L55: =VLOOKUP($C55,Sheet1!$A$2:$E$10,5,0) -> Bin | M55: =J55/K55 -> 1 | O55: HR47G9416 | P55: 12506Q100012
A56: G/I/25-26/01556 | B56: 07N618015786AC5 | C56: 5A120M58U01 | D56: =VLOOKUP($C56,Sheet1!$A$2:$D$10,2,0) -> 114010-50820 | E56: CYLINDER ASSY,BK MASTER W/ECU | F56: 46029 | G56: 0.97916667 | H56: CA-01 | I56: AC5 | J56: 1 | K56: =VLOOKUP($C56,Sheet1!$A$2:$D$10,4,0) -> 1 | L56: =VLOOKUP($C56,Sheet1!$A$2:$E$10,5,0) -> Bin | M56: =J56/K56 -> 1 | O56: HR47G9416 | P56: 12505Q100051
A57: G/I/25-26/01556 | B57: 07N618015824AC5 | C57: 5A120M58U50 | D57: =VLOOKUP($C57,Sheet1!$A$2:$D$10,2,0) -> 114010-50830 | E57: CYLINDER ASSY,BK MASTER W/ECU | F57: 46029 | G57: 0.97916667 | H57: CA-01 | I57: AC5 | J57: 12 | K57: =VLOOKUP($C57,Sheet1!$A$2:$D$10,4,0) -> 1 | L57: =VLOOKUP($C57,Sheet1!$A$2:$E$10,5,0) -> Bin | M57: =J57/K57 -> 12 | O57: HR47G9416 | P57: 12505Q100043
M58: 65 | N58: 4
B59: Download : X539_eNagare_202616.txt

Sheet 08-01-2026
J1: 24AACCN5739J1ZA
A2: Supply Month | B2: 46030 | L2: Vehicle No
A3: INVOICE NO | B3: KANBAN NO | C3: PART NUMBER | D3: Material Code | E3: PART NAME | F3: SUPPLY DATE | G3: SUPPLY TIME | H3: UNLOADING LOC | I3: Line | J3: Qty Req | K3: Packing Standerd | L3: Packed in | M3: TTL Bin | N3: TORLLY | O3: Vehicle No | P3: INV NO
A4: G/I/25-26/01557 | B4: 08N618723683AC5 | C4: 55101M58U10 | D4: =VLOOKUP($C4,Sheet1!$A$2:$D$10,2,0) -> 141110-14600 | E4: CALIPER ASSY,FRONT BRAKE,R | F4: 46030 | G4: 0.35416667 | H4: CA-07 | I4: AC5 | J4: 54 | K4: =VLOOKUP($C4,Sheet1!$A$2:$D$10,4,0) -> 18 | L4: =VLOOKUP($C4,Sheet1!$A$2:$E$10,5,0) -> Trolley (H) | N4: 3 | O4: HR47H5465 | P4: AN0250010911
A5: G/I/25-26/01557 | B5: 08N618723721AC5 | C5: 55102M58U10 | D5: =VLOOKUP($C5,Sheet1!$A$2:$D$10,2,0) -> 141120-14600 | E5: CALIPER ASSY,FRONT BRAKE,L | F5: 46030 | G5: 0.35416667 | H5: CA-07 | I5: AC5 | J5: 54 | K5: =VLOOKUP($C5,Sheet1!$A$2:$D$10,4,0) -> 18 | L5: =VLOOKUP($C5,Sheet1!$A$2:$E$10,5,0) -> Trolley (H) | O5: HR47H5465 | P5: AN0250010911
A6: G/I/25-26/01557 | B6: 08N618723764AC5 | C6: 55311M58U00 | D6: =VLOOKUP($C6,Sheet1!$A$2:$D$10,2,0) -> 141185-74670 | E6: DISC,FRONT BRAKE | F6: 46030 | G6: 0.35416667 | H6: CA-07 | I6: AC5 | J6: 120 | K6: =VLOOKUP($C6,Sheet1!$A$2:$D$10,4,0) -> 40 | L6: =VLOOKUP($C6,Sheet1!$A$2:$E$10,5,0) -> Trolley | N6: =J6/K6 -> 3 | O6: HR47H5465 | P6: 910104658
A7: G/I/25-26/01557 | B7: 07N618102816AC5 | C7: 55401M58U00 | D7: =VLOOKUP($C7,Sheet1!$A$2:$D$10,2,0) -> 141140-91211 | E7: CALIPER ASSY,REAR BRAKE,R | F7: 46030 | G7: 0.35416667 | H7: CA-21 | I7: AC5 | J7: 4 | K7: =VLOOKUP($C7,Sheet1!$A$2:$D$10,4,0) -> 2 | L7: =VLOOKUP($C7,Sheet1!$A$2:$E$10,5,0) -> Bin | M7: =J7/K7 -> 2 | O7: HR47H5465 | P7: 12505Q100043
A8: G/I/25-26/01557 | B8: 08N618723802AC5 | C8: 55401M58U00 | D8: =VLOOKUP($C8,Sheet1!$A$2:$D$10,2,0) -> 141140-91211 | E8: CALIPER ASSY,REAR BRAKE,R | F8: 46030 | G8: 0.35416667 | H8: CA-21 | I8: AC5 | J8: 60 | K8: =VLOOKUP($C8,Sheet1!$A$2:$D$10,4,0) -> 2 | L8: =VLOOKUP($C8,Sheet1!$A$2:$E$10,5,0) -> Bin | M8: =J8/K8 -> 30 | O8: HR47H5465 | P8: 12505Q100043
A9: G/I/25-26/01557 | B9: 07N618101747AC5 | C9: 55402M58U00 | D9: =VLOOKUP($C9,Sheet1!$A$2:$D$10,2,0) -> 141150-91211 | E9: CALIPER ASSY,REAR BRAKE,L | F9: 46030 | G9: 0.35416667 | H9: CA-21 | I9: AC5 | J9: 4 | K9: =VLOOKUP($C9,Sheet1!$A$2:$D$10,4,0) -> 2 | L9: =VLOOKUP($C9,Sheet1!$A$2:$E$10,5,0) -> Bin | M9: =J9/K9 -> 2 | O9: HR47H5465 | P9: 12505Q100043
A10: G/I/25-26/01557 | B10: 08N618723845AC5 | C10: 55402M58U00 | D10: =VLOOKUP($C10,Sheet1!$A$2:$D$10,2,0) -> 141150-91211 | E10: CALIPER ASSY,REAR BRAKE,L | F10: 46030 | G10: 0.35416667 | H10: CA-21 | I10: AC5 | J10: 60 | K10: =VLOOKUP($C10,Sheet1!$A$2:$D$10,4,0) -> 2 | L10: =VLOOKUP($C10,Sheet1!$A$2:$E$10,5,0) -> Bin | M10: =J10/K10 -> 30 | O10: HR47H5465 | P10: 12505Q100043
A11: G/I/25-26/01557 | B11: 07N618103022AC5 | C11: 55611M58U00 | D11: =VLOOKUP($C11,Sheet1!$A$2:$D$10,2,0) -> 141186-74360 | E11: DISC,REAR BRAKE | F11: 46030 | G11: 0.35416667 | H11: CA-21 | I11: AC5 | J11: 40 | K11: =VLOOKUP($C11,Sheet1!$A$2:$D$10,4,0) -> 40 | L11: =VLOOKUP($C11,Sheet1!$A$2:$E$10,5,0) -> Trolley | N11: 1 | O11: HR47H5465 | P11: 910104658
A12: G/I/25-26/01557 | B12: 08N618809847AC5 | C12: 55611M58U00 | D12: =VLOOKUP($C12,Sheet1!$A$2:$D$10,2,0) -> 141186-74360 | E12: DISC,REAR BRAKE | F12: 46030 | G12: 0.35416667 | H12: CA-21 | I12: AC5 | J12: 40 | K12: =VLOOKUP($C12,Sheet1!$A$2:$D$10,4,0) -> 40 | L12: =VLOOKUP($C12,Sheet1!$A$2:$E$10,5,0) -> Trolley | N12: 1 | O12: HR47H5465 | P12: 910104658
A13: G/I/25-26/01558 | B13: 08N618809065AC5 | C13: 56110M58UA1 | D13: =VLOOKUP($C13,Sheet1!$A$2:$D$10,2,0) -> 116040-92240 | E13: ACTUATOR ASSY,NO VARIANT ESP | F13: 46030 | G13: 0.35416667 | H13: CA-01 | I13: AC5 | J13: 36 | K13: =VLOOKUP($C13,Sheet1!$A$2:$D$10,4,0) -> 6 | L13: =VLOOKUP($C13,Sheet1!$A$2:$E$10,5,0) -> Bin | M13: =J13/K13 -> 6 | O13: HR47H5465 | P13: 12506Q100012
A14: G/I/25-26/01558 | B14: 08N618810128AC5 | C14: 5A120M58U01 | D14: =VLOOKUP($C14,Sheet1!$A$2:$D$10,2,0) -> 114010-50820 | E14: CYLINDER ASSY,BK MASTER W/ECU | F14: 46030 | G14: 0.35416667 | H14: CA-01 | I14: AC5 | J14: 13 | K14: =VLOOKUP($C14,Sheet1!$A$2:$D$10,4,0) -> 1 | L14: =VLOOKUP($C14,Sheet1!$A$2:$E$10,5,0) -> Bin | M14: =J14/K14 -> 13 | O14: HR47H5465 | P14: 12505Q100086
A15: G/I/25-26/01558 | B15: 08N618811132AC5 | C15: 5A120M58U50 | D15: =VLOOKUP($C15,Sheet1!$A$2:$D$10,2,0) -> 114010-50830 | E15: CYLINDER ASSY,BK MASTER W/ECU | F15: 46030 | G15: 0.35416667 | H15: CA-01 | I15: AC5 | J15: 23 | K15: =VLOOKUP($C15,Sheet1!$A$2:$D$10,4,0) -> 1 | L15: =VLOOKUP($C15,Sheet1!$A$2:$E$10,5,0) -> Bin | M15: =J15/K15 -> 23 | O15: HR47H5465 | P15: 12505Q100043
M16: 106 | N16: 8
A17: G/I/25-26/01559 | B17: 08N618808662AC5 | C17: 55101M58U10 | D17: =VLOOKUP($C17,Sheet1!$A$2:$D$10,2,0) -> 141110-14600 | E17: CALIPER ASSY,FRONT BRAKE,R | F17: 46030 | G17: 0.35416667 | H17: CA-07 | I17: AC5 | J17: 36 | K17: =VLOOKUP($C17,Sheet1!$A$2:$D$10,4,0) -> 18 | L17: =VLOOKUP($C17,Sheet1!$A$2:$E$10,5,0) -> Trolley (H) | N17: 2 | O17: HR47E8635 | P17: AN0250010911
A18: G/I/25-26/01559 | B18: 08N618802850AC5 | C18: 55102M58U10 | D18: =VLOOKUP($C18,Sheet1!$A$2:$D$10,2,0) -> 141120-14600 | E18: CALIPER ASSY,FRONT BRAKE,L | F18: 46030 | G18: 0.35416667 | H18: CA-07 | I18: AC5 | J18: 36 | K18: =VLOOKUP($C18,Sheet1!$A$2:$D$10,4,0) -> 18 | L18: =VLOOKUP($C18,Sheet1!$A$2:$E$10,5,0) -> Trolley (H) | O18: HR47E8635 | P18: AN0250010911
A19: G/I/25-26/01559 | B19: 08N618723683AC5 | C19: 55101M58U10 | D19: =VLOOKUP($C19,Sheet1!$A$2:$D$10,2,0) -> 141110-14600 | E19: CALIPER ASSY,FRONT BRAKE,R | F19: 46030 | G19: 0.35416667 | H19: CA-07 | I19: AC5 | J19: 18 | K19: =VLOOKUP($C19,Sheet1!$A$2:$D$10,4,0) -> 18 | L19: =VLOOKUP($C19,Sheet1!$A$2:$E$10,5,0) -> Trolley (H) | N19: 1 | O19: HR47E8635 | P19: AN0250010911
A20: G/I/25-26/01559 | B20: 08N618723721AC5 | C20: 55102M58U10 | D20: =VLOOKUP($C20,Sheet1!$A$2:$D$10,2,0) -> 141120-14600 | E20: CALIPER ASSY,FRONT BRAKE,L | F20: 46030 | G20: 0.35416667 | H20: CA-07 | I20: AC5 | J20: 18 | K20: =VLOOKUP($C20,Sheet1!$A$2:$D$10,4,0) -> 18 | L20: =VLOOKUP($C20,Sheet1!$A$2:$E$10,5,0) -> Trolley (H) | O20: HR47E8635 | P20: AN0250010911
A21: G/I/25-26/01559 | B21: 08N618812414AC5 | C21: 55311M58U00 | D21: =VLOOKUP($C21,Sheet1!$A$2:$D$10,2,0) -> 141185-74670 | E21: DISC,FRONT BRAKE | F21: 46030 | G21: 0.35416667 | H21: CA-07 | I21: AC5 | J21: 80 | K21: =VLOOKUP($C21,Sheet1!$A$2:$D$10,4,0) -> 40 | L21: =VLOOKUP($C21,Sheet1!$A$2:$E$10,5,0) -> Trolley | N21: =J21/K21 -> 2 | O21: HR47E8635 | P21: 910104658
A22: G/I/25-26/01559 | B22: 08N618809570AC5 | C22: 55401M58U00 | D22: =VLOOKUP($C22,Sheet1!$A$2:$D$10,2,0) -> 141140-91211 | E22: CALIPER ASSY,REAR BRAKE,R | F22: 46030 | G22: 0.35416667 | H22: CA-21 | I22: AC5 | J22: 36 | K22: =VLOOKUP($C22,Sheet1!$A$2:$D$10,4,0) -> 2 | L22: =VLOOKUP($C22,Sheet1!$A$2:$E$10,5,0) -> Bin | M22: =J22/K22 -> 18 | O22: HR47E8635 | P22: 12505Q100043
A23: G/I/25-26/01559 | B23: 08N618808506AC5 | C23: 55402M58U00 | D23: =VLOOKUP($C23,Sheet1!$A$2:$D$10,2,0) -> 141150-91211 | E23: CALIPER ASSY,REAR BRAKE,L | F23: 46030 | G23: 0.35416667 | H23: CA-21 | I23: AC5 | J23: 36 | K23: =VLOOKUP($C23,Sheet1!$A$2:$D$10,4,0) -> 2 | L23: =VLOOKUP($C23,Sheet1!$A$2:$E$10,5,0) -> Bin | M23: =J23/K23 -> 18 | O23: HR47E8635 | P23: 12505Q100031
A24: G/I/25-26/01559 | B24: 08N618723888AC5 | C24: 55611M58U00 | D24: =VLOOKUP($C24,Sheet1!$A$2:$D$10,2,0) -> 141186-74360 | E24: DISC,REAR BRAKE | F24: 46030 | G24: 0.35416667 | H24: CA-21 | I24: AC5 | J24: 120 | K24: =VLOOKUP($C24,Sheet1!$A$2:$D$10,4,0) -> 40 | L24: =VLOOKUP($C24,Sheet1!$A$2:$E$10,5,0) -> Trolley | N24: 3 | O24: HR47E8635 | P24: 910104658-110 Qty. / 910104269-10 Qty.
A25: G/I/25-26/01560 | B25: 08N618723926AC5 | C25: 56110M58UA1 | D25: =VLOOKUP($C25,Sheet1!$A$2:$D$10,2,0) -> 116040-92240 | E25: ACTUATOR ASSY,NO VARIANT ESP | F25: 46030 | G25: 0.35416667 | H25: CA-01 | I25: AC5 | J25: 60 | K25: =VLOOKUP($C25,Sheet1!$A$2:$D$10,4,0) -> 6 | L25: =VLOOKUP($C25,Sheet1!$A$2:$E$10,5,0) -> Bin | M25: =J25/K25 -> 10 | O25: HR47E8635 | P25: 12506Q100012
A26: G/I/25-26/01560 | B26: 07N618102328AC5 | C26: 5A120M58U01 | D26: =VLOOKUP($C26,Sheet1!$A$2:$D$10,2,0) -> 114010-50820 | E26: CYLINDER ASSY,BK MASTER W/ECU | F26: 46030 | G26: 0.35416667 | H26: CA-01 | I26: AC5 | J26: 3 | K26: =VLOOKUP($C26,Sheet1!$A$2:$D$10,4,0) -> 1 | L26: =VLOOKUP($C26,Sheet1!$A$2:$E$10,5,0) -> Bin | M26: =J26/K26 -> 3 | O26: HR47E8635 | P26: 12505Q100051
A27: G/I/25-26/01560 | B27: 08N618723969AC5 | C27: 5A120M58U01 | D27: =VLOOKUP($C27,Sheet1!$A$2:$D$10,2,0) -> 114010-50820 | E27: CYLINDER ASSY,BK MASTER W/ECU | F27: 46030 | G27: 0.35416667 | H27: CA-01 | I27: AC5 | J27: 17 | K27: =VLOOKUP($C27,Sheet1!$A$2:$D$10,4,0) -> 1 | L27: =VLOOKUP($C27,Sheet1!$A$2:$E$10,5,0) -> Bin | M27: =J27/K27 -> 17 | O27: HR47E8635 | P27: 12505Q100051
A28: G/I/25-26/01560 | B28: 08N618724000AC5 | C28: 5A120M58U50 | D28: =VLOOKUP($C28,Sheet1!$A$2:$D$10,2,0) -> 114010-50830 | E28: CYLINDER ASSY,BK MASTER W/ECU | F28: 46030 | G28: 0.35416667 | H28: CA-01 | I28: AC5 | J28: 44 | K28: =VLOOKUP($C28,Sheet1!$A$2:$D$10,4,0) -> 1 | L28: =VLOOKUP($C28,Sheet1!$A$2:$E$10,5,0) -> Bin | M28: =J28/K28 -> 44 | O28: HR47E8635 | P28: 12505Q100064-20 Qt. / 12505Q100086 -24 Qty.
M29: 110 | N29: 8
A30: G/I/25-26/01561 | B30: 08N618723691AC5 | C30: 55101M58U10 | D30: =VLOOKUP($C30,Sheet1!$A$2:$D$10,2,0) -> 141110-14600 | E30: CALIPER ASSY,FRONT BRAKE,R | F30: 46030 | G30: 0.5625 | H30: CA-07 | I30: AC5 | J30: 36 | K30: =VLOOKUP($C30,Sheet1!$A$2:$D$10,4,0) -> 18 | L30: =VLOOKUP($C30,Sheet1!$A$2:$E$10,5,0) -> Trolley (H) | N30: 2 | O30: HR47E2937 | P30: AN0250010911
A31: G/I/25-26/01561 | B31: 08N618723730AC5 | C31: 55102M58U10 | D31: =VLOOKUP($C31,Sheet1!$A$2:$D$10,2,0) -> 141120-14600 | E31: CALIPER ASSY,FRONT BRAKE,L | F31: 46030 | G31: 0.5625 | H31: CA-07 | I31: AC5 | J31: 36 | K31: =VLOOKUP($C31,Sheet1!$A$2:$D$10,4,0) -> 18 | L31: =VLOOKUP($C31,Sheet1!$A$2:$E$10,5,0) -> Trolley (H) | O31: HR47E2937 | P31: AN0250010911
A32: G/I/25-26/01561 | B32: 08N618723772AC5 | C32: 55311M58U00 | D32: =VLOOKUP($C32,Sheet1!$A$2:$D$10,2,0) -> 141185-74670 | E32: DISC,FRONT BRAKE | F32: 46030 | G32: 0.5625 | H32: CA-07 | I32: AC5 | J32: 80 | K32: =VLOOKUP($C32,Sheet1!$A$2:$D$10,4,0) -> 40 | L32: =VLOOKUP($C32,Sheet1!$A$2:$E$10,5,0) -> Trolley | N32: =J32/K32 -> 2 | O32: HR47E2937 | P32: 910104658
A33: G/I/25-26/01561 | B33: 08N618723810AC5 | C33: 55401M58U00 | D33: =VLOOKUP($C33,Sheet1!$A$2:$D$10,2,0) -> 141140-91211 | E33: CALIPER ASSY,REAR BRAKE,R | F33: 46030 | G33: 0.5625 | H33: CA-21 | I33: AC5 | J33: 44 | K33: =VLOOKUP($C33,Sheet1!$A$2:$D$10,4,0) -> 2 | L33: =VLOOKUP($C33,Sheet1!$A$2:$E$10,5,0) -> Bin | M33: =J33/K33 -> 22 | O33: HR47E2937 | P33: 12505Q100043
A34: G/I/25-26/01561 | B34: 08N618723853AC5 | C34: 55402M58U00 | D34: =VLOOKUP($C34,Sheet1!$A$2:$D$10,2,0) -> 141150-91211 | E34: CALIPER ASSY,REAR BRAKE,L | F34: 46030 | G34: 0.5625 | H34: CA-21 | I34: AC5 | J34: 44 | K34: =VLOOKUP($C34,Sheet1!$A$2:$D$10,4,0) -> 2 | L34: =VLOOKUP($C34,Sheet1!$A$2:$E$10,5,0) -> Bin | M34: =J34/K34 -> 22 | O34: HR47E2937 | P34: 12505Q100031
A35: G/I/25-26/01561 | B35: 08N618723896AC5 | C35: 55611M58U00 | D35: =VLOOKUP($C35,Sheet1!$A$2:$D$10,2,0) -> 141186-74360 | E35: DISC,REAR BRAKE | F35: 46030 | G35: 0.5625 | H35: CA-21 | I35: AC5 | J35: 80 | K35: =VLOOKUP($C35,Sheet1!$A$2:$D$10,4,0) -> 40 | L35: =VLOOKUP($C35,Sheet1!$A$2:$E$10,5,0) -> Trolley | N35: =J35/K35 -> 2 | O35: HR47E2937 | P35: 910104269-53 Qty. / 910104658-27 Qty.
A36: G/I/25-26/01562 | B36: 08N618723934AC5 | C36: 56110M58UA1 | D36: =VLOOKUP($C36,Sheet1!$A$2:$D$10,2,0) -> 116040-92240 | E36: ACTUATOR ASSY,NO VARIANT ESP | F36: 46030 | G36: 0.5625 | H36: CA-01 | I36: AC5 | J36: 48 | K36: =VLOOKUP($C36,Sheet1!$A$2:$D$10,4,0) -> 6 | L36: =VLOOKUP($C36,Sheet1!$A$2:$E$10,5,0) -> Bin | M36: =J36/K36 -> 8 | O36: HR47E2937 | P36: 12506Q100012
A37: G/I/25-26/01562 | B37: 08N618723977AC5 | C37: 5A120M58U01 | D37: =VLOOKUP($C37,Sheet1!$A$2:$D$10,2,0) -> 114010-50820 | E37: CYLINDER ASSY,BK MASTER W/ECU | F37: 46030 | G37: 0.5625 | H37: CA-01 | I37: AC5 | J37: 17 | K37: =VLOOKUP($C37,Sheet1!$A$2:$D$10,4,0) -> 1 | L37: =VLOOKUP($C37,Sheet1!$A$2:$E$10,5,0) -> Bin | M37: =J37/K37 -> 17 | O37: HR47E2937 | P37: 12505Q100051
A38: G/I/25-26/01562 | B38: 08N618724019AC5 | C38: 5A120M58U50 | D38: =VLOOKUP($C38,Sheet1!$A$2:$D$10,2,0) -> 114010-50830 | E38: CYLINDER ASSY,BK MASTER W/ECU | F38: 46030 | G38: 0.5625 | H38: CA-01 | I38: AC5 | J38: 26 | K38: =VLOOKUP($C38,Sheet1!$A$2:$D$10,4,0) -> 1 | L38: =VLOOKUP($C38,Sheet1!$A$2:$E$10,5,0) -> Bin | M38: =J38/K38 -> 26 | O38: HR47E2937 | P38: 12505Q100086
M39: 95 | N39: 6
A40: G/I/25-26/01567 | B40: AR446644558AD2 | C40: 55101M58U10 | D40: =VLOOKUP($C40,Sheet1!$A$2:$D$10,2,0) -> 141110-14600 | F40: 46030 | G40: DI YMC | H40: DA-01 | J40: 27 | K40: =VLOOKUP($C40,Sheet1!$A$2:$D$10,4,0) -> 18 | L40: =VLOOKUP($C40,Sheet1!$A$2:$E$10,5,0) -> Trolley (H) | N40: 2 | O40: HR47G9416 | P40: AN0250010996
A41: G/I/25-26/01567 | B41: AR446644568AD2 | C41: 55102M58U10 | D41: =VLOOKUP($C41,Sheet1!$A$2:$D$10,2,0) -> 141120-14600 | F41: 46030 | G41: DI YMC | H41: DA-01 | J41: 27 | K41: =VLOOKUP($C41,Sheet1!$A$2:$D$10,4,0) -> 18 | L41: =VLOOKUP($C41,Sheet1!$A$2:$E$10,5,0) -> Trolley (H) | O41: HR47G9416 | P41: AN0250010996
A42: G/I/25-26/01567 | B42: AR446646206AD2 | C42: 55311M58U00 | D42: =VLOOKUP($C42,Sheet1!$A$2:$D$10,2,0) -> 141185-74670 | F42: 46030 | G42: DI YMC | H42: DA-01 | J42: 54 | K42: =VLOOKUP($C42,Sheet1!$A$2:$D$10,4,0) -> 40 | L42: =VLOOKUP($C42,Sheet1!$A$2:$E$10,5,0) -> Trolley | N42: 2 | O42: HR47G9416 | P42: 90104677
A43: G/I/25-26/01567 | B43: AR446644578AD2 | C43: 55401M58U00 | D43: =VLOOKUP($C43,Sheet1!$A$2:$D$10,2,0) -> 141140-91211 | F43: 46030 | G43: DI YMC | H43: DA-01 | J43: 27 | K43: =VLOOKUP($C43,Sheet1!$A$2:$D$10,4,0) -> 2 | L43: =VLOOKUP($C43,Sheet1!$A$2:$E$10,5,0) -> Bin | M43: 14 | O43: HR47G9416 | P43: 12505Q100031
A44: G/I/25-26/01567 | B44: AR446644588AD2 | C44: 55402M58U00 | D44: =VLOOKUP($C44,Sheet1!$A$2:$D$10,2,0) -> 141150-91211 | F44: 46030 | G44: DI YMC | H44: DA-01 | J44: 27 | K44: =VLOOKUP($C44,Sheet1!$A$2:$D$10,4,0) -> 2 | L44: =VLOOKUP($C44,Sheet1!$A$2:$E$10,5,0) -> Bin | M44: 14 | O44: HR47G9416 | P44: 12505Q100031
A45: G/I/25-26/01567 | B45: AR446646216AD2 | C45: 55611M58U00 | D45: =VLOOKUP($C45,Sheet1!$A$2:$D$10,2,0) -> 141186-74360 | F45: 46030 | G45: DI YMC | H45: DA-01 | J45: 54 | K45: =VLOOKUP($C45,Sheet1!$A$2:$D$10,4,0) -> 40 | L45: =VLOOKUP($C45,Sheet1!$A$2:$E$10,5,0) -> Trolley | N45: 2 | O45: HR47G9416 | P45: 910104658-38 Qty. /910103227-16 Qty.
A46: G/I/25-26/01568 | B46: AR446644598AD2 | C46: 56110M58UA1 | D46: =VLOOKUP($C46,Sheet1!$A$2:$D$10,2,0) -> 116040-92240 | F46: 46030 | G46: DI YMC | H46: DA-01 | J46: 27 | K46: =VLOOKUP($C46,Sheet1!$A$2:$D$10,4,0) -> 6 | L46: =VLOOKUP($C46,Sheet1!$A$2:$E$10,5,0) -> Bin | M46: 5 | O46: HR47G9416 | P46: 12506Q100012
A47: G/I/25-26/01568 | B47: AR446644607AD2 | C47: 5A120M58U01 | D47: =VLOOKUP($C47,Sheet1!$A$2:$D$10,2,0) -> 114010-50820 | F47: 46030 | G47: DI YMC | H47: DA-01 | J47: 27 | K47: =VLOOKUP($C47,Sheet1!$A$2:$D$10,4,0) -> 1 | L47: =VLOOKUP($C47,Sheet1!$A$2:$E$10,5,0) -> Bin | M47: 27 | O47: HR47G9416 | P47: 12505Q100064
M48: 60 | N48: 6
A49: G/I/25-26/01563 | B49: 08N618723705AC5 | C49: 55101M58U10 | D49: =VLOOKUP($C49,Sheet1!$A$2:$D$10,2,0) -> 141110-14600 | E49: CALIPER ASSY,FRONT BRAKE,R | F49: 46030 | G49: 0.77083333 | H49: CA-07 | I49: AC5 | J49: 36 | K49: =VLOOKUP($C49,Sheet1!$A$2:$D$10,4,0) -> 18 | L49: =VLOOKUP($C49,Sheet1!$A$2:$E$10,5,0) -> Trolley (H) | N49: 2 | O49: HR47H5465 | P49: AN0250010911
A50: G/I/25-26/01563 | B50: 08N618723748AC5 | C50: 55102M58U10 | D50: =VLOOKUP($C50,Sheet1!$A$2:$D$10,2,0) -> 141120-14600 | E50: CALIPER ASSY,FRONT BRAKE,L | F50: 46030 | G50: 0.77083333 | H50: CA-07 | I50: AC5 | J50: 36 | K50: =VLOOKUP($C50,Sheet1!$A$2:$D$10,4,0) -> 18 | L50: =VLOOKUP($C50,Sheet1!$A$2:$E$10,5,0) -> Trolley (H) | O50: HR47H5465 | P50: AN0250010911
A51: G/I/25-26/01563 | B51: 08N618723780AC5 | C51: 55311M58U00 | D51: =VLOOKUP($C51,Sheet1!$A$2:$D$10,2,0) -> 141185-74670 | E51: DISC,FRONT BRAKE | F51: 46030 | G51: 0.77083333 | H51: CA-07 | I51: AC5 | J51: 80 | K51: =VLOOKUP($C51,Sheet1!$A$2:$D$10,4,0) -> 40 | L51: =VLOOKUP($C51,Sheet1!$A$2:$E$10,5,0) -> Trolley | N51: =J51/K51 -> 2 | O51: HR47H5465 | P51: 910104658
A52: G/I/25-26/01563 | B52: 08N618723829AC5 | C52: 55401M58U00 | D52: =VLOOKUP($C52,Sheet1!$A$2:$D$10,2,0) -> 141140-91211 | E52: CALIPER ASSY,REAR BRAKE,R | F52: 46030 | G52: 0.77083333 | H52: CA-21 | I52: AC5 | J52: 40 | K52: =VLOOKUP($C52,Sheet1!$A$2:$D$10,4,0) -> 2 | L52: =VLOOKUP($C52,Sheet1!$A$2:$E$10,5,0) -> Bin | M52: =J52/K52 -> 20 | O52: HR47H5465 | P52: 12505Q100031
A53: G/I/25-26/01563 | B53: 08N618723861AC5 | C53: 55402M58U00 | D53: =VLOOKUP($C53,Sheet1!$A$2:$D$10,2,0) -> 141150-91211 | E53: CALIPER ASSY,REAR BRAKE,L | F53: 46030 | G53: 0.77083333 | H53: CA-21 | I53: AC5 | J53: 40 | K53: =VLOOKUP($C53,Sheet1!$A$2:$D$10,4,0) -> 2 | L53: =VLOOKUP($C53,Sheet1!$A$2:$E$10,5,0) -> Bin | M53: =J53/K53 -> 20 | O53: HR47H5465 | P53: 12505Q100031
A54: G/I/25-26/01563 | B54: 08N618723900AC5 | C54: 55611M58U00 | D54: =VLOOKUP($C54,Sheet1!$A$2:$D$10,2,0) -> 141186-74360 | E54: DISC,REAR BRAKE | F54: 46030 | G54: 0.77083333 | H54: CA-21 | I54: AC5 | J54: 80 | K54: =VLOOKUP($C54,Sheet1!$A$2:$D$10,4,0) -> 40 | L54: =VLOOKUP($C54,Sheet1!$A$2:$E$10,5,0) -> Trolley | N54: =J54/K54 -> 2 | O54: HR47H5465 | P54: 910104658-40 Qty. / 910104269-40 Qty.
A55: G/I/25-26/01564 | B55: 08N618723942AC5 | C55: 56110M58UA1 | D55: =VLOOKUP($C55,Sheet1!$A$2:$D$10,2,0) -> 116040-92240 | E55: ACTUATOR ASSY,NO VARIANT ESP | F55: 46030 | G55: 0.77083333 | H55: CA-01 | I55: AC5 | J55: 36 | K55: =VLOOKUP($C55,Sheet1!$A$2:$D$10,4,0) -> 6 | L55: =VLOOKUP($C55,Sheet1!$A$2:$E$10,5,0) -> Bin | M55: =J55/K55 -> 6 | O55: HR47H5465 | P55: 12506Q100012
A56: G/I/25-26/01564 | B56: 08N618723993AC5 | C56: 5A120M58U01 | D56: =VLOOKUP($C56,Sheet1!$A$2:$D$10,2,0) -> 114010-50820 | E56: CYLINDER ASSY,BK MASTER W/ECU | F56: 46030 | G56: 0.77083333 | H56: CA-01 | I56: AC5 | J56: 16 | K56: =VLOOKUP($C56,Sheet1!$A$2:$D$10,4,0) -> 1 | L56: =VLOOKUP($C56,Sheet1!$A$2:$E$10,5,0) -> Bin | M56: =J56/K56 -> 16 | O56: HR47H5465 | P56: 12505Q100064
A57: G/I/25-26/01564 | B57: 08N618724027AC5 | C57: 5A120M58U50 | D57: =VLOOKUP($C57,Sheet1!$A$2:$D$10,2,0) -> 114010-50830 | E57: CYLINDER ASSY,BK MASTER W/ECU | F57: 46030 | G57: 0.77083333 | H57: CA-01 | I57: AC5 | J57: 27 | K57: =VLOOKUP($C57,Sheet1!$A$2:$D$10,4,0) -> 1 | L57: =VLOOKUP($C57,Sheet1!$A$2:$E$10,5,0) -> Bin | M57: =J57/K57 -> 27 | O57: HR47H5465 | P57: 12505Q100086
M58: 89 | N58: 6
A59: G/I/25-26/01565 | B59: 08N618723713AC5 | C59: 55101M58U10 | D59: =VLOOKUP($C59,Sheet1!$A$2:$D$10,2,0) -> 141110-14600 | E59: CALIPER ASSY,FRONT BRAKE,R | F59: 46030 | G59: 0.97916667 | H59: CA-07 | I59: AC5 | J59: 54 | K59: =VLOOKUP($C59,Sheet1!$A$2:$D$10,4,0) -> 18 | L59: =VLOOKUP($C59,Sheet1!$A$2:$E$10,5,0) -> Trolley (H) | N59: 3 | O59: HR47E8635 | P59: AN0250010911
A60: G/I/25-26/01565 | B60: 08N618723756AC5 | C60: 55102M58U10 | D60: =VLOOKUP($C60,Sheet1!$A$2:$D$10,2,0) -> 141120-14600 | E60: CALIPER ASSY,FRONT BRAKE,L | F60: 46030 | G60: 0.97916667 | H60: CA-07 | I60: AC5 | J60: 54 | K60: =VLOOKUP($C60,Sheet1!$A$2:$D$10,4,0) -> 18 | L60: =VLOOKUP($C60,Sheet1!$A$2:$E$10,5,0) -> Trolley (H) | O60: HR47E8635 | P60: AN0250010911
A61: G/I/25-26/01565 | B61: 08N618723799AC5 | C61: 55311M58U00 | D61: =VLOOKUP($C61,Sheet1!$A$2:$D$10,2,0) -> 141185-74670 | E61: DISC,FRONT BRAKE | F61: 46030 | G61: 0.97916667 | H61: CA-07 | I61: AC5 | J61: 80 | K61: =VLOOKUP($C61,Sheet1!$A$2:$D$10,4,0) -> 40 | L61: =VLOOKUP($C61,Sheet1!$A$2:$E$10,5,0) -> Trolley | N61: =J61/K61 -> 2 | O61: HR47E8635 | P61: 910104677
A62: G/I/25-26/01565 | B62: 08N618723837AC5 | C62: 55401M58U00 | D62: =VLOOKUP($C62,Sheet1!$A$2:$D$10,2,0) -> 141140-91211 | E62: CALIPER ASSY,REAR BRAKE,R | F62: 46030 | G62: 0.97916667 | H62: CA-21 | I62: AC5 | J62: 36 | K62: =VLOOKUP($C62,Sheet1!$A$2:$D$10,4,0) -> 2 | L62: =VLOOKUP($C62,Sheet1!$A$2:$E$10,5,0) -> Bin | M62: =J62/K62 -> 18 | O62: HR47E8635 | P62: 12505Q100031
A63: G/I/25-26/01565 | B63: 08N618723870AC5 | C63: 55402M58U00 | D63: =VLOOKUP($C63,Sheet1!$A$2:$D$10,2,0) -> 141150-91211 | E63: CALIPER ASSY,REAR BRAKE,L | F63: 46030 | G63: 0.97916667 | H63: CA-21 | I63: AC5 | J63: 36 | K63: =VLOOKUP($C63,Sheet1!$A$2:$D$10,4,0) -> 2 | L63: =VLOOKUP($C63,Sheet1!$A$2:$E$10,5,0) -> Bin | M63: =J63/K63 -> 18 | O63: HR47E8635 | P63: 12505Q100031
A64: G/I/25-26/01565 | B64: 08N618723918AC5 | C64: 55611M58U00 | D64: =VLOOKUP($C64,Sheet1!$A$2:$D$10,2,0) -> 141186-74360 | E64: DISC,REAR BRAKE | F64: 46030 | G64: 0.97916667 | H64: CA-21 | I64: AC5 | J64: 80 | K64: =VLOOKUP($C64,Sheet1!$A$2:$D$10,4,0) -> 40 | L64: =VLOOKUP($C64,Sheet1!$A$2:$E$10,5,0) -> Trolley | N64: =J64/K64 -> 2 | O64: HR47E8635 | P64: 910104658
A65: G/I/25-26/01566 | B65: 08N618723950AC5 | C65: 56110M58UA1 | D65: =VLOOKUP($C65,Sheet1!$A$2:$D$10,2,0) -> 116040-92240 | E65: ACTUATOR ASSY,NO VARIANT ESP | F65: 46030 | G65: 0.97916667 | H65: CA-01 | I65: AC5 | J65: 36 | K65: =VLOOKUP($C65,Sheet1!$A$2:$D$10,4,0) -> 6 | L65: =VLOOKUP($C65,Sheet1!$A$2:$E$10,5,0) -> Bin | M65: =J65/K65 -> 6 | O65: HR47E8635 | P65: 12506Q100012
A66: G/I/25-26/01566 | B66: 08N618723985AC5 | C66: 5A120M58U01 | D66: =VLOOKUP($C66,Sheet1!$A$2:$D$10,2,0) -> 114010-50820 | E66: CYLINDER ASSY,BK MASTER W/ECU | F66: 46030 | G66: 0.97916667 | H66: CA-01 | I66: AC5 | J66: 13 | K66: =VLOOKUP($C66,Sheet1!$A$2:$D$10,4,0) -> 1 | L66: =VLOOKUP($C66,Sheet1!$A$2:$E$10,5,0) -> Bin | M66: =J66/K66 -> 13 | O66: HR47E8635 | P66: 12505Q100064
A67: G/I/25-26/01566 | B67: 08N618724035AC5 | C67: 5A120M58U50 | D67: =VLOOKUP($C67,Sheet1!$A$2:$D$10,2,0) -> 114010-50830 | E67: CYLINDER ASSY,BK MASTER W/ECU | F67: 46030 | G67: 0.97916667 | H67: CA-01 | I67: AC5 | J67: 21 | K67: =VLOOKUP($C67,Sheet1!$A$2:$D$10,4,0) -> 1 | L67: =VLOOKUP($C67,Sheet1!$A$2:$E$10,5,0) -> Bin | M67: =J67/K67 -> 21 | O67: HR47E8635 | P67: 12505Q100086
M68: 76 | N68: 7

Sheet 09-01-2026
J1: 24AACCN5739J1ZA
A2: Supply Month | B2: 46031 | L2: Vehicle No
A3: INVOICE NO | B3: KANBAN NO | C3: PART NUMBER | D3: Material Code | E3: PART NAME | F3: SUPPLY DATE | G3: SUPPLY TIME | H3: UNLOADING LOC | I3: Line | J3: Qty Req | K3: Packing Standerd | L3: Packed in | M3: TTL Bin | N3: TORLLY | O3: Vehicle No | P3: INV NO
A4: G/I/25-26/01570 | B4: 09N619382731AC5 | C4: 55101M58U10 | D4: =VLOOKUP($C4,Sheet1!$A$2:$D$10,2,0) -> 141110-14600 | E4: CALIPER ASSY,FRONT BRAKE,R | F4: 46031 | G4: 0.35416667 | H4: CA-07 | I4: AC5 | J4: 54 | K4: =VLOOKUP($C4,Sheet1!$A$2:$D$10,4,0) -> 18 | L4: =VLOOKUP($C4,Sheet1!$A$2:$E$10,5,0) -> Trolley (H) | N4: 3 | O4: HR47E2937 | P4: AN0250010911-42 Qty. / AN0250010996 -12 Qty.
A5: G/I/25-26/01570 | B5: 09N619382774AC5 | C5: 55102M58U10 | D5: =VLOOKUP($C5,Sheet1!$A$2:$D$10,2,0) -> 141120-14600 | E5: CALIPER ASSY,FRONT BRAKE,L | F5: 46031 | G5: 0.35416667 | H5: CA-07 | I5: AC5 | J5: 54 | K5: =VLOOKUP($C5,Sheet1!$A$2:$D$10,4,0) -> 18 | L5: =VLOOKUP($C5,Sheet1!$A$2:$E$10,5,0) -> Trolley (H) | O5: HR47E2937 | P5: AN0250010911-43 Qty. / AN0250010996 -11 Qty.
A6: G/I/25-26/01570 | B6: 09N619382812AC5 | C6: 55311M58U00 | D6: =VLOOKUP($C6,Sheet1!$A$2:$D$10,2,0) -> 141185-74670 | E6: DISC,FRONT BRAKE | F6: 46031 | G6: 0.35416667 | H6: CA-07 | I6: AC5 | J6: 120 | K6: =VLOOKUP($C6,Sheet1!$A$2:$D$10,4,0) -> 40 | L6: =VLOOKUP($C6,Sheet1!$A$2:$E$10,5,0) -> Trolley | N6: =J6/K6 -> 3 | O6: HR47E2937 | P6: 910104658
A7: G/I/25-26/01570 | B7: 09N619382855AC5 | C7: 55401M58U00 | D7: =VLOOKUP($C7,Sheet1!$A$2:$D$10,2,0) -> 141140-91211 | E7: CALIPER ASSY,REAR BRAKE,R | F7: 46031 | G7: 0.35416667 | H7: CA-21 | I7: AC5 | J7: 76 | K7: =VLOOKUP($C7,Sheet1!$A$2:$D$10,4,0) -> 2 | L7: =VLOOKUP($C7,Sheet1!$A$2:$E$10,5,0) -> Bin | M7: =J7/K7 -> 38 | O7: HR47E2937 | P7: 12505Q100031
A8: G/I/25-26/01570 | B8: 09N619382898AC5 | C8: 55402M58U00 | D8: =VLOOKUP($C8,Sheet1!$A$2:$D$10,2,0) -> 141150-91211 | E8: CALIPER ASSY,REAR BRAKE,L | F8: 46031 | G8: 0.35416667 | H8: CA-21 | I8: AC5 | J8: 76 | K8: =VLOOKUP($C8,Sheet1!$A$2:$D$10,4,0) -> 2 | L8: =VLOOKUP($C8,Sheet1!$A$2:$E$10,5,0) -> Bin | M8: =J8/K8 -> 38 | O8: HR47E2937 | P8: 12505Q100031
A9: G/I/25-26/01570 | B9: 09N619382936AC5 | C9: 55611M58U00 | D9: =VLOOKUP($C9,Sheet1!$A$2:$D$10,2,0) -> 141186-74360 | E9: DISC,REAR BRAKE | F9: 46031 | G9: 0.35416667 | H9: CA-21 | I9: AC5 | J9: 120 | K9: =VLOOKUP($C9,Sheet1!$A$2:$D$10,4,0) -> 40 | L9: =VLOOKUP($C9,Sheet1!$A$2:$E$10,5,0) -> Trolley | N9: =J9/K9 -> 3 | O9: HR47E2937 | P9: 910104658-46 Qty. / 910104677-74 Qty.
A10: G/I/25-26/01571 | B10: 09N619382979AC5 | C10: 56110M58UA1 | D10: =VLOOKUP($C10,Sheet1!$A$2:$D$10,2,0) -> 116040-92240 | E10: ACTUATOR ASSY,NO VARIANT ESP | F10: 46031 | G10: 0.35416667 | H10: CA-01 | I10: AC5 | J10: 72 | K10: =VLOOKUP($C10,Sheet1!$A$2:$D$10,4,0) -> 6 | L10: =VLOOKUP($C10,Sheet1!$A$2:$E$10,5,0) -> Bin | M10: =J10/K10 -> 12 | O10: HR47E2937 | P10: 12506Q100012
A11: G/I/25-26/01571 | B11: 09N619383010AC5 | C11: 5A120M58U01 | D11: =VLOOKUP($C11,Sheet1!$A$2:$D$10,2,0) -> 114010-50820 | E11: CYLINDER ASSY,BK MASTER W/ECU | F11: 46031 | G11: 0.35416667 | H11: CA-01 | I11: AC5 | J11: 19 | K11: =VLOOKUP($C11,Sheet1!$A$2:$D$10,4,0) -> 1 | L11: =VLOOKUP($C11,Sheet1!$A$2:$E$10,5,0) -> Bin | M11: =J11/K11 -> 19 | O11: HR47E2937 | P11: 12505Q100064
A12: G/I/25-26/01571 | B12: 09N619524455AC5 | C12: 5A120M58U50 | D12: =VLOOKUP($C12,Sheet1!$A$2:$D$10,2,0) -> 114010-50830 | E12: CYLINDER ASSY,BK MASTER W/ECU | F12: 46031 | G12: 0.35416667 | H12: CA-01 | I12: AC5 | J12: 18 | K12: =VLOOKUP($C12,Sheet1!$A$2:$D$10,4,0) -> 1 | L12: =VLOOKUP($C12,Sheet1!$A$2:$E$10,5,0) -> Bin | M12: =J12/K12 -> 18 | O12: HR47E2937 | P12: 12505Q100086
M13: 125 | N13: 9
A14: G/I/25-26/01572 | B14: 09N619515294AC5 | C14: 55101M58U10 | D14: =VLOOKUP($C14,Sheet1!$A$2:$D$10,2,0) -> 141110-14600 | E14: CALIPER ASSY,FRONT BRAKE,R | F14: 46031 | G14: 0.35416667 | H14: CA-07 | I14: AC5 | J14: 36 | K14: =VLOOKUP($C14,Sheet1!$A$2:$D$10,4,0) -> 18 | L14: =VLOOKUP($C14,Sheet1!$A$2:$E$10,5,0) -> Trolley (H) | N14: 2 | O14: HR47H5465 | P14: AN0250010996
A15: G/I/25-26/01572 | B15: 09N619517211AC5 | C15: 55102M58U10 | D15: =VLOOKUP($C15,Sheet1!$A$2:$D$10,2,0) -> 141120-14600 | E15: CALIPER ASSY,FRONT BRAKE,L | F15: 46031 | G15: 0.35416667 | H15: CA-07 | I15: AC5 | J15: 36 | K15: =VLOOKUP($C15,Sheet1!$A$2:$D$10,4,0) -> 18 | L15: =VLOOKUP($C15,Sheet1!$A$2:$E$10,5,0) -> Trolley (H) | O15: HR47H5465 | P15: AN0250010996
A16: G/I/25-26/01572 | B16: 09N619382731AC5 | C16: 55101M58U10 | D16: =VLOOKUP($C16,Sheet1!$A$2:$D$10,2,0) -> 141110-14600 | E16: CALIPER ASSY,FRONT BRAKE,R | F16: 46031 | G16: 0.35416667 | H16: CA-07 | I16: AC5 | J16: 18 | K16: =VLOOKUP($C16,Sheet1!$A$2:$D$10,4,0) -> 18 | L16: =VLOOKUP($C16,Sheet1!$A$2:$E$10,5,0) -> Trolley (H) | N16: 1 | O16: HR47H5465 | P16: AN0250010996
A17: G/I/25-26/01572 | B17: 09N619382774AC5 | C17: 55102M58U10 | D17: =VLOOKUP($C17,Sheet1!$A$2:$D$10,2,0) -> 141120-14600 | E17: CALIPER ASSY,FRONT BRAKE,L | F17: 46031 | G17: 0.35416667 | H17: CA-07 | I17: AC5 | J17: 18 | K17: =VLOOKUP($C17,Sheet1!$A$2:$D$10,4,0) -> 18 | L17: =VLOOKUP($C17,Sheet1!$A$2:$E$10,5,0) -> Trolley (H) | O17: HR47H5465 | P17: AN0250010996
A18: G/I/25-26/01572 | B18: 09N619514476AC5 | C18: 55311M58U00 | D18: =VLOOKUP($C18,Sheet1!$A$2:$D$10,2,0) -> 141185-74670 | E18: DISC,FRONT BRAKE | F18: 46031 | G18: 0.35416667 | H18: CA-07 | I18: AC5 | J18: 80 | K18: =VLOOKUP($C18,Sheet1!$A$2:$D$10,4,0) -> 40 | L18: =VLOOKUP($C18,Sheet1!$A$2:$E$10,5,0) -> Trolley | N18: =J18/K18 -> 2 | O18: HR47H5465 | P18: 910104658-40 Qty. / 910104677-40 Qty.
A19: G/I/25-26/01572 | B19: 09N619519435AC5 | C19: 55401M58U00 | D19: =VLOOKUP($C19,Sheet1!$A$2:$D$10,2,0) -> 141140-91211 | E19: CALIPER ASSY,REAR BRAKE,R | F19: 46031 | G19: 0.35416667 | H19: CA-21 | I19: AC5 | J19: 30 | K19: =VLOOKUP($C19,Sheet1!$A$2:$D$10,4,0) -> 2 | L19: =VLOOKUP($C19,Sheet1!$A$2:$E$10,5,0) -> Bin | M19: =J19/K19 -> 15 | O19: HR47H5465 | P19: 12505Q100031
A20: G/I/25-26/01572 | B20: 09N619523220AC5 | C20: 55402M58U00 | D20: =VLOOKUP($C20,Sheet1!$A$2:$D$10,2,0) -> 141150-91211 | E20: CALIPER ASSY,REAR BRAKE,L | F20: 46031 | G20: 0.35416667 | H20: CA-21 | I20: AC5 | J20: 30 | K20: =VLOOKUP($C20,Sheet1!$A$2:$D$10,4,0) -> 2 | L20: =VLOOKUP($C20,Sheet1!$A$2:$E$10,5,0) -> Bin | M20: =J20/K20 -> 15 | O20: HR47H5465 | P20: 12505Q100031
A21: G/I/25-26/01572 | B21: 09N619514182AC5 | C21: 55611M58U00 | D21: =VLOOKUP($C21,Sheet1!$A$2:$D$10,2,0) -> 141186-74360 | E21: DISC,REAR BRAKE | F21: 46031 | G21: 0.35416667 | H21: CA-21 | I21: AC5 | J21: 80 | K21: =VLOOKUP($C21,Sheet1!$A$2:$D$10,4,0) -> 40 | L21: =VLOOKUP($C21,Sheet1!$A$2:$E$10,5,0) -> Trolley | N21: =J21/K21 -> 2 | O21: HR47H5465 | P21: 910104658
A22: G/I/25-26/01572 | B22: 09N619382936AC5 | C22: 55611M58U00 | D22: =VLOOKUP($C22,Sheet1!$A$2:$D$10,2,0) -> 141186-74360 | E22: DISC,REAR BRAKE | F22: 46031 | G22: 0.35416667 | H22: CA-21 | I22: AC5 | J22: 40 | K22: =VLOOKUP($C22,Sheet1!$A$2:$D$10,4,0) -> 40 | L22: =VLOOKUP($C22,Sheet1!$A$2:$E$10,5,0) -> Trolley | N22: =J22/K22 -> 1 | O22: HR47H5465 | P22: 910104658
A23: G/I/25-26/01573 | B23: 09N619513763AC5 | C23: 56110M58UA1 | D23: =VLOOKUP($C23,Sheet1!$A$2:$D$10,2,0) -> 116040-92240 | E23: ACTUATOR ASSY,NO VARIANT ESP | F23: 46031 | G23: 0.35416667 | H23: CA-01 | I23: AC5 | J23: 36 | K23: =VLOOKUP($C23,Sheet1!$A$2:$D$10,4,0) -> 6 | L23: =VLOOKUP($C23,Sheet1!$A$2:$E$10,5,0) -> Bin | M23: =J23/K23 -> 6 | O23: HR47H5465 | P23: 12506Q100012
A24: G/I/25-26/01573 | B24: 09N619519028AC5 | C24: 5A120M58U01 | D24: =VLOOKUP($C24,Sheet1!$A$2:$D$10,2,0) -> 114010-50820 | E24: CYLINDER ASSY,BK MASTER W/ECU | F24: 46031 | G24: 0.35416667 | H24: CA-01 | I24: AC5 | J24: 13 | K24: =VLOOKUP($C24,Sheet1!$A$2:$D$10,4,0) -> 1 | L24: =VLOOKUP($C24,Sheet1!$A$2:$E$10,5,0) -> Bin | M24: =J24/K24 -> 13 | O24: HR47H5465 | P24: 12505Q100064-2 Qty. / 12505Q100031-11 Qty.
A25: G/I/25-26/01573 | B25: 09N619383045AC5 | C25: 5A120M58U50 | D25: =VLOOKUP($C25,Sheet1!$A$2:$D$10,2,0) -> 114010-50830 | E25: CYLINDER ASSY,BK MASTER W/ECU | F25: 46031 | G25: 0.35416667 | H25: CA-01 | I25: AC5 | J25: 51 | K25: =VLOOKUP($C25,Sheet1!$A$2:$D$10,4,0) -> 1 | L25: =VLOOKUP($C25,Sheet1!$A$2:$E$10,5,0) -> Bin | M25: =J25/K25 -> 51 | O25: HR47H5465 | P25: 12505Q100086
M26: 100 | N26: 8
A27: G/I/25-26/01574 | B27: 09N619382740AC5 | C27: 55101M58U10 | D27: =VLOOKUP($C27,Sheet1!$A$2:$D$10,2,0) -> 141110-14600 | E27: CALIPER ASSY,FRONT BRAKE,R | F27: 46031 | G27: 0.5625 | H27: CA-07 | I27: AC5 | J27: 36 | K27: =VLOOKUP($C27,Sheet1!$A$2:$D$10,4,0) -> 18 | L27: =VLOOKUP($C27,Sheet1!$A$2:$E$10,5,0) -> Trolley (H) | N27: 2 | O27: HR47G9416 | P27: AN0250010996
A28: G/I/25-26/01574 | B28: 09N619382782AC5 | C28: 55102M58U10 | D28: =VLOOKUP($C28,Sheet1!$A$2:$D$10,2,0) -> 141120-14600 | E28: CALIPER ASSY,FRONT BRAKE,L | F28: 46031 | G28: 0.5625 | H28: CA-07 | I28: AC5 | J28: 36 | K28: =VLOOKUP($C28,Sheet1!$A$2:$D$10,4,0) -> 18 | L28: =VLOOKUP($C28,Sheet1!$A$2:$E$10,5,0) -> Trolley (H) | O28: HR47G9416 | P28: AN0250010996
A29: G/I/25-26/01574 | B29: 09N619382820AC5 | C29: 55311M58U00 | D29: =VLOOKUP($C29,Sheet1!$A$2:$D$10,2,0) -> 141185-74670 | E29: DISC,FRONT BRAKE | F29: 46031 | G29: 0.5625 | H29: CA-07 | I29: AC5 | J29: 120 | K29: =VLOOKUP($C29,Sheet1!$A$2:$D$10,4,0) -> 40 | L29: =VLOOKUP($C29,Sheet1!$A$2:$E$10,5,0) -> Trolley | N29: =J29/K29 -> 3 | O29: HR47G9416 | P29: 910104677
A30: G/I/25-26/01574 | B30: 09N619382863AC5 | C30: 55401M58U00 | D30: =VLOOKUP($C30,Sheet1!$A$2:$D$10,2,0) -> 141140-91211 | E30: CALIPER ASSY,REAR BRAKE,R | F30: 46031 | G30: 0.5625 | H30: CA-21 | I30: AC5 | J30: 48 | K30: =VLOOKUP($C30,Sheet1!$A$2:$D$10,4,0) -> 2 | L30: =VLOOKUP($C30,Sheet1!$A$2:$E$10,5,0) -> Bin | M30: =J30/K30 -> 24 | O30: HR47G9416 | P30: 12505Q100031
A31: G/I/25-26/01574 | B31: 09N619382901AC5 | C31: 55402M58U00 | D31: =VLOOKUP($C31,Sheet1!$A$2:$D$10,2,0) -> 141150-91211 | E31: CALIPER ASSY,REAR BRAKE,L | F31: 46031 | G31: 0.5625 | H31: CA-21 | I31: AC5 | J31: 48 | K31: =VLOOKUP($C31,Sheet1!$A$2:$D$10,4,0) -> 2 | L31: =VLOOKUP($C31,Sheet1!$A$2:$E$10,5,0) -> Bin | M31: =J31/K31 -> 24 | O31: HR47G9416 | P31: 12505Q100031
A32: G/I/25-26/01574 | B32: 09N619382944AC5 | C32: 55611M58U00 | D32: =VLOOKUP($C32,Sheet1!$A$2:$D$10,2,0) -> 141186-74360 | E32: DISC,REAR BRAKE | F32: 46031 | G32: 0.5625 | H32: CA-21 | I32: AC5 | J32: 120 | K32: =VLOOKUP($C32,Sheet1!$A$2:$D$10,4,0) -> 40 | L32: =VLOOKUP($C32,Sheet1!$A$2:$E$10,5,0) -> Trolley | N32: =J32/K32 -> 3 | O32: HR47G9416 | P32: 910104677
A33: G/I/25-26/01575 | B33: 09N619382987AC5 | C33: 56110M58UA1 | D33: =VLOOKUP($C33,Sheet1!$A$2:$D$10,2,0) -> 116040-92240 | E33: ACTUATOR ASSY,NO VARIANT ESP | F33: 46031 | G33: 0.5625 | H33: CA-01 | I33: AC5 | J33: 48 | K33: =VLOOKUP($C33,Sheet1!$A$2:$D$10,4,0) -> 6 | L33: =VLOOKUP($C33,Sheet1!$A$2:$E$10,5,0) -> Bin | M33: =J33/K33 -> 8 | O33: HR47G9416 | P33: 12506Q100012
A34: G/I/25-26/01575 | B34: 09N619383029AC5 | C34: 5A120M58U01 | D34: =VLOOKUP($C34,Sheet1!$A$2:$D$10,2,0) -> 114010-50820 | E34: CYLINDER ASSY,BK MASTER W/ECU | F34: 46031 | G34: 0.5625 | H34: CA-01 | I34: AC5 | J34: 13 | K34: =VLOOKUP($C34,Sheet1!$A$2:$D$10,4,0) -> 1 | L34: =VLOOKUP($C34,Sheet1!$A$2:$E$10,5,0) -> Bin | M34: =J34/K34 -> 13 | O34: HR47G9416 | P34: 12505Q100031
A35: G/I/25-26/01575 | B35: 09N619394462AC5 | C35: 5A120M58U50 | D35: =VLOOKUP($C35,Sheet1!$A$2:$D$10,2,0) -> 114010-50830 | E35: CYLINDER ASSY,BK MASTER W/ECU | F35: 46031 | G35: 0.5625 | H35: CA-01 | I35: AC5 | J35: 36 | K35: =VLOOKUP($C35,Sheet1!$A$2:$D$10,4,0) -> 1 | L35: =VLOOKUP($C35,Sheet1!$A$2:$E$10,5,0) -> Bin | M35: =J35/K35 -> 36 | O35: HR47G9416 | P35: 12505Q100086
M36: 105 | N36: 8
A37: G/I/25-26/01576 | B37: 09N619382758AC5 | C37: 55101M58U10 | D37: =VLOOKUP($C37,Sheet1!$A$2:$D$10,2,0) -> 141110-14600 | E37: CALIPER ASSY,FRONT BRAKE,R | F37: 46031 | G37: 0.77083333 | H37: CA-07 | I37: AC5 | J37: 54 | K37: =VLOOKUP($C37,Sheet1!$A$2:$D$10,4,0) -> 18 | L37: =VLOOKUP($C37,Sheet1!$A$2:$E$10,5,0) -> Trolley (H) | N37: 3 | O37: HR47E8635 | P37: AN0250010996
A38: G/I/25-26/01576 | B38: 09N619382790AC5 | C38: 55102M58U10 | D38: =VLOOKUP($C38,Sheet1!$A$2:$D$10,2,0) -> 141120-14600 | E38: CALIPER ASSY,FRONT BRAKE,L | F38: 46031 | G38: 0.77083333 | H38: CA-07 | I38: AC5 | J38: 54 | K38: =VLOOKUP($C38,Sheet1!$A$2:$D$10,4,0) -> 18 | L38: =VLOOKUP($C38,Sheet1!$A$2:$E$10,5,0) -> Trolley (H) | O38: HR47E8635 | P38: AN0250010996
A39: G/I/25-26/01576 | B39: 09N619382839AC5 | C39: 55311M58U00 | D39: =VLOOKUP($C39,Sheet1!$A$2:$D$10,2,0) -> 141185-74670 | E39: DISC,FRONT BRAKE | F39: 46031 | G39: 0.77083333 | H39: CA-07 | I39: AC5 | J39: 80 | K39: =VLOOKUP($C39,Sheet1!$A$2:$D$10,4,0) -> 40 | L39: =VLOOKUP($C39,Sheet1!$A$2:$E$10,5,0) -> Trolley | N39: =J39/K39 -> 2 | O39: HR47E8635 | P39: 910104677
A40: G/I/25-26/01576 | B40: 09N619382871AC5 | C40: 55401M58U00 | D40: =VLOOKUP($C40,Sheet1!$A$2:$D$10,2,0) -> 141140-91211 | E40: CALIPER ASSY,REAR BRAKE,R | F40: 46031 | G40: 0.77083333 | H40: CA-21 | I40: AC5 | J40: 40 | K40: =VLOOKUP($C40,Sheet1!$A$2:$D$10,4,0) -> 2 | L40: =VLOOKUP($C40,Sheet1!$A$2:$E$10,5,0) -> Bin | M40: =J40/K40 -> 20 | O40: HR47E8635 | P40: 12505Q100031
A41: G/I/25-26/01576 | B41: 09N619382910AC5 | C41: 55402M58U00 | D41: =VLOOKUP($C41,Sheet1!$A$2:$D$10,2,0) -> 141150-91211 | E41: CALIPER ASSY,REAR BRAKE,L | F41: 46031 | G41: 0.77083333 | H41: CA-21 | I41: AC5 | J41: 40 | K41: =VLOOKUP($C41,Sheet1!$A$2:$D$10,4,0) -> 2 | L41: =VLOOKUP($C41,Sheet1!$A$2:$E$10,5,0) -> Bin | M41: =J41/K41 -> 20 | O41: HR47E8635 | P41: 12505Q100031
A42: G/I/25-26/01576 | B42: 09N619382952AC5 | C42: 55611M58U00 | D42: =VLOOKUP($C42,Sheet1!$A$2:$D$10,2,0) -> 141186-74360 | E42: DISC,REAR BRAKE | F42: 46031 | G42: 0.77083333 | H42: CA-21 | I42: AC5 | J42: 80 | K42: =VLOOKUP($C42,Sheet1!$A$2:$D$10,4,0) -> 40 | L42: =VLOOKUP($C42,Sheet1!$A$2:$E$10,5,0) -> Trolley | N42: =J42/K42 -> 2 | O42: HR47E8635 | P42: 910104677-40 Qty. /910104658-40 Qty.
A43: G/I/25-26/01577 | B43: 09N619382995AC5 | C43: 56110M58UA1 | D43: =VLOOKUP($C43,Sheet1!$A$2:$D$10,2,0) -> 116040-92240 | E43: ACTUATOR ASSY,NO VARIANT ESP | F43: 46031 | G43: 0.77083333 | H43: CA-01 | I43: AC5 | J43: 42 | K43: =VLOOKUP($C43,Sheet1!$A$2:$D$10,4,0) -> 6 | L43: =VLOOKUP($C43,Sheet1!$A$2:$E$10,5,0) -> Bin | M43: =J43/K43 -> 7 | O43: HR47E8635 | P43: 12506Q100012
A44: G/I/25-26/01577 | B44: 09N619383037AC5 | C44: 5A120M58U01 | D44: =VLOOKUP($C44,Sheet1!$A$2:$D$10,2,0) -> 114010-50820 | E44: CYLINDER ASSY,BK MASTER W/ECU | F44: 46031 | G44: 0.77083333 | H44: CA-01 | I44: AC5 | J44: 12 | K44: =VLOOKUP($C44,Sheet1!$A$2:$D$10,4,0) -> 1 | L44: =VLOOKUP($C44,Sheet1!$A$2:$E$10,5,0) -> Bin | M44: =J44/K44 -> 12 | O44: HR47E8635 | P44: 12505Q100031
A45: G/I/25-26/01577 | B45: 09N619394470AC5 | C45: 5A120M58U50 | D45: =VLOOKUP($C45,Sheet1!$A$2:$D$10,2,0) -> 114010-50830 | E45: CYLINDER ASSY,BK MASTER W/ECU | F45: 46031 | G45: 0.77083333 | H45: CA-01 | I45: AC5 | J45: 27 | K45: =VLOOKUP($C45,Sheet1!$A$2:$D$10,4,0) -> 1 | L45: =VLOOKUP($C45,Sheet1!$A$2:$E$10,5,0) -> Bin | M45: =J45/K45 -> 27 | O45: HR47E8635 | P45: 12505Q100086
M46: 86 | N46: 7
A47: G/I/25-26/01578 | B47: 09N619382766AC5 | C47: 55101M58U10 | D47: =VLOOKUP($C47,Sheet1!$A$2:$D$10,2,0) -> 141110-14600 | E47: CALIPER ASSY,FRONT BRAKE,R | F47: 46031 | G47: 0.97916667 | H47: CA-07 | I47: AC5 | J47: 18 | K47: =VLOOKUP($C47,Sheet1!$A$2:$D$10,4,0) -> 18 | L47: =VLOOKUP($C47,Sheet1!$A$2:$E$10,5,0) -> Trolley (H) | N47: 1 | O47: HR47E2937 | P47: AN0250010996
A48: G/I/25-26/01578 | B48: 09N619382804AC5 | C48: 55102M58U10 | D48: =VLOOKUP($C48,Sheet1!$A$2:$D$10,2,0) -> 141120-14600 | E48: CALIPER ASSY,FRONT BRAKE,L | F48: 46031 | G48: 0.97916667 | H48: CA-07 | I48: AC5 | J48: 18 | K48: =VLOOKUP($C48,Sheet1!$A$2:$D$10,4,0) -> 18 | L48: =VLOOKUP($C48,Sheet1!$A$2:$E$10,5,0) -> Trolley (H) | O48: HR47E2937 | P48: AN0250010996
A49: G/I/25-26/01578 | B49: 09N619382847AC5 | C49: 55311M58U00 | D49: =VLOOKUP($C49,Sheet1!$A$2:$D$10,2,0) -> 141185-74670 | E49: DISC,FRONT BRAKE | F49: 46031 | G49: 0.97916667 | H49: CA-07 | I49: AC5 | J49: 40 | K49: =VLOOKUP($C49,Sheet1!$A$2:$D$10,4,0) -> 40 | L49: =VLOOKUP($C49,Sheet1!$A$2:$E$10,5,0) -> Trolley | N49: =J49/K49 -> 1 | O49: HR47E2937 | P49: 910104677
A50: G/I/25-26/01578 | B50: 09N619382880AC5 | C50: 55401M58U00 | D50: =VLOOKUP($C50,Sheet1!$A$2:$D$10,2,0) -> 141140-91211 | E50: CALIPER ASSY,REAR BRAKE,R | F50: 46031 | G50: 0.97916667 | H50: CA-21 | I50: AC5 | J50: 28 | K50: =VLOOKUP($C50,Sheet1!$A$2:$D$10,4,0) -> 2 | L50: =VLOOKUP($C50,Sheet1!$A$2:$E$10,5,0) -> Bin | M50: =J50/K50 -> 14 | O50: HR47E2937 | P50: 12505Q100031
A51: G/I/25-26/01578 | B51: 09N619382928AC5 | C51: 55402M58U00 | D51: =VLOOKUP($C51,Sheet1!$A$2:$D$10,2,0) -> 141150-91211 | E51: CALIPER ASSY,REAR BRAKE,L | F51: 46031 | G51: 0.97916667 | H51: CA-21 | I51: AC5 | J51: 28 | K51: =VLOOKUP($C51,Sheet1!$A$2:$D$10,4,0) -> 2 | L51: =VLOOKUP($C51,Sheet1!$A$2:$E$10,5,0) -> Bin | M51: =J51/K51 -> 14 | O51: HR47E2937 | P51: 12505Q100031
A52: G/I/25-26/01578 | B52: 09N619382960AC5 | C52: 55611M58U00 | D52: =VLOOKUP($C52,Sheet1!$A$2:$D$10,2,0) -> 141186-74360 | E52: DISC,REAR BRAKE | F52: 46031 | G52: 0.97916667 | H52: CA-21 | I52: AC5 | J52: 40 | K52: =VLOOKUP($C52,Sheet1!$A$2:$D$10,4,0) -> 40 | L52: =VLOOKUP($C52,Sheet1!$A$2:$E$10,5,0) -> Trolley | N52: =J52/K52 -> 1 | O52: HR47E2937 | P52: 910103227
A53: G/I/25-26/01579 | B53: 09N619383002AC5 | C53: 56110M58UA1 | D53: =VLOOKUP($C53,Sheet1!$A$2:$D$10,2,0) -> 116040-92240 | E53: ACTUATOR ASSY,NO VARIANT ESP | F53: 46031 | G53: 0.97916667 | H53: CA-01 | I53: AC5 | J53: 24 | K53: =VLOOKUP($C53,Sheet1!$A$2:$D$10,4,0) -> 6 | L53: =VLOOKUP($C53,Sheet1!$A$2:$E$10,5,0) -> Bin | M53: =J53/K53 -> 4 | O53: HR47E2937 | P53: 12506Q100012
A54: G/I/25-26/01579 | B54: 09N619394489AC5 | C54: 5A120M58U50 | D54: =VLOOKUP($C54,Sheet1!$A$2:$D$10,2,0) -> 114010-50830 | E54: CYLINDER ASSY,BK MASTER W/ECU | F54: 46031 | G54: 0.97916667 | H54: CA-01 | I54: AC5 | J54: 28 | K54: =VLOOKUP($C54,Sheet1!$A$2:$D$10,4,0) -> 1 | L54: =VLOOKUP($C54,Sheet1!$A$2:$E$10,5,0) -> Bin | M54: =J54/K54 -> 28 | O54: HR47E2937 | P54: 12505Q100086
M55: 60 | N55: 3

Sheet 10-01-2026
J1: 24AACCN5739J1ZA
A2: Supply Month | B2: 46032 | L2: Vehicle No
A3: INVOICE NO | B3: KANBAN NO | C3: PART NUMBER | D3: Material Code | E3: PART NAME | F3: SUPPLY DATE | G3: SUPPLY TIME | H3: UNLOADING LOC | I3: Line | J3: Qty Req | K3: Packing Standerd | L3: Packed in | M3: TTL Bin | N3: TORLLY | O3: Vehicle No | P3: INV NO
A4: G/I/25-26/01580 | B4: 10N620176910AC5 | C4: 55101M58U10 | D4: =VLOOKUP($C4,Sheet1!$A$2:$D$10,2,0) -> 141110-14600 | E4: CALIPER ASSY,FRONT BRAKE,R | F4: 46032 | G4: 0.35416667 | H4: CA-07 | I4: AC5 | J4: 36 | K4: =VLOOKUP($C4,Sheet1!$A$2:$D$10,4,0) -> 18 | L4: =VLOOKUP($C4,Sheet1!$A$2:$E$10,5,0) -> Trolley (H) | N4: 2 | O4: HR47H5465 | P4: AN0250010996
A5: G/I/25-26/01580 | B5: 10N620176953AC5 | C5: 55102M58U10 | D5: =VLOOKUP($C5,Sheet1!$A$2:$D$10,2,0) -> 141120-14600 | E5: CALIPER ASSY,FRONT BRAKE,L | F5: 46032 | G5: 0.35416667 | H5: CA-07 | I5: AC5 | J5: 36 | K5: =VLOOKUP($C5,Sheet1!$A$2:$D$10,4,0) -> 18 | L5: =VLOOKUP($C5,Sheet1!$A$2:$E$10,5,0) -> Trolley (H) | O5: HR47H5465 | P5: AN0250010996
A6: G/I/25-26/01580 | B6: 10N620217242AC5 | C6: 55101M58U10 | D6: =VLOOKUP($C6,Sheet1!$A$2:$D$10,2,0) -> 141110-14600 | E6: CALIPER ASSY,FRONT BRAKE,R | F6: 46032 | G6: 0.35416667 | H6: CA-07 | I6: AC5 | J6: 18 | K6: =VLOOKUP($C6,Sheet1!$A$2:$D$10,4,0) -> 18 | L6: =VLOOKUP($C6,Sheet1!$A$2:$E$10,5,0) -> Trolley (H) | N6: 1 | O6: HR47H5465 | P6: AN0250010996
A7: G/I/25-26/01580 | B7: 10N620215975AC5 | C7: 55102M58U10 | D7: =VLOOKUP($C7,Sheet1!$A$2:$D$10,2,0) -> 141120-14600 | E7: CALIPER ASSY,FRONT BRAKE,L | F7: 46032 | G7: 0.35416667 | H7: CA-07 | I7: AC5 | J7: 18 | K7: =VLOOKUP($C7,Sheet1!$A$2:$D$10,4,0) -> 18 | L7: =VLOOKUP($C7,Sheet1!$A$2:$E$10,5,0) -> Trolley (H) | O7: HR47H5465 | P7: AN0250010996
A8: G/I/25-26/01580 | B8: 10N620176996AC5 | C8: 55311M58U00 | D8: =VLOOKUP($C8,Sheet1!$A$2:$D$10,2,0) -> 141185-74670 | E8: DISC,FRONT BRAKE | F8: 46032 | G8: 0.35416667 | H8: CA-07 | I8: AC5 | J8: 80 | K8: =VLOOKUP($C8,Sheet1!$A$2:$D$10,4,0) -> 40 | L8: =VLOOKUP($C8,Sheet1!$A$2:$E$10,5,0) -> Trolley | N8: =J8/K8 -> 2 | O8: HR47H5465 | P8: 910104677
A9: G/I/25-26/01580 | B9: 10N620219288AC5 | C9: 55311M58U00 | D9: =VLOOKUP($C9,Sheet1!$A$2:$D$10,2,0) -> 141185-74670 | E9: DISC,FRONT BRAKE | F9: 46032 | G9: 0.35416667 | H9: CA-07 | I9: AC5 | J9: 40 | K9: =VLOOKUP($C9,Sheet1!$A$2:$D$10,4,0) -> 40 | L9: =VLOOKUP($C9,Sheet1!$A$2:$E$10,5,0) -> Trolley | N9: =J9/K9 -> 1 | O9: HR47H5465 | P9: 910104677
A10: G/I/25-26/01580 | B10: 10N620177038AC5 | C10: 55401M58U00 | D10: =VLOOKUP($C10,Sheet1!$A$2:$D$10,2,0) -> 141140-91211 | E10: CALIPER ASSY,REAR BRAKE,R | F10: 46032 | G10: 0.35416667 | H10: CA-21 | I10: AC5 | J10: 42 | K10: =VLOOKUP($C10,Sheet1!$A$2:$D$10,4,0) -> 2 | L10: =VLOOKUP($C10,Sheet1!$A$2:$E$10,5,0) -> Bin | M10: =J10/K10 -> 21 | O10: HR47H5465 | P10: 12505Q100031
A11: G/I/25-26/01580 | B11: 10N620177070AC5 | C11: 55402M58U00 | D11: =VLOOKUP($C11,Sheet1!$A$2:$D$10,2,0) -> 141150-91211 | E11: CALIPER ASSY,REAR BRAKE,L | F11: 46032 | G11: 0.35416667 | H11: CA-21 | I11: AC5 | J11: 42 | K11: =VLOOKUP($C11,Sheet1!$A$2:$D$10,4,0) -> 2 | L11: =VLOOKUP($C11,Sheet1!$A$2:$E$10,5,0) -> Bin | M11: =J11/K11 -> 21 | O11: HR47H5465 | P11: 12505Q100031
A12: G/I/25-26/01580 | B12: 10N620177119AC5 | C12: 55611M58U00 | D12: =VLOOKUP($C12,Sheet1!$A$2:$D$10,2,0) -> 141186-74360 | E12: DISC,REAR BRAKE | F12: 46032 | G12: 0.35416667 | H12: CA-21 | I12: AC5 | J12: 80 | K12: =VLOOKUP($C12,Sheet1!$A$2:$D$10,4,0) -> 40 | L12: =VLOOKUP($C12,Sheet1!$A$2:$E$10,5,0) -> Trolley | N12: =J12/K12 -> 2 | O12: HR47H5465 | P12: 910104677
A13: G/I/25-26/01580 | B13: 10N620220421AC5 | C13: 55611M58U00 | D13: =VLOOKUP($C13,Sheet1!$A$2:$D$10,2,0) -> 141186-74360 | E13: DISC,REAR BRAKE | F13: 46032 | G13: 0.35416667 | H13: CA-21 | I13: AC5 | J13: 40 | K13: =VLOOKUP($C13,Sheet1!$A$2:$D$10,4,0) -> 40 | L13: =VLOOKUP($C13,Sheet1!$A$2:$E$10,5,0) -> Trolley | N13: =J13/K13 -> 1 | O13: HR47H5465 | P13: 910103227
A14: G/I/25-26/01581 | B14: 10N620177151AC5 | C14: 56110M58UA1 | D14: =VLOOKUP($C14,Sheet1!$A$2:$D$10,2,0) -> 116040-92240 | E14: ACTUATOR ASSY,NO VARIANT ESP | F14: 46032 | G14: 0.35416667 | H14: CA-01 | I14: AC5 | J14: 78 | K14: =VLOOKUP($C14,Sheet1!$A$2:$D$10,4,0) -> 6 | L14: =VLOOKUP($C14,Sheet1!$A$2:$E$10,5,0) -> Bin | M14: =J14/K14 -> 13 | O14: HR47H5465 | P14: 12506Q100012
A15: G/I/25-26/01581 | B15: 10N620213786AC5 | C15: 56110M58UA1 | D15: =VLOOKUP($C15,Sheet1!$A$2:$D$10,2,0) -> 116040-92240 | E15: ACTUATOR ASSY,NO VARIANT ESP | F15: 46032 | G15: 0.35416667 | H15: CA-01 | I15: AC5 | J15: 12 | K15: =VLOOKUP($C15,Sheet1!$A$2:$D$10,4,0) -> 6 | L15: =VLOOKUP($C15,Sheet1!$A$2:$E$10,5,0) -> Bin | M15: =J15/K15 -> 2 | O15: HR47H5465 | P15: 12506Q100012
A16: G/I/25-26/01581 | B16: 10N620177194AC5 | C16: 5A120M58U01 | D16: =VLOOKUP($C16,Sheet1!$A$2:$D$10,2,0) -> 114010-50820 | E16: CYLINDER ASSY,BK MASTER W/ECU | F16: 46032 | G16: 0.35416667 | H16: CA-01 | I16: AC5 | J16: 18 | K16: =VLOOKUP($C16,Sheet1!$A$2:$D$10,4,0) -> 1 | L16: =VLOOKUP($C16,Sheet1!$A$2:$E$10,5,0) -> Bin | M16: =J16/K16 -> 18 | O16: HR47H5465 | P16: 12505Q100031
A17: G/I/25-26/01581 | B17: 10N620177232AC5 | C17: 5A120M58U50 | D17: =VLOOKUP($C17,Sheet1!$A$2:$D$10,2,0) -> 114010-50830 | E17: CYLINDER ASSY,BK MASTER W/ECU | F17: 46032 | G17: 0.35416667 | H17: CA-01 | I17: AC5 | J17: 15 | K17: =VLOOKUP($C17,Sheet1!$A$2:$D$10,4,0) -> 1 | L17: =VLOOKUP($C17,Sheet1!$A$2:$E$10,5,0) -> Bin | M17: =J17/K17 -> 15 | O17: HR47H5465 | P17: 12505Q100086
A18: G/I/25-26/01581 | B18: 10N620214227AC5 | C18: 5A120M58U50 | D18: =VLOOKUP($C18,Sheet1!$A$2:$D$10,2,0) -> 114010-50830 | E18: CYLINDER ASSY,BK MASTER W/ECU | F18: 46032 | G18: 0.35416667 | H18: CA-01 | I18: AC5 | J18: 6 | K18: =VLOOKUP($C18,Sheet1!$A$2:$D$10,4,0) -> 1 | L18: =VLOOKUP($C18,Sheet1!$A$2:$E$10,5,0) -> Bin | M18: =J18/K18 -> 6 | O18: HR47H5465 | P18: 12505Q100086
M19: 96 | N19: 9
A20: G/I/25-26/01582 | B20: 10N620176910AC5 | C20: 55101M58U10 | D20: =VLOOKUP($C20,Sheet1!$A$2:$D$10,2,0) -> 141110-14600 | E20: CALIPER ASSY,FRONT BRAKE,R | F20: 46032 | G20: 0.35416667 | H20: CA-07 | I20: AC5 | J20: 36 | K20: =VLOOKUP($C20,Sheet1!$A$2:$D$10,4,0) -> 18 | L20: =VLOOKUP($C20,Sheet1!$A$2:$E$10,5,0) -> Trolley (H) | N20: 2 | O20: HR47G9416 | P20: AN0250010996
A21: G/I/25-26/01582 | B21: 10N620176953AC5 | C21: 55102M58U10 | D21: =VLOOKUP($C21,Sheet1!$A$2:$D$10,2,0) -> 141120-14600 | E21: CALIPER ASSY,FRONT BRAKE,L | F21: 46032 | G21: 0.35416667 | H21: CA-07 | I21: AC5 | J21: 36 | K21: =VLOOKUP($C21,Sheet1!$A$2:$D$10,4,0) -> 18 | L21: =VLOOKUP($C21,Sheet1!$A$2:$E$10,5,0) -> Trolley (H) | O21: HR47G9416 | P21: AN0250010996
A22: G/I/25-26/01582 | B22: 10N620176996AC5 | C22: 55311M58U00 | D22: =VLOOKUP($C22,Sheet1!$A$2:$D$10,2,0) -> 141185-74670 | E22: DISC,FRONT BRAKE | F22: 46032 | G22: 0.35416667 | H22: CA-07 | I22: AC5 | J22: 80 | K22: =VLOOKUP($C22,Sheet1!$A$2:$D$10,4,0) -> 40 | L22: =VLOOKUP($C22,Sheet1!$A$2:$E$10,5,0) -> Trolley | N22: =J22/K22 -> 2 | O22: HR47G9416 | P22: 910104677
A23: G/I/25-26/01582 | B23: 10N620177038AC5 | C23: 55401M58U00 | D23: =VLOOKUP($C23,Sheet1!$A$2:$D$10,2,0) -> 141140-91211 | E23: CALIPER ASSY,REAR BRAKE,R | F23: 46032 | G23: 0.35416667 | H23: CA-21 | I23: AC5 | J23: 42 | K23: =VLOOKUP($C23,Sheet1!$A$2:$D$10,4,0) -> 2 | L23: =VLOOKUP($C23,Sheet1!$A$2:$E$10,5,0) -> Bin | M23: =J23/K23 -> 21 | O23: HR47G9416 | P23: 12505Q100031
A24: G/I/25-26/01582 | B24: 10N620218214AC5 | C24: 55401M58U00 | D24: =VLOOKUP($C24,Sheet1!$A$2:$D$10,2,0) -> 141140-91211 | E24: CALIPER ASSY,REAR BRAKE,R | F24: 46032 | G24: 0.35416667 | H24: CA-21 | I24: AC5 | J24: 14 | K24: =VLOOKUP($C24,Sheet1!$A$2:$D$10,4,0) -> 2 | L24: =VLOOKUP($C24,Sheet1!$A$2:$E$10,5,0) -> Bin | M24: =J24/K24 -> 7 | O24: HR47G9416 | P24: 12505Q100031
A25: G/I/25-26/01582 | B25: 10N620177070AC5 | C25: 55402M58U00 | D25: =VLOOKUP($C25,Sheet1!$A$2:$D$10,2,0) -> 141150-91211 | E25: CALIPER ASSY,REAR BRAKE,L | F25: 46032 | G25: 0.35416667 | H25: CA-21 | I25: AC5 | J25: 42 | K25: =VLOOKUP($C25,Sheet1!$A$2:$D$10,4,0) -> 2 | L25: =VLOOKUP($C25,Sheet1!$A$2:$E$10,5,0) -> Bin | M25: =J25/K25 -> 21 | O25: HR47G9416 | P25: 12505Q100031
A26: G/I/25-26/01582 | B26: 10N620220022AC5 | C26: 55402M58U00 | D26: =VLOOKUP($C26,Sheet1!$A$2:$D$10,2,0) -> 141150-91211 | E26: CALIPER ASSY,REAR BRAKE,L | F26: 46032 | G26: 0.35416667 | H26: CA-21 | I26: AC5 | J26: 14 | K26: =VLOOKUP($C26,Sheet1!$A$2:$D$10,4,0) -> 2 | L26: =VLOOKUP($C26,Sheet1!$A$2:$E$10,5,0) -> Bin | M26: =J26/K26 -> 7 | O26: HR47G9416 | P26: 12505Q100031
A27: G/I/25-26/01582 | B27: 10N620177119AC5 | C27: 55611M58U00 | D27: =VLOOKUP($C27,Sheet1!$A$2:$D$10,2,0) -> 141186-74360 | E27: DISC,REAR BRAKE | F27: 46032 | G27: 0.35416667 | H27: CA-21 | I27: AC5 | J27: 80 | K27: =VLOOKUP($C27,Sheet1!$A$2:$D$10,4,0) -> 40 | L27: =VLOOKUP($C27,Sheet1!$A$2:$E$10,5,0) -> Trolley | N27: =J27/K27 -> 2 | O27: HR47G9416 | P27: 910104677-40 Qty / 910103227-08 Qty.
A28: G/I/25-26/01583 | B28: 10N620219997AC5 | C28: 5A120M58U01 | D28: =VLOOKUP($C28,Sheet1!$A$2:$D$10,2,0) -> 114010-50820 | E28: CYLINDER ASSY,BK MASTER W/ECU | F28: 46032 | G28: 0.35416667 | H28: CA-01 | I28: AC5 | J28: 8 | K28: =VLOOKUP($C28,Sheet1!$A$2:$D$10,4,0) -> 1 | L28: =VLOOKUP($C28,Sheet1!$A$2:$E$10,5,0) -> Bin | M28: =J28/K28 -> 8 | O28: HR47G9416 | P28: 12505Q100031
A29: G/I/25-26/01583 | B29: 10N620177232AC5 | C29: 5A120M58U50 | D29: =VLOOKUP($C29,Sheet1!$A$2:$D$10,2,0) -> 114010-50830 | E29: CYLINDER ASSY,BK MASTER W/ECU | F29: 46032 | G29: 0.35416667 | H29: CA-01 | I29: AC5 | J29: 50 | K29: =VLOOKUP($C29,Sheet1!$A$2:$D$10,4,0) -> 1 | L29: =VLOOKUP($C29,Sheet1!$A$2:$E$10,5,0) -> Bin | M29: =J29/K29 -> 50 | O29: HR47G9416 | P29: 12505Q100086
A30: G/I/25-26/01584 | B30: 10N620176929AC5 | C30: 55101M58U10 | D30: =VLOOKUP($C30,Sheet1!$A$2:$D$10,2,0) -> 141110-14600 | E30: CALIPER ASSY,FRONT BRAKE,R | F30: 46032 | G30: 0.5625 | H30: CA-07 | I30: AC5 | J30: 18 | K30: =VLOOKUP($C30,Sheet1!$A$2:$D$10,4,0) -> 18 | L30: =VLOOKUP($C30,Sheet1!$A$2:$E$10,5,0) -> Trolley (H) | N30: 1 | O30: HR47G9416 | P30: AN0250011367
A31: G/I/25-26/01584 | B31: 10N620176961AC5 | C31: 55102M58U10 | D31: =VLOOKUP($C31,Sheet1!$A$2:$D$10,2,0) -> 141120-14600 | E31: CALIPER ASSY,FRONT BRAKE,L | F31: 46032 | G31: 0.5625 | H31: CA-07 | I31: AC5 | J31: 18 | K31: =VLOOKUP($C31,Sheet1!$A$2:$D$10,4,0) -> 18 | L31: =VLOOKUP($C31,Sheet1!$A$2:$E$10,5,0) -> Trolley (H) | O31: HR47G9416 | P31: AN0250011367
M32: 114 | N32: 7
A33: G/I/25-26/01585 | B33: 10N620176929AC5 | C33: 55101M58U10 | D33: =VLOOKUP($C33,Sheet1!$A$2:$D$10,2,0) -> 141110-14600 | E33: CALIPER ASSY,FRONT BRAKE,R | F33: 46032 | G33: 0.5625 | H33: CA-07 | I33: AC5 | J33: 54 | K33: =VLOOKUP($C33,Sheet1!$A$2:$D$10,4,0) -> 18 | L33: =VLOOKUP($C33,Sheet1!$A$2:$E$10,5,0) -> Trolley (H) | N33: 3 | O33: HR47E8635 | P33: AN0250010996-09 Qty. / AN0250011367 -45 Qty
A34: G/I/25-26/01585 | B34: 10N620176961AC5 | C34: 55102M58U10 | D34: =VLOOKUP($C34,Sheet1!$A$2:$D$10,2,0) -> 141120-14600 | E34: CALIPER ASSY,FRONT BRAKE,L | F34: 46032 | G34: 0.5625 | H34: CA-07 | I34: AC5 | J34: 54 | K34: =VLOOKUP($C34,Sheet1!$A$2:$D$10,4,0) -> 18 | L34: =VLOOKUP($C34,Sheet1!$A$2:$E$10,5,0) -> Trolley (H) | O34: HR47E8635 | P34: AN0250010996-12 Qty. / AN0250011367 -42 Qty
A35: G/I/25-26/01585 | B35: 10N620177003AC5 | C35: 55311M58U00 | D35: =VLOOKUP($C35,Sheet1!$A$2:$D$10,2,0) -> 141185-74670 | E35: DISC,FRONT BRAKE | F35: 46032 | G35: 0.5625 | H35: CA-07 | I35: AC5 | J35: 120 | K35: =VLOOKUP($C35,Sheet1!$A$2:$D$10,4,0) -> 40 | L35: =VLOOKUP($C35,Sheet1!$A$2:$E$10,5,0) -> Trolley | N35: =J35/K35 -> 3 | O35: HR47E8635 | P35: 910104677
A36: G/I/25-26/01585 | B36: 10N620177046AC5 | C36: 55401M58U00 | D36: =VLOOKUP($C36,Sheet1!$A$2:$D$10,2,0) -> 141140-91211 | E36: CALIPER ASSY,REAR BRAKE,R | F36: 46032 | G36: 0.5625 | H36: CA-21 | I36: AC5 | J36: 60 | K36: =VLOOKUP($C36,Sheet1!$A$2:$D$10,4,0) -> 2 | L36: =VLOOKUP($C36,Sheet1!$A$2:$E$10,5,0) -> Bin | M36: =J36/K36 -> 30 | O36: HR47E8635 | P36: 12505Q100031
A37: G/I/25-26/01585 | B37: 10N620177089AC5 | C37: 55402M58U00 | D37: =VLOOKUP($C37,Sheet1!$A$2:$D$10,2,0) -> 141150-91211 | E37: CALIPER ASSY,REAR BRAKE,L | F37: 46032 | G37: 0.5625 | H37: CA-21 | I37: AC5 | J37: 60 | K37: =VLOOKUP($C37,Sheet1!$A$2:$D$10,4,0) -> 2 | L37: =VLOOKUP($C37,Sheet1!$A$2:$E$10,5,0) -> Bin | M37: =J37/K37 -> 30 | O37: HR47E8635 | P37: 12505Q100031 -27 Qty. / 12505Q100114 -33 Q
A38: G/I/25-26/01585 | B38: 10N620177127AC5 | C38: 55611M58U00 | D38: =VLOOKUP($C38,Sheet1!$A$2:$D$10,2,0) -> 141186-74360 | E38: DISC,REAR BRAKE | F38: 46032 | G38: 0.5625 | H38: CA-21 | I38: AC5 | J38: 120 | K38: =VLOOKUP($C38,Sheet1!$A$2:$D$10,4,0) -> 40 | L38: =VLOOKUP($C38,Sheet1!$A$2:$E$10,5,0) -> Trolley | N38: =J38/K38 -> 3 | O38: HR47E8635 | P38: 910104677
A39: G/I/25-26/01586 | B39: 10N620177160AC5 | C39: 56110M58UA1 | D39: =VLOOKUP($C39,Sheet1!$A$2:$D$10,2,0) -> 116040-92240 | E39: ACTUATOR ASSY,NO VARIANT ESP | F39: 46032 | G39: 0.5625 | H39: CA-01 | I39: AC5 | J39: 60 | K39: =VLOOKUP($C39,Sheet1!$A$2:$D$10,4,0) -> 6 | L39: =VLOOKUP($C39,Sheet1!$A$2:$E$10,5,0) -> Bin | M39: =J39/K39 -> 10 | O39: HR47E8635 | P39: 12506Q100012-36 Qty/ 12505Q100114 -24 Q
A40: G/I/25-26/01586 | B40: 10N620177208AC5 | C40: 5A120M58U01 | D40: =VLOOKUP($C40,Sheet1!$A$2:$D$10,2,0) -> 114010-50820 | E40: CYLINDER ASSY,BK MASTER W/ECU | F40: 46032 | G40: 0.5625 | H40: CA-01 | I40: AC5 | J40: 14 | K40: =VLOOKUP($C40,Sheet1!$A$2:$D$10,4,0) -> 1 | L40: =VLOOKUP($C40,Sheet1!$A$2:$E$10,5,0) -> Bin | M40: =J40/K40 -> 14 | O40: HR47E8635 | P40: 12505Q100031
A41: G/I/25-26/01586 | B41: 10N620177240AC5 | C41: 5A120M58U50 | D41: =VLOOKUP($C41,Sheet1!$A$2:$D$10,2,0) -> 114010-50830 | E41: CYLINDER ASSY,BK MASTER W/ECU | F41: 46032 | G41: 0.5625 | H41: CA-01 | I41: AC5 | J41: 46 | K41: =VLOOKUP($C41,Sheet1!$A$2:$D$10,4,0) -> 1 | L41: =VLOOKUP($C41,Sheet1!$A$2:$E$10,5,0) -> Bin | M41: =J41/K41 -> 46 | O41: HR47E8635 | P41: 12505Q100086
M42: 130 | N42: 9
A43: G/I/25-26/01587 | B43: 10N620176937AC5 | C43: 55101M58U10 | D43: =VLOOKUP($C43,Sheet1!$A$2:$D$10,2,0) -> 141110-14600 | E43: CALIPER ASSY,FRONT BRAKE,R | F43: 46032 | G43: 0.77083333 | H43: CA-07 | I43: AC5 | J43: 54 | K43: =VLOOKUP($C43,Sheet1!$A$2:$D$10,4,0) -> 18 | L43: =VLOOKUP($C43,Sheet1!$A$2:$E$10,5,0) -> Trolley (H) | N43: 3 | O43: HR47E2937 | P43: AN0250011367
A44: G/I/25-26/01587 | B44: 10N620176970AC5 | C44: 55102M58U10 | D44: =VLOOKUP($C44,Sheet1!$A$2:$D$10,2,0) -> 141120-14600 | E44: CALIPER ASSY,FRONT BRAKE,L | F44: 46032 | G44: 0.77083333 | H44: CA-07 | I44: AC5 | J44: 54 | K44: =VLOOKUP($C44,Sheet1!$A$2:$D$10,4,0) -> 18 | L44: =VLOOKUP($C44,Sheet1!$A$2:$E$10,5,0) -> Trolley (H) | O44: HR47E2937 | P44: AN0250011367
A45: G/I/25-26/01587 | B45: 10N620177011AC5 | C45: 55311M58U00 | D45: =VLOOKUP($C45,Sheet1!$A$2:$D$10,2,0) -> 141185-74670 | E45: DISC,FRONT BRAKE | F45: 46032 | G45: 0.77083333 | H45: CA-07 | I45: AC5 | J45: 120 | K45: =VLOOKUP($C45,Sheet1!$A$2:$D$10,4,0) -> 40 | L45: =VLOOKUP($C45,Sheet1!$A$2:$E$10,5,0) -> Trolley | N45: =J45/K45 -> 3 | O45: HR47E2937 | P45: 910104677
A46: G/I/25-26/01587 | B46: 10N620177054AC5 | C46: 55401M58U00 | D46: =VLOOKUP($C46,Sheet1!$A$2:$D$10,2,0) -> 141140-91211 | E46: CALIPER ASSY,REAR BRAKE,R | F46: 46032 | G46: 0.77083333 | H46: CA-21 | I46: AC5 | J46: 60 | K46: =VLOOKUP($C46,Sheet1!$A$2:$D$10,4,0) -> 2 | L46: =VLOOKUP($C46,Sheet1!$A$2:$E$10,5,0) -> Bin | M46: =J46/K46 -> 30 | O46: HR47E2937 | P46: 12505Q100031 -14 Qty. / 12505Q100114 -46 Qty
A47: G/I/25-26/01587 | B47: 10N620177097AC5 | C47: 55402M58U00 | D47: =VLOOKUP($C47,Sheet1!$A$2:$D$10,2,0) -> 141150-91211 | E47: CALIPER ASSY,REAR BRAKE,L | F47: 46032 | G47: 0.77083333 | H47: CA-21 | I47: AC5 | J47: 60 | K47: =VLOOKUP($C47,Sheet1!$A$2:$D$10,4,0) -> 2 | L47: =VLOOKUP($C47,Sheet1!$A$2:$E$10,5,0) -> Bin | M47: =J47/K47 -> 30 | O47: HR47E2937 | P47: 12505Q100114
A48: G/I/25-26/01587 | B48: 10N620177135AC5 | C48: 55611M58U00 | D48: =VLOOKUP($C48,Sheet1!$A$2:$D$10,2,0) -> 141186-74360 | E48: DISC,REAR BRAKE | F48: 46032 | G48: 0.77083333 | H48: CA-21 | I48: AC5 | J48: 120 | K48: =VLOOKUP($C48,Sheet1!$A$2:$D$10,4,0) -> 40 | L48: =VLOOKUP($C48,Sheet1!$A$2:$E$10,5,0) -> Trolley | N48: =J48/K48 -> 3 | O48: HR47E2937 | P48: 910104677
A49: G/I/25-26/01588 | B49: 10N620177178AC5 | C49: 56110M58UA1 | D49: =VLOOKUP($C49,Sheet1!$A$2:$D$10,2,0) -> 116040-92240 | E49: ACTUATOR ASSY,NO VARIANT ESP | F49: 46032 | G49: 0.77083333 | H49: CA-01 | I49: AC5 | J49: 60 | K49: =VLOOKUP($C49,Sheet1!$A$2:$D$10,4,0) -> 6 | L49: =VLOOKUP($C49,Sheet1!$A$2:$E$10,5,0) -> Bin | M49: =J49/K49 -> 10 | O49: HR47E2937 | P49: 12505Q100174
A50: G/I/25-26/01588 | B50: 10N620177216AC5 | C50: 5A120M58U01 | D50: =VLOOKUP($C50,Sheet1!$A$2:$D$10,2,0) -> 114010-50820 | E50: CYLINDER ASSY,BK MASTER W/ECU | F50: 46032 | G50: 0.77083333 | H50: CA-01 | I50: AC5 | J50: 13 | K50: =VLOOKUP($C50,Sheet1!$A$2:$D$10,4,0) -> 1 | L50: =VLOOKUP($C50,Sheet1!$A$2:$E$10,5,0) -> Bin | M50: =J50/K50 -> 13 | O50: HR47E2937 | P50: 12505Q100031
A51: G/I/25-26/01588 | B51: 10N620177259AC5 | C51: 5A120M58U50 | D51: =VLOOKUP($C51,Sheet1!$A$2:$D$10,2,0) -> 114010-50830 | E51: CYLINDER ASSY,BK MASTER W/ECU | F51: 46032 | G51: 0.77083333 | H51: CA-01 | I51: AC5 | J51: 47 | K51: =VLOOKUP($C51,Sheet1!$A$2:$D$10,4,0) -> 1 | L51: =VLOOKUP($C51,Sheet1!$A$2:$E$10,5,0) -> Bin | M51: =J51/K51 -> 47 | O51: HR47E2937 | P51: 12505Q100086-24 Qty / 12505Q100051-23 Q
M52: 130 | N52: 9
A53: G/I/25-26/01589 | B53: 10N620176945AC5 | C53: 55101M58U10 | D53: =VLOOKUP($C53,Sheet1!$A$2:$D$10,2,0) -> 141110-14600 | E53: CALIPER ASSY,FRONT BRAKE,R | F53: 46032 | G53: 0.97916667 | H53: CA-07 | I53: AC5 | J53: 54 | K53: =VLOOKUP($C53,Sheet1!$A$2:$D$10,4,0) -> 18 | L53: =VLOOKUP($C53,Sheet1!$A$2:$E$10,5,0) -> Trolley (H) | N53: 3 | O53: HR47H5465 | P53: AN0250011367
A54: G/I/25-26/01589 | B54: 10N620176988AC5 | C54: 55102M58U10 | D54: =VLOOKUP($C54,Sheet1!$A$2:$D$10,2,0) -> 141120-14600 | E54: CALIPER ASSY,FRONT BRAKE,L | F54: 46032 | G54: 0.97916667 | H54: CA-07 | I54: AC5 | J54: 54 | K54: =VLOOKUP($C54,Sheet1!$A$2:$D$10,4,0) -> 18 | L54: =VLOOKUP($C54,Sheet1!$A$2:$E$10,5,0) -> Trolley (H) | O54: HR47H5465 | P54: AN0250011367
A55: G/I/25-26/01589 | B55: 10N620177020AC5 | C55: 55311M58U00 | D55: =VLOOKUP($C55,Sheet1!$A$2:$D$10,2,0) -> 141185-74670 | E55: DISC,FRONT BRAKE | F55: 46032 | G55: 0.97916667 | H55: CA-07 | I55: AC5 | J55: 80 | K55: =VLOOKUP($C55,Sheet1!$A$2:$D$10,4,0) -> 40 | L55: =VLOOKUP($C55,Sheet1!$A$2:$E$10,5,0) -> Trolley | N55: =J55/K55 -> 2 | O55: HR47H5465 | P55: 910104677
A56: G/I/25-26/01589 | B56: 10N620177062AC5 | C56: 55401M58U00 | D56: =VLOOKUP($C56,Sheet1!$A$2:$D$10,2,0) -> 141140-91211 | E56: CALIPER ASSY,REAR BRAKE,R | F56: 46032 | G56: 0.97916667 | H56: CA-21 | I56: AC5 | J56: 50 | K56: =VLOOKUP($C56,Sheet1!$A$2:$D$10,4,0) -> 2 | L56: =VLOOKUP($C56,Sheet1!$A$2:$E$10,5,0) -> Bin | M56: =J56/K56 -> 25 | O56: HR47H5465 | P56: 12505Q100114
A57: G/I/25-26/01589 | B57: 10N620177100AC5 | C57: 55402M58U00 | D57: =VLOOKUP($C57,Sheet1!$A$2:$D$10,2,0) -> 141150-91211 | E57: CALIPER ASSY,REAR BRAKE,L | F57: 46032 | G57: 0.97916667 | H57: CA-21 | I57: AC5 | J57: 50 | K57: =VLOOKUP($C57,Sheet1!$A$2:$D$10,4,0) -> 2 | L57: =VLOOKUP($C57,Sheet1!$A$2:$E$10,5,0) -> Bin | M57: =J57/K57 -> 25 | O57: HR47H5465 | P57: 12505Q100114
A58: G/I/25-26/01589 | B58: 10N620177143AC5 | C58: 55611M58U00 | D58: =VLOOKUP($C58,Sheet1!$A$2:$D$10,2,0) -> 141186-74360 | E58: DISC,REAR BRAKE | F58: 46032 | G58: 0.97916667 | H58: CA-21 | I58: AC5 | J58: 80 | K58: =VLOOKUP($C58,Sheet1!$A$2:$D$10,4,0) -> 40 | L58: =VLOOKUP($C58,Sheet1!$A$2:$E$10,5,0) -> Trolley | N58: =J58/K58 -> 2 | O58: HR47H5465 | P58: 910104677
A59: G/I/25-26/01590 | B59: 10N620177186AC5 | C59: 56110M58UA1 | D59: =VLOOKUP($C59,Sheet1!$A$2:$D$10,2,0) -> 116040-92240 | E59: ACTUATOR ASSY,NO VARIANT ESP | F59: 46032 | G59: 0.97916667 | H59: CA-01 | I59: AC5 | J59: 54 | K59: =VLOOKUP($C59,Sheet1!$A$2:$D$10,4,0) -> 6 | L59: =VLOOKUP($C59,Sheet1!$A$2:$E$10,5,0) -> Bin | M59: =J59/K59 -> 9 | O59: HR47H5465 | P59: 12505Q100174
A60: G/I/25-26/01590 | B60: 10N620177224AC5 | C60: 5A120M58U01 | D60: =VLOOKUP($C60,Sheet1!$A$2:$D$10,2,0) -> 114010-50820 | E60: CYLINDER ASSY,BK MASTER W/ECU | F60: 46032 | G60: 0.97916667 | H60: CA-01 | I60: AC5 | J60: 15 | K60: =VLOOKUP($C60,Sheet1!$A$2:$D$10,4,0) -> 1 | L60: =VLOOKUP($C60,Sheet1!$A$2:$E$10,5,0) -> Bin | M60: =J60/K60 -> 15 | O60: HR47H5465 | P60: 12505Q100031
A61: G/I/25-26/01590 | B61: 10N620177267AC5 | C61: 5A120M58U50 | D61: =VLOOKUP($C61,Sheet1!$A$2:$D$10,2,0) -> 114010-50830 | E61: CYLINDER ASSY,BK MASTER W/ECU | F61: 46032 | G61: 0.97916667 | H61: CA-01 | I61: AC5 | J61: 35 | K61: =VLOOKUP($C61,Sheet1!$A$2:$D$10,4,0) -> 1 | L61: =VLOOKUP($C61,Sheet1!$A$2:$E$10,5,0) -> Bin | M61: =J61/K61 -> 35 | O61: HR47H5465 | P61: 12505Q100114-3 Qty / 12505Q100051-32 Qty
M62: 109 | N62: 7
B63: Download : X539_eNagare_202619.txt

Sheet 11-01-2026
J1: 24AACCN5739J1ZA
A2: Supply Month | B2: 46033 | L2: Vehicle No
A3: INVOICE NO | B3: KANBAN NO | C3: PART NUMBER | D3: Material Code | E3: PART NAME | F3: SUPPLY DATE | G3: SUPPLY TIME | H3: UNLOADING LOC | I3: Line | J3: Qty Req | K3: Packing Standerd | L3: Packed in | M3: TTL Bin | N3: TORLLY | O3: Vehicle No | P3: INV NO
A4: G/I/25-26/01591 | B4: 11N620588364AC5 | C4: 55101M58U10 | D4: =VLOOKUP($C4,Sheet1!$A$2:$D$10,2,0) -> 141110-14600 | E4: CALIPER ASSY,FRONT BRAKE,R | F4: 46033 | G4: 0.35416667 | H4: CA-07 | I4: AC5 | J4: 54 | K4: =VLOOKUP($C4,Sheet1!$A$2:$D$10,4,0) -> 18 | L4: =VLOOKUP($C4,Sheet1!$A$2:$E$10,5,0) -> Trolley (H) | N4: 3 | O4: HR47G9416 | P4: AN0250011367
A5: G/I/25-26/01591 | B5: 11N620588402AC5 | C5: 55102M58U10 | D5: =VLOOKUP($C5,Sheet1!$A$2:$D$10,2,0) -> 141120-14600 | E5: CALIPER ASSY,FRONT BRAKE,L | F5: 46033 | G5: 0.35416667 | H5: CA-07 | I5: AC5 | J5: 54 | K5: =VLOOKUP($C5,Sheet1!$A$2:$D$10,4,0) -> 18 | L5: =VLOOKUP($C5,Sheet1!$A$2:$E$10,5,0) -> Trolley (H) | O5: HR47G9416 | P5: AN0250011367
A6: G/I/25-26/01591 | B6: 11N620588445AC5 | C6: 55311M58U00 | D6: =VLOOKUP($C6,Sheet1!$A$2:$D$10,2,0) -> 141185-74670 | E6: DISC,FRONT BRAKE | F6: 46033 | G6: 0.35416667 | H6: CA-07 | I6: AC5 | J6: 80 | K6: =VLOOKUP($C6,Sheet1!$A$2:$D$10,4,0) -> 40 | L6: =VLOOKUP($C6,Sheet1!$A$2:$E$10,5,0) -> Trolley | N6: =J6/K6 -> 2 | O6: HR47G9416 | P6: 910105502
A7: G/I/25-26/01591 | B7: 11N620588488AC5 | C7: 55401M58U00 | D7: =VLOOKUP($C7,Sheet1!$A$2:$D$10,2,0) -> 141140-91211 | E7: CALIPER ASSY,REAR BRAKE,R | F7: 46033 | G7: 0.35416667 | H7: CA-21 | I7: AC5 | J7: 42 | K7: =VLOOKUP($C7,Sheet1!$A$2:$D$10,4,0) -> 2 | L7: =VLOOKUP($C7,Sheet1!$A$2:$E$10,5,0) -> Bin | M7: =J7/K7 -> 21 | O7: HR47G9416 | P7: 12505Q100114
A8: G/I/25-26/01591 | B8: 11N620588526AC5 | C8: 55402M58U00 | D8: =VLOOKUP($C8,Sheet1!$A$2:$D$10,2,0) -> 141150-91211 | E8: CALIPER ASSY,REAR BRAKE,L | F8: 46033 | G8: 0.35416667 | H8: CA-21 | I8: AC5 | J8: 42 | K8: =VLOOKUP($C8,Sheet1!$A$2:$D$10,4,0) -> 2 | L8: =VLOOKUP($C8,Sheet1!$A$2:$E$10,5,0) -> Bin | M8: =J8/K8 -> 21 | O8: HR47G9416 | P8: 12505Q100114
A9: G/I/25-26/01591 | B9: 11N620588569AC5 | C9: 55611M58U00 | D9: =VLOOKUP($C9,Sheet1!$A$2:$D$10,2,0) -> 141186-74360 | E9: DISC,REAR BRAKE | F9: 46033 | G9: 0.35416667 | H9: CA-21 | I9: AC5 | J9: 80 | K9: =VLOOKUP($C9,Sheet1!$A$2:$D$10,4,0) -> 40 | L9: =VLOOKUP($C9,Sheet1!$A$2:$E$10,5,0) -> Trolley | N9: =J9/K9 -> 2 | O9: HR47G9416 | P9: 910104677
A10: G/I/25-26/01591 | B10: 11N620921187AC5 | C10: 55611M58U00 | D10: =VLOOKUP($C10,Sheet1!$A$2:$D$10,2,0) -> 141186-74360 | E10: DISC,REAR BRAKE | F10: 46033 | G10: 0.35416667 | H10: CA-21 | I10: AC5 | J10: 40 | K10: =VLOOKUP($C10,Sheet1!$A$2:$D$10,4,0) -> 40 | L10: =VLOOKUP($C10,Sheet1!$A$2:$E$10,5,0) -> Trolley | N10: =J10/K10 -> 1 | O10: HR47G9416 | P10: 910104677
A11: G/I/25-26/01592 | B11: 11N620588607AC5 | C11: 56110M58UA1 | D11: =VLOOKUP($C11,Sheet1!$A$2:$D$10,2,0) -> 116040-92240 | E11: ACTUATOR ASSY,NO VARIANT ESP | F11: 46033 | G11: 0.35416667 | H11: CA-01 | I11: AC5 | J11: 84 | K11: =VLOOKUP($C11,Sheet1!$A$2:$D$10,4,0) -> 6 | L11: =VLOOKUP($C11,Sheet1!$A$2:$E$10,5,0) -> Bin | M11: =J11/K11 -> 14 | O11: HR47G9416 | P11: 12505Q100174
A12: G/I/25-26/01592 | B12: 11N620588640AC5 | C12: 5A120M58U01 | D12: =VLOOKUP($C12,Sheet1!$A$2:$D$10,2,0) -> 114010-50820 | E12: CYLINDER ASSY,BK MASTER W/ECU | F12: 46033 | G12: 0.35416667 | H12: CA-01 | I12: AC5 | J12: 18 | K12: =VLOOKUP($C12,Sheet1!$A$2:$D$10,4,0) -> 1 | L12: =VLOOKUP($C12,Sheet1!$A$2:$E$10,5,0) -> Bin | M12: =J12/K12 -> 18 | O12: HR47G9416 | P12: 12505Q100031
A13: G/I/25-26/01592 | B13: 11N620588682AC5 | C13: 5A120M58U50 | D13: =VLOOKUP($C13,Sheet1!$A$2:$D$10,2,0) -> 114010-50830 | E13: CYLINDER ASSY,BK MASTER W/ECU | F13: 46033 | G13: 0.35416667 | H13: CA-01 | I13: AC5 | J13: 36 | K13: =VLOOKUP($C13,Sheet1!$A$2:$D$10,4,0) -> 1 | L13: =VLOOKUP($C13,Sheet1!$A$2:$E$10,5,0) -> Bin | M13: =J13/K13 -> 36 | O13: HR47G9416 | P13: 12505Q100114
A14: G/I/25-26/01592 | B14: 11N620921829AC5 | C14: 5A120M58U50 | D14: =VLOOKUP($C14,Sheet1!$A$2:$D$10,2,0) -> 114010-50830 | E14: CYLINDER ASSY,BK MASTER W/ECU | F14: 46033 | G14: 0.35416667 | H14: CA-01 | I14: AC5 | J14: 10 | K14: =VLOOKUP($C14,Sheet1!$A$2:$D$10,4,0) -> 1 | L14: =VLOOKUP($C14,Sheet1!$A$2:$E$10,5,0) -> Bin | M14: =J14/K14 -> 10 | O14: HR47G9416 | P14: 12505Q100114
M15: 120 | N15: 8
A16: G/I/25-26/01593 | B16: 11N620588364AC5 | C16: 55101M58U10 | D16: =VLOOKUP($C16,Sheet1!$A$2:$D$10,2,0) -> 141110-14600 | E16: CALIPER ASSY,FRONT BRAKE,R | F16: 46033 | G16: 0.35416667 | H16: CA-07 | I16: AC5 | J16: 18 | K16: =VLOOKUP($C16,Sheet1!$A$2:$D$10,4,0) -> 18 | L16: =VLOOKUP($C16,Sheet1!$A$2:$E$10,5,0) -> Trolley (H) | N16: 1 | O16: HR47E8635 | P16: AN0250011367
A17: G/I/25-26/01593 | B17: 11N620588402AC5 | C17: 55102M58U10 | D17: =VLOOKUP($C17,Sheet1!$A$2:$D$10,2,0) -> 141120-14600 | E17: CALIPER ASSY,FRONT BRAKE,L | F17: 46033 | G17: 0.35416667 | H17: CA-07 | I17: AC5 | J17: 18 | K17: =VLOOKUP($C17,Sheet1!$A$2:$D$10,4,0) -> 18 | L17: =VLOOKUP($C17,Sheet1!$A$2:$E$10,5,0) -> Trolley (H) | O17: HR47E8635 | P17: AN0250011367
A18: G/I/25-26/01593 | B18: 11N620588445AC5 | C18: 55311M58U00 | D18: =VLOOKUP($C18,Sheet1!$A$2:$D$10,2,0) -> 141185-74670 | E18: DISC,FRONT BRAKE | F18: 46033 | G18: 0.35416667 | H18: CA-07 | I18: AC5 | J18: 80 | K18: =VLOOKUP($C18,Sheet1!$A$2:$D$10,4,0) -> 40 | L18: =VLOOKUP($C18,Sheet1!$A$2:$E$10,5,0) -> Trolley | N18: =J18/K18 -> 2 | O18: HR47E8635 | P18: 910105502
A19: G/I/25-26/01593 | B19: 11N620588488AC5 | C19: 55401M58U00 | D19: =VLOOKUP($C19,Sheet1!$A$2:$D$10,2,0) -> 141140-91211 | E19: CALIPER ASSY,REAR BRAKE,R | F19: 46033 | G19: 0.35416667 | H19: CA-21 | I19: AC5 | J19: 42 | K19: =VLOOKUP($C19,Sheet1!$A$2:$D$10,4,0) -> 2 | L19: =VLOOKUP($C19,Sheet1!$A$2:$E$10,5,0) -> Bin | M19: =J19/K19 -> 21 | O19: HR47E8635 | P19: 12505Q100114
A20: G/I/25-26/01593 | B20: 11N620926324AC5 | C20: 55401M58U00 | D20: =VLOOKUP($C20,Sheet1!$A$2:$D$10,2,0) -> 141140-91211 | E20: CALIPER ASSY,REAR BRAKE,R | F20: 46033 | G20: 0.35416667 | H20: CA-21 | I20: AC5 | J20: 14 | K20: =VLOOKUP($C20,Sheet1!$A$2:$D$10,4,0) -> 2 | L20: =VLOOKUP($C20,Sheet1!$A$2:$E$10,5,0) -> Bin | M20: =J20/K20 -> 7 | O20: HR47E8635 | P20: 12505Q100114
A21: G/I/25-26/01593 | B21: 11N620588526AC5 | C21: 55402M58U00 | D21: =VLOOKUP($C21,Sheet1!$A$2:$D$10,2,0) -> 141150-91211 | E21: CALIPER ASSY,REAR BRAKE,L | F21: 46033 | G21: 0.35416667 | H21: CA-21 | I21: AC5 | J21: 42 | K21: =VLOOKUP($C21,Sheet1!$A$2:$D$10,4,0) -> 2 | L21: =VLOOKUP($C21,Sheet1!$A$2:$E$10,5,0) -> Bin | M21: =J21/K21 -> 21 | O21: HR47E8635 | P21: 12505Q100114
A22: G/I/25-26/01593 | B22: 11N620926227AC5 | C22: 55402M58U00 | D22: =VLOOKUP($C22,Sheet1!$A$2:$D$10,2,0) -> 141150-91211 | E22: CALIPER ASSY,REAR BRAKE,L | F22: 46033 | G22: 0.35416667 | H22: CA-21 | I22: AC5 | J22: 14 | K22: =VLOOKUP($C22,Sheet1!$A$2:$D$10,4,0) -> 2 | L22: =VLOOKUP($C22,Sheet1!$A$2:$E$10,5,0) -> Bin | M22: =J22/K22 -> 7 | O22: HR47E8635 | P22: 12505Q100114
A23: G/I/25-26/01593 | B23: 11N620588569AC5 | C23: 55611M58U00 | D23: =VLOOKUP($C23,Sheet1!$A$2:$D$10,2,0) -> 141186-74360 | E23: DISC,REAR BRAKE | F23: 46033 | G23: 0.35416667 | H23: CA-21 | I23: AC5 | J23: 80 | K23: =VLOOKUP($C23,Sheet1!$A$2:$D$10,4,0) -> 40 | L23: =VLOOKUP($C23,Sheet1!$A$2:$E$10,5,0) -> Trolley | N23: =J23/K23 -> 2 | O23: HR47E8635 | P23: 910104677-16 Qty / 910105502 - 64 Qty
A24: G/I/25-26/01594 | B24: 11N620925042AC5 | C24: 56110M58UA1 | D24: =VLOOKUP($C24,Sheet1!$A$2:$D$10,2,0) -> 116040-92240 | E24: ACTUATOR ASSY,NO VARIANT ESP | F24: 46033 | G24: 0.35416667 | H24: CA-01 | I24: AC5 | J24: 12 | K24: =VLOOKUP($C24,Sheet1!$A$2:$D$10,4,0) -> 6 | L24: =VLOOKUP($C24,Sheet1!$A$2:$E$10,5,0) -> Bin | M24: =J24/K24 -> 2 | O24: HR47E8635 | P24: 12505Q100174
A25: G/I/25-26/01594 | B25: 11N620921047AC5 | C25: 5A120M58U01 | D25: =VLOOKUP($C25,Sheet1!$A$2:$D$10,2,0) -> 114010-50820 | E25: CYLINDER ASSY,BK MASTER W/ECU | F25: 46033 | G25: 0.35416667 | H25: CA-01 | I25: AC5 | J25: 4 | K25: =VLOOKUP($C25,Sheet1!$A$2:$D$10,4,0) -> 1 | L25: =VLOOKUP($C25,Sheet1!$A$2:$E$10,5,0) -> Bin | M25: =J25/K25 -> 4 | O25: HR47E8635 | P25: 12505Q100031
A26: G/I/25-26/01594 | B26: 11N620588682AC5 | C26: 5A120M58U50 | D26: =VLOOKUP($C26,Sheet1!$A$2:$D$10,2,0) -> 114010-50830 | E26: CYLINDER ASSY,BK MASTER W/ECU | F26: 46033 | G26: 0.35416667 | H26: CA-01 | I26: AC5 | J26: 30 | K26: =VLOOKUP($C26,Sheet1!$A$2:$D$10,4,0) -> 1 | L26: =VLOOKUP($C26,Sheet1!$A$2:$E$10,5,0) -> Bin | M26: =J26/K26 -> 30 | O26: HR47E8635 | P26: 12505Q100114
M27: 92 | N27: 5
A28: G/I/25-26/01595 | B28: 11N620588372AC5 | C28: 55101M58U10 | D28: =VLOOKUP($C28,Sheet1!$A$2:$D$10,2,0) -> 141110-14600 | E28: CALIPER ASSY,FRONT BRAKE,R | F28: 46033 | G28: 0.5625 | H28: CA-07 | I28: AC5 | J28: 54 | K28: =VLOOKUP($C28,Sheet1!$A$2:$D$10,4,0) -> 18 | L28: =VLOOKUP($C28,Sheet1!$A$2:$E$10,5,0) -> Trolley (H) | N28: 3 | O28: HR47H5465 | P28: AN0250011367
A29: G/I/25-26/01595 | B29: 11N620588410AC5 | C29: 55102M58U10 | D29: =VLOOKUP($C29,Sheet1!$A$2:$D$10,2,0) -> 141120-14600 | E29: CALIPER ASSY,FRONT BRAKE,L | F29: 46033 | G29: 0.5625 | H29: CA-07 | I29: AC5 | J29: 54 | K29: =VLOOKUP($C29,Sheet1!$A$2:$D$10,4,0) -> 18 | L29: =VLOOKUP($C29,Sheet1!$A$2:$E$10,5,0) -> Trolley (H) | O29: HR47H5465 | P29: AN0250011367
A30: G/I/25-26/01595 | B30: 11N620588453AC5 | C30: 55311M58U00 | D30: =VLOOKUP($C30,Sheet1!$A$2:$D$10,2,0) -> 141185-74670 | E30: DISC,FRONT BRAKE | F30: 46033 | G30: 0.5625 | H30: CA-07 | I30: AC5 | J30: 120 | K30: =VLOOKUP($C30,Sheet1!$A$2:$D$10,4,0) -> 40 | L30: =VLOOKUP($C30,Sheet1!$A$2:$E$10,5,0) -> Trolley | N30: =J30/K30 -> 3 | O30: HR47H5465 | P30: 910105502
A31: G/I/25-26/01595 | B31: 11N620588496AC5 | C31: 55401M58U00 | D31: =VLOOKUP($C31,Sheet1!$A$2:$D$10,2,0) -> 141140-91211 | E31: CALIPER ASSY,REAR BRAKE,R | F31: 46033 | G31: 0.5625 | H31: CA-21 | I31: AC5 | J31: 54 | K31: =VLOOKUP($C31,Sheet1!$A$2:$D$10,4,0) -> 2 | L31: =VLOOKUP($C31,Sheet1!$A$2:$E$10,5,0) -> Bin | M31: =J31/K31 -> 27 | O31: HR47H5465 | P31: 12505Q100114
A32: G/I/25-26/01595 | B32: 11N620588534AC5 | C32: 55402M58U00 | D32: =VLOOKUP($C32,Sheet1!$A$2:$D$10,2,0) -> 141150-91211 | E32: CALIPER ASSY,REAR BRAKE,L | F32: 46033 | G32: 0.5625 | H32: CA-21 | I32: AC5 | J32: 54 | K32: =VLOOKUP($C32,Sheet1!$A$2:$D$10,4,0) -> 2 | L32: =VLOOKUP($C32,Sheet1!$A$2:$E$10,5,0) -> Bin | M32: =J32/K32 -> 27 | O32: HR47H5465 | P32: 12505Q100114
A33: G/I/25-26/01595 | B33: 11N620588577AC5 | C33: 55611M58U00 | D33: =VLOOKUP($C33,Sheet1!$A$2:$D$10,2,0) -> 141186-74360 | E33: DISC,REAR BRAKE | F33: 46033 | G33: 0.5625 | H33: CA-21 | I33: AC5 | J33: 120 | K33: =VLOOKUP($C33,Sheet1!$A$2:$D$10,4,0) -> 40 | L33: =VLOOKUP($C33,Sheet1!$A$2:$E$10,5,0) -> Trolley | N33: =J33/K33 -> 3 | O33: HR47H5465 | P33: 910104677-80 Qty / 910105502 -Qty
A34: G/I/25-26/01596 | B34: 11N620588615AC5 | C34: 56110M58UA1 | D34: =VLOOKUP($C34,Sheet1!$A$2:$D$10,2,0) -> 116040-92240 | E34: ACTUATOR ASSY,NO VARIANT ESP | F34: 46033 | G34: 0.5625 | H34: CA-01 | I34: AC5 | J34: 54 | K34: =VLOOKUP($C34,Sheet1!$A$2:$D$10,4,0) -> 6 | L34: =VLOOKUP($C34,Sheet1!$A$2:$E$10,5,0) -> Bin | M34: =J34/K34 -> 9 | O34: HR47H5465 | P34: 12505Q100174
A35: G/I/25-26/01596 | B35: 11N620588658AC5 | C35: 5A120M58U01 | D35: =VLOOKUP($C35,Sheet1!$A$2:$D$10,2,0) -> 114010-50820 | E35: CYLINDER ASSY,BK MASTER W/ECU | F35: 46033 | G35: 0.5625 | H35: CA-01 | I35: AC5 | J35: 12 | K35: =VLOOKUP($C35,Sheet1!$A$2:$D$10,4,0) -> 1 | L35: =VLOOKUP($C35,Sheet1!$A$2:$E$10,5,0) -> Bin | M35: =J35/K35 -> 12 | O35: HR47H5465 | P35: 12505Q100031
A36: G/I/25-26/01596 | B36: 11N620588690AC5 | C36: 5A120M58U50 | D36: =VLOOKUP($C36,Sheet1!$A$2:$D$10,2,0) -> 114010-50830 | E36: CYLINDER ASSY,BK MASTER W/ECU | F36: 46033 | G36: 0.5625 | H36: CA-01 | I36: AC5 | J36: 42 | K36: =VLOOKUP($C36,Sheet1!$A$2:$D$10,4,0) -> 1 | L36: =VLOOKUP($C36,Sheet1!$A$2:$E$10,5,0) -> Bin | M36: =J36/K36 -> 42 | O36: HR47H5465 | P36: 12505Q100114
M37: 117 | N37: 9
A38: G/I/25-26/01597 | B38: 11N620588380AC5 | C38: 55101M58U10 | D38: =VLOOKUP($C38,Sheet1!$A$2:$D$10,2,0) -> 141110-14600 | E38: CALIPER ASSY,FRONT BRAKE,R | F38: 46033 | G38: 0.77083333 | H38: CA-07 | I38: AC5 | J38: 54 | K38: =VLOOKUP($C38,Sheet1!$A$2:$D$10,4,0) -> 18 | L38: =VLOOKUP($C38,Sheet1!$A$2:$E$10,5,0) -> Trolley (H) | N38: 3 | O38: HR47E2937 | P38: AN0250011367
A39: G/I/25-26/01597 | B39: 11N620588429AC5 | C39: 55102M58U10 | D39: =VLOOKUP($C39,Sheet1!$A$2:$D$10,2,0) -> 141120-14600 | E39: CALIPER ASSY,FRONT BRAKE,L | F39: 46033 | G39: 0.77083333 | H39: CA-07 | I39: AC5 | J39: 54 | K39: =VLOOKUP($C39,Sheet1!$A$2:$D$10,4,0) -> 18 | L39: =VLOOKUP($C39,Sheet1!$A$2:$E$10,5,0) -> Trolley (H) | O39: HR47E2937 | P39: AN0250011367-32 Qty / AN0250011438 -22 Qty.
A40: G/I/25-26/01597 | B40: 11N620588461AC5 | C40: 55311M58U00 | D40: =VLOOKUP($C40,Sheet1!$A$2:$D$10,2,0) -> 141185-74670 | E40: DISC,FRONT BRAKE | F40: 46033 | G40: 0.77083333 | H40: CA-07 | I40: AC5 | J40: 80 | K40: =VLOOKUP($C40,Sheet1!$A$2:$D$10,4,0) -> 40 | L40: =VLOOKUP($C40,Sheet1!$A$2:$E$10,5,0) -> Trolley | N40: =J40/K40 -> 2 | O40: HR47E2937 | P40: 910105502
A41: G/I/25-26/01597 | B41: 11N620588500AC5 | C41: 55401M58U00 | D41: =VLOOKUP($C41,Sheet1!$A$2:$D$10,2,0) -> 141140-91211 | E41: CALIPER ASSY,REAR BRAKE,R | F41: 46033 | G41: 0.77083333 | H41: CA-21 | I41: AC5 | J41: 48 | K41: =VLOOKUP($C41,Sheet1!$A$2:$D$10,4,0) -> 2 | L41: =VLOOKUP($C41,Sheet1!$A$2:$E$10,5,0) -> Bin | M41: =J41/K41 -> 24 | O41: HR47E2937 | P41: 12505Q100114
A42: G/I/25-26/01597 | B42: 11N620588542AC5 | C42: 55402M58U00 | D42: =VLOOKUP($C42,Sheet1!$A$2:$D$10,2,0) -> 141150-91211 | E42: CALIPER ASSY,REAR BRAKE,L | F42: 46033 | G42: 0.77083333 | H42: CA-21 | I42: AC5 | J42: 48 | K42: =VLOOKUP($C42,Sheet1!$A$2:$D$10,4,0) -> 2 | L42: =VLOOKUP($C42,Sheet1!$A$2:$E$10,5,0) -> Bin | M42: =J42/K42 -> 24 | O42: HR47E2937 | P42: 12505Q100114
A43: G/I/25-26/01597 | B43: 11N620588585AC5 | C43: 55611M58U00 | D43: =VLOOKUP($C43,Sheet1!$A$2:$D$10,2,0) -> 141186-74360 | E43: DISC,REAR BRAKE | F43: 46033 | G43: 0.77083333 | H43: CA-21 | I43: AC5 | J43: 80 | K43: =VLOOKUP($C43,Sheet1!$A$2:$D$10,4,0) -> 40 | L43: =VLOOKUP($C43,Sheet1!$A$2:$E$10,5,0) -> Trolley | N43: =J43/K43 -> 2 | O43: HR47E2937 | P43: 910105502
A44: G/I/25-26/01598 | B44: 11N620588623AC5 | C44: 56110M58UA1 | D44: =VLOOKUP($C44,Sheet1!$A$2:$D$10,2,0) -> 116040-92240 | E44: ACTUATOR ASSY,NO VARIANT ESP | F44: 46033 | G44: 0.77083333 | H44: CA-01 | I44: AC5 | J44: 48 | K44: =VLOOKUP($C44,Sheet1!$A$2:$D$10,4,0) -> 6 | L44: =VLOOKUP($C44,Sheet1!$A$2:$E$10,5,0) -> Bin | M44: =J44/K44 -> 8 | O44: HR47E2937 | P44: 12505Q100174
A45: G/I/25-26/01598 | B45: 11N620588666AC5 | C45: 5A120M58U01 | D45: =VLOOKUP($C45,Sheet1!$A$2:$D$10,2,0) -> 114010-50820 | E45: CYLINDER ASSY,BK MASTER W/ECU | F45: 46033 | G45: 0.77083333 | H45: CA-01 | I45: AC5 | J45: 9 | K45: =VLOOKUP($C45,Sheet1!$A$2:$D$10,4,0) -> 1 | L45: =VLOOKUP($C45,Sheet1!$A$2:$E$10,5,0) -> Bin | M45: =J45/K45 -> 9 | O45: HR47E2937 | P45: 12505Q100031
A46: G/I/25-26/01598 | B46: 11N620588704AC5 | C46: 5A120M58U50 | D46: =VLOOKUP($C46,Sheet1!$A$2:$D$10,2,0) -> 114010-50830 | E46: CYLINDER ASSY,BK MASTER W/ECU | F46: 46033 | G46: 0.77083333 | H46: CA-01 | I46: AC5 | J46: 40 | K46: =VLOOKUP($C46,Sheet1!$A$2:$D$10,4,0) -> 1 | L46: =VLOOKUP($C46,Sheet1!$A$2:$E$10,5,0) -> Bin | M46: =J46/K46 -> 40 | O46: HR47E2937 | P46: 12505Q100114
M47: 105 | N47: 7
A48: G/I/25-26/01599 | B48: 11N620588399AC5 | C48: 55101M58U10 | D48: =VLOOKUP($C48,Sheet1!$A$2:$D$10,2,0) -> 141110-14600 | E48: CALIPER ASSY,FRONT BRAKE,R | F48: 46033 | G48: 0.97916667 | H48: CA-07 | I48: AC5 | J48: 54 | K48: =VLOOKUP($C48,Sheet1!$A$2:$D$10,4,0) -> 18 | L48: =VLOOKUP($C48,Sheet1!$A$2:$E$10,5,0) -> Trolley (H) | N48: 3 | O48: HR47G9416 | P48: AN0250011438 -09 Qty / AN0250011367 -45 Qty
A49: G/I/25-26/01599 | B49: 11N620588437AC5 | C49: 55102M58U10 | D49: =VLOOKUP($C49,Sheet1!$A$2:$D$10,2,0) -> 141120-14600 | E49: CALIPER ASSY,FRONT BRAKE,L | F49: 46033 | G49: 0.97916667 | H49: CA-07 | I49: AC5 | J49: 54 | K49: =VLOOKUP($C49,Sheet1!$A$2:$D$10,4,0) -> 18 | L49: =VLOOKUP($C49,Sheet1!$A$2:$E$10,5,0) -> Trolley (H) | O49: HR47G9416 | P49: AN0250011438
A50: G/I/25-26/01599 | B50: 11N620588470AC5 | C50: 55311M58U00 | D50: =VLOOKUP($C50,Sheet1!$A$2:$D$10,2,0) -> 141185-74670 | E50: DISC,FRONT BRAKE | F50: 46033 | G50: 0.97916667 | H50: CA-07 | I50: AC5 | J50: 120 | K50: =VLOOKUP($C50,Sheet1!$A$2:$D$10,4,0) -> 40 | L50: =VLOOKUP($C50,Sheet1!$A$2:$E$10,5,0) -> Trolley | N50: =J50/K50 -> 3 | O50: HR47G9416 | P50: 910105502
A51: G/I/25-26/01599 | B51: 11N620588518AC5 | C51: 55401M58U00 | D51: =VLOOKUP($C51,Sheet1!$A$2:$D$10,2,0) -> 141140-91211 | E51: CALIPER ASSY,REAR BRAKE,R | F51: 46033 | G51: 0.97916667 | H51: CA-21 | I51: AC5 | J51: 44 | K51: =VLOOKUP($C51,Sheet1!$A$2:$D$10,4,0) -> 2 | L51: =VLOOKUP($C51,Sheet1!$A$2:$E$10,5,0) -> Bin | M51: =J51/K51 -> 22 | O51: HR47G9416 | P51: 12505Q100114
A52: G/I/25-26/01599 | B52: 11N620588550AC5 | C52: 55402M58U00 | D52: =VLOOKUP($C52,Sheet1!$A$2:$D$10,2,0) -> 141150-91211 | E52: CALIPER ASSY,REAR BRAKE,L | F52: 46033 | G52: 0.97916667 | H52: CA-21 | I52: AC5 | J52: 44 | K52: =VLOOKUP($C52,Sheet1!$A$2:$D$10,4,0) -> 2 | L52: =VLOOKUP($C52,Sheet1!$A$2:$E$10,5,0) -> Bin | M52: =J52/K52 -> 22 | O52: HR47G9416 | P52: 12505Q100114
A53: G/I/25-26/01599 | B53: 11N620588593AC5 | C53: 55611M58U00 | D53: =VLOOKUP($C53,Sheet1!$A$2:$D$10,2,0) -> 141186-74360 | E53: DISC,REAR BRAKE | F53: 46033 | G53: 0.97916667 | H53: CA-21 | I53: AC5 | J53: 80 | K53: =VLOOKUP($C53,Sheet1!$A$2:$D$10,4,0) -> 40 | L53: =VLOOKUP($C53,Sheet1!$A$2:$E$10,5,0) -> Trolley | N53: =J53/K53 -> 2 | O53: HR47G9416 | P53: 910105502
A54: G/I/25-26/01600 | B54: 11N620588631AC5 | C54: 56110M58UA1 | D54: =VLOOKUP($C54,Sheet1!$A$2:$D$10,2,0) -> 116040-92240 | E54: ACTUATOR ASSY,NO VARIANT ESP | F54: 46033 | G54: 0.97916667 | H54: CA-01 | I54: AC5 | J54: 48 | K54: =VLOOKUP($C54,Sheet1!$A$2:$D$10,4,0) -> 6 | L54: =VLOOKUP($C54,Sheet1!$A$2:$E$10,5,0) -> Bin | M54: =J54/K54 -> 8 | O54: HR47G9416 | P54: 12505Q100174 -18 Qty / 12506Q100055 -30 Qty
A55: G/I/25-26/01600 | B55: 11N620588674AC5 | C55: 5A120M58U01 | D55: =VLOOKUP($C55,Sheet1!$A$2:$D$10,2,0) -> 114010-50820 | E55: CYLINDER ASSY,BK MASTER W/ECU | F55: 46033 | G55: 0.97916667 | H55: CA-01 | I55: AC5 | J55: 4 | K55: =VLOOKUP($C55,Sheet1!$A$2:$D$10,4,0) -> 1 | L55: =VLOOKUP($C55,Sheet1!$A$2:$E$10,5,0) -> Bin | M55: =J55/K55 -> 4 | O55: HR47G9416 | P55: 12505Q100031
A56: G/I/25-26/01600 | B56: 11N620588712AC5 | C56: 5A120M58U50 | D56: =VLOOKUP($C56,Sheet1!$A$2:$D$10,2,0) -> 114010-50830 | E56: CYLINDER ASSY,BK MASTER W/ECU | F56: 46033 | G56: 0.97916667 | H56: CA-01 | I56: AC5 | J56: 40 | K56: =VLOOKUP($C56,Sheet1!$A$2:$D$10,4,0) -> 1 | L56: =VLOOKUP($C56,Sheet1!$A$2:$E$10,5,0) -> Bin | M56: =J56/K56 -> 40 | O56: HR47G9416 | P56: 12505Q100114
M57: 96 | N57: 8
B58: Download : X539_eNagare_2026110.txt

Sheet 12-01-2026
J1: 24AACCN5739J1ZA
A2: Supply Month | B2: 46034 | L2: Vehicle No
A3: INVOICE NO | B3: KANBAN NO | C3: PART NUMBER | D3: Material Code | E3: PART NAME | F3: SUPPLY DATE | G3: SUPPLY TIME | H3: UNLOADING LOC | I3: Line | J3: Qty Req | K3: Packing Standerd | L3: Packed in | M3: TTL Bin | N3: TORLLY | O3: Vehicle No | P3: INV NO
A4: G/I/25-26/01601 | B4: 12N621026424AC5 | C4: 55101M58U10 | D4: =VLOOKUP($C4,Sheet1!$A$2:$D$10,2,0) -> 141110-14600 | E4: CALIPER ASSY,FRONT BRAKE,R | F4: 46034 | G4: 0.35416667 | H4: CA-07 | I4: AC5 | J4: 54 | K4: =VLOOKUP($C4,Sheet1!$A$2:$D$10,4,0) -> 18 | L4: =VLOOKUP($C4,Sheet1!$A$2:$E$10,5,0) -> Trolley (H) | N4: 3 | O4: HR47E8635 | P4: AN0250011438
A5: G/I/25-26/01601 | B5: 12N621026467AC5 | C5: 55102M58U10 | D5: =VLOOKUP($C5,Sheet1!$A$2:$D$10,2,0) -> 141120-14600 | E5: CALIPER ASSY,FRONT BRAKE,L | F5: 46034 | G5: 0.35416667 | H5: CA-07 | I5: AC5 | J5: 54 | K5: =VLOOKUP($C5,Sheet1!$A$2:$D$10,4,0) -> 18 | L5: =VLOOKUP($C5,Sheet1!$A$2:$E$10,5,0) -> Trolley (H) | O5: HR47E8635 | P5: AN0250011438
A6: G/I/25-26/01601 | B6: 12N621026505AC5 | C6: 55311M58U00 | D6: =VLOOKUP($C6,Sheet1!$A$2:$D$10,2,0) -> 141185-74670 | E6: DISC,FRONT BRAKE | F6: 46034 | G6: 0.35416667 | H6: CA-07 | I6: AC5 | J6: 80 | K6: =VLOOKUP($C6,Sheet1!$A$2:$D$10,4,0) -> 40 | L6: =VLOOKUP($C6,Sheet1!$A$2:$E$10,5,0) -> Trolley | N6: =J6/K6 -> 2 | O6: HR47E8635 | P6: 910105502
A7: G/I/25-26/01601 | B7: 12N621197881AC5 | C7: 55311M58U00 | D7: =VLOOKUP($C7,Sheet1!$A$2:$D$10,2,0) -> 141185-74670 | E7: DISC,FRONT BRAKE | F7: 46034 | G7: 0.35416667 | H7: CA-07 | I7: AC5 | J7: 40 | K7: =VLOOKUP($C7,Sheet1!$A$2:$D$10,4,0) -> 40 | L7: =VLOOKUP($C7,Sheet1!$A$2:$E$10,5,0) -> Trolley | N7: =J7/K7 -> 1 | O7: HR47E8635 | P7: 910105502
A8: G/I/25-26/01601 | B8: 12N621026548AC5 | C8: 55401M58U00 | D8: =VLOOKUP($C8,Sheet1!$A$2:$D$10,2,0) -> 141140-91211 | E8: CALIPER ASSY,REAR BRAKE,R | F8: 46034 | G8: 0.35416667 | H8: CA-21 | I8: AC5 | J8: 48 | K8: =VLOOKUP($C8,Sheet1!$A$2:$D$10,4,0) -> 2 | L8: =VLOOKUP($C8,Sheet1!$A$2:$E$10,5,0) -> Bin | M8: =J8/K8 -> 24 | O8: HR47E8635 | P8: 12505Q100114
A9: G/I/25-26/01601 | B9: 12N621198217AC5 | C9: 55401M58U00 | D9: =VLOOKUP($C9,Sheet1!$A$2:$D$10,2,0) -> 141140-91211 | E9: CALIPER ASSY,REAR BRAKE,R | F9: 46034 | G9: 0.35416667 | H9: CA-21 | I9: AC5 | J9: 2 | K9: =VLOOKUP($C9,Sheet1!$A$2:$D$10,4,0) -> 2 | L9: =VLOOKUP($C9,Sheet1!$A$2:$E$10,5,0) -> Bin | M9: =J9/K9 -> 1 | O9: HR47E8635 | P9: 12505Q100114
A10: G/I/25-26/01601 | B10: 12N621026580AC5 | C10: 55402M58U00 | D10: =VLOOKUP($C10,Sheet1!$A$2:$D$10,2,0) -> 141150-91211 | E10: CALIPER ASSY,REAR BRAKE,L | F10: 46034 | G10: 0.35416667 | H10: CA-21 | I10: AC5 | J10: 48 | K10: =VLOOKUP($C10,Sheet1!$A$2:$D$10,4,0) -> 2 | L10: =VLOOKUP($C10,Sheet1!$A$2:$E$10,5,0) -> Bin | M10: =J10/K10 -> 24 | O10: HR47E8635 | P10: 12505Q100114
A11: G/I/25-26/01601 | B11: 12N621196273AC5 | C11: 55402M58U00 | D11: =VLOOKUP($C11,Sheet1!$A$2:$D$10,2,0) -> 141150-91211 | E11: CALIPER ASSY,REAR BRAKE,L | F11: 46034 | G11: 0.35416667 | H11: CA-21 | I11: AC5 | J11: 2 | K11: =VLOOKUP($C11,Sheet1!$A$2:$D$10,4,0) -> 2 | L11: =VLOOKUP($C11,Sheet1!$A$2:$E$10,5,0) -> Bin | M11: =J11/K11 -> 1 | O11: HR47E8635 | P11: 12505Q100114
A12: G/I/25-26/01601 | B12: 12N621030510AC5 | C12: 55611M58U00 | D12: =VLOOKUP($C12,Sheet1!$A$2:$D$10,2,0) -> 141186-74360 | E12: DISC,REAR BRAKE | F12: 46034 | G12: 0.35416667 | H12: CA-21 | I12: AC5 | J12: 120 | K12: =VLOOKUP($C12,Sheet1!$A$2:$D$10,4,0) -> 40 | L12: =VLOOKUP($C12,Sheet1!$A$2:$E$10,5,0) -> Trolley | N12: =J12/K12 -> 3 | O12: HR47E8635 | P12: 910105502
A13: G/I/25-26/01602 | B13: 12N621030553AC5 | C13: 56110M58UA1 | D13: =VLOOKUP($C13,Sheet1!$A$2:$D$10,2,0) -> 116040-92240 | E13: ACTUATOR ASSY,NO VARIANT ESP | F13: 46034 | G13: 0.35416667 | H13: CA-01 | I13: AC5 | J13: 96 | K13: =VLOOKUP($C13,Sheet1!$A$2:$D$10,4,0) -> 6 | L13: =VLOOKUP($C13,Sheet1!$A$2:$E$10,5,0) -> Bin | M13: =J13/K13 -> 16 | O13: HR47E8635 | P13: 12506Q100055
A14: G/I/25-26/01602 | B14: 12N621196338AC5 | C14: 56110M58UA1 | D14: =VLOOKUP($C14,Sheet1!$A$2:$D$10,2,0) -> 116040-92240 | E14: ACTUATOR ASSY,NO VARIANT ESP | F14: 46034 | G14: 0.35416667 | H14: CA-01 | I14: AC5 | J14: 6 | K14: =VLOOKUP($C14,Sheet1!$A$2:$D$10,4,0) -> 6 | L14: =VLOOKUP($C14,Sheet1!$A$2:$E$10,5,0) -> Bin | M14: =J14/K14 -> 1 | O14: HR47E8635 | P14: 12506Q100055
A15: G/I/25-26/01602 | B15: 12N621030596AC5 | C15: 5A120M58U01 | D15: =VLOOKUP($C15,Sheet1!$A$2:$D$10,2,0) -> 114010-50820 | E15: CYLINDER ASSY,BK MASTER W/ECU | F15: 46034 | G15: 0.35416667 | H15: CA-01 | I15: AC5 | J15: 10 | K15: =VLOOKUP($C15,Sheet1!$A$2:$D$10,4,0) -> 1 | L15: =VLOOKUP($C15,Sheet1!$A$2:$E$10,5,0) -> Bin | M15: =J15/K15 -> 10 | O15: HR47E8635 | P15: 12505Q100031
A16: G/I/25-26/01602 | B16: 12N621198888AC5 | C16: 5A120M58U01 | D16: =VLOOKUP($C16,Sheet1!$A$2:$D$10,2,0) -> 114010-50820 | E16: CYLINDER ASSY,BK MASTER W/ECU | F16: 46034 | G16: 0.35416667 | H16: CA-01 | I16: AC5 | J16: 3 | K16: =VLOOKUP($C16,Sheet1!$A$2:$D$10,4,0) -> 1 | L16: =VLOOKUP($C16,Sheet1!$A$2:$E$10,5,0) -> Bin | M16: =J16/K16 -> 3 | O16: HR47E8635 | P16: 12505Q100031
A17: G/I/25-26/01602 | B17: 12N621030634AC5 | C17: 5A120M58U50 | D17: =VLOOKUP($C17,Sheet1!$A$2:$D$10,2,0) -> 114010-50830 | E17: CYLINDER ASSY,BK MASTER W/ECU | F17: 46034 | G17: 0.35416667 | H17: CA-01 | I17: AC5 | J17: 23 | K17: =VLOOKUP($C17,Sheet1!$A$2:$D$10,4,0) -> 1 | L17: =VLOOKUP($C17,Sheet1!$A$2:$E$10,5,0) -> Bin | M17: =J17/K17 -> 23 | O17: HR47E8635 | P17: 12505Q100114
M18: 103 | N18: 9
A19: G/I/25-26/01603 | B19: 12N621026424AC5 | C19: 55101M58U10 | D19: =VLOOKUP($C19,Sheet1!$A$2:$D$10,2,0) -> 141110-14600 | E19: CALIPER ASSY,FRONT BRAKE,R | F19: 46034 | G19: 0.35416667 | H19: CA-07 | I19: AC5 | J19: 54 | K19: =VLOOKUP($C19,Sheet1!$A$2:$D$10,4,0) -> 18 | L19: =VLOOKUP($C19,Sheet1!$A$2:$E$10,5,0) -> Trolley (H) | N19: 3 | O19: HR47H5465 | P19: AN0250011438
A20: G/I/25-26/01603 | B20: 12N621026467AC5 | C20: 55102M58U10 | D20: =VLOOKUP($C20,Sheet1!$A$2:$D$10,2,0) -> 141120-14600 | E20: CALIPER ASSY,FRONT BRAKE,L | F20: 46034 | G20: 0.35416667 | H20: CA-07 | I20: AC5 | J20: 54 | K20: =VLOOKUP($C20,Sheet1!$A$2:$D$10,4,0) -> 18 | L20: =VLOOKUP($C20,Sheet1!$A$2:$E$10,5,0) -> Trolley (H) | O20: HR47H5465 | P20: AN0250011438
A21: G/I/25-26/01603 | B21: 12N621026505AC5 | C21: 55311M58U00 | D21: =VLOOKUP($C21,Sheet1!$A$2:$D$10,2,0) -> 141185-74670 | E21: DISC,FRONT BRAKE | F21: 46034 | G21: 0.35416667 | H21: CA-07 | I21: AC5 | J21: 120 | K21: =VLOOKUP($C21,Sheet1!$A$2:$D$10,4,0) -> 40 | L21: =VLOOKUP($C21,Sheet1!$A$2:$E$10,5,0) -> Trolley | N21: =J21/K21 -> 3 | O21: HR47H5465 | P21: 910105502
A22: G/I/25-26/01603 | B22: 12N621026548AC5 | C22: 55401M58U00 | D22: =VLOOKUP($C22,Sheet1!$A$2:$D$10,2,0) -> 141140-91211 | E22: CALIPER ASSY,REAR BRAKE,R | F22: 46034 | G22: 0.35416667 | H22: CA-21 | I22: AC5 | J22: 50 | K22: =VLOOKUP($C22,Sheet1!$A$2:$D$10,4,0) -> 2 | L22: =VLOOKUP($C22,Sheet1!$A$2:$E$10,5,0) -> Bin | M22: =J22/K22 -> 25 | O22: HR47H5465 | P22: 12505Q100114
A23: G/I/25-26/01603 | B23: 12N621026580AC5 | C23: 55402M58U00 | D23: =VLOOKUP($C23,Sheet1!$A$2:$D$10,2,0) -> 141150-91211 | E23: CALIPER ASSY,REAR BRAKE,L | F23: 46034 | G23: 0.35416667 | H23: CA-21 | I23: AC5 | J23: 50 | K23: =VLOOKUP($C23,Sheet1!$A$2:$D$10,4,0) -> 2 | L23: =VLOOKUP($C23,Sheet1!$A$2:$E$10,5,0) -> Bin | M23: =J23/K23 -> 25 | O23: HR47H5465 | P23: 12505Q100114
A24: G/I/25-26/01603 | B24: 12N621030510AC5 | C24: 55611M58U00 | D24: =VLOOKUP($C24,Sheet1!$A$2:$D$10,2,0) -> 141186-74360 | E24: DISC,REAR BRAKE | F24: 46034 | G24: 0.35416667 | H24: CA-21 | I24: AC5 | J24: 80 | K24: =VLOOKUP($C24,Sheet1!$A$2:$D$10,4,0) -> 40 | L24: =VLOOKUP($C24,Sheet1!$A$2:$E$10,5,0) -> Trolley | N24: =J24/K24 -> 2 | O24: HR47H5465 | P24: 910105502
A25: G/I/25-26/01604 | B25: 12N621030596AC5 | C25: 5A120M58U01 | D25: =VLOOKUP($C25,Sheet1!$A$2:$D$10,2,0) -> 114010-50820 | E25: CYLINDER ASSY,BK MASTER W/ECU | F25: 46034 | G25: 0.35416667 | H25: CA-01 | I25: AC5 | J25: 10 | K25: =VLOOKUP($C25,Sheet1!$A$2:$D$10,4,0) -> 1 | L25: =VLOOKUP($C25,Sheet1!$A$2:$E$10,5,0) -> Bin | M25: =J25/K25 -> 10 | O25: HR47H5465 | P25: 12505Q100031
A26: G/I/25-26/01604 | B26: 12N621030634AC5 | C26: 5A120M58U50 | D26: =VLOOKUP($C26,Sheet1!$A$2:$D$10,2,0) -> 114010-50830 | E26: CYLINDER ASSY,BK MASTER W/ECU | F26: 46034 | G26: 0.35416667 | H26: CA-01 | I26: AC5 | J26: 55 | K26: =VLOOKUP($C26,Sheet1!$A$2:$D$10,4,0) -> 1 | L26: =VLOOKUP($C26,Sheet1!$A$2:$E$10,5,0) -> Bin | M26: =J26/K26 -> 55 | O26: HR47H5465 | P26: 12505Q100114
M27: 115 | N27: 8
A28: G/I/25-26/01605 | B28: 12N621026432AC5 | C28: 55101M58U10 | D28: =VLOOKUP($C28,Sheet1!$A$2:$D$10,2,0) -> 141110-14600 | E28: CALIPER ASSY,FRONT BRAKE,R | F28: 46034 | G28: 0.5625 | H28: CA-07 | I28: AC5 | J28: 54 | K28: =VLOOKUP($C28,Sheet1!$A$2:$D$10,4,0) -> 18 | L28: =VLOOKUP($C28,Sheet1!$A$2:$E$10,5,0) -> Trolley (H) | N28: 3 | O28: HR47G9416 | P28: AN0250011438-36 Qty / AN0250011348-18
A29: G/I/25-26/01605 | B29: 12N621026475AC5 | C29: 55102M58U10 | D29: =VLOOKUP($C29,Sheet1!$A$2:$D$10,2,0) -> 141120-14600 | E29: CALIPER ASSY,FRONT BRAKE,L | F29: 46034 | G29: 0.5625 | H29: CA-07 | I29: AC5 | J29: 54 | K29: =VLOOKUP($C29,Sheet1!$A$2:$D$10,4,0) -> 18 | L29: =VLOOKUP($C29,Sheet1!$A$2:$E$10,5,0) -> Trolley (H) | O29: HR47G9416 | P29: AN0250011438-18 Qty / AN0250011348-36
A30: G/I/25-26/01605 | B30: 12N621026513AC5 | C30: 55311M58U00 | D30: =VLOOKUP($C30,Sheet1!$A$2:$D$10,2,0) -> 141185-74670 | E30: DISC,FRONT BRAKE | F30: 46034 | G30: 0.5625 | H30: CA-07 | I30: AC5 | J30: 80 | K30: =VLOOKUP($C30,Sheet1!$A$2:$D$10,4,0) -> 40 | L30: =VLOOKUP($C30,Sheet1!$A$2:$E$10,5,0) -> Trolley | N30: =J30/K30 -> 2 | O30: HR47G9416 | P30: 910105502
A31: G/I/25-26/01605 | B31: 12N621026556AC5 | C31: 55401M58U00 | D31: =VLOOKUP($C31,Sheet1!$A$2:$D$10,2,0) -> 141140-91211 | E31: CALIPER ASSY,REAR BRAKE,R | F31: 46034 | G31: 0.5625 | H31: CA-21 | I31: AC5 | J31: 70 | K31: =VLOOKUP($C31,Sheet1!$A$2:$D$10,4,0) -> 2 | L31: =VLOOKUP($C31,Sheet1!$A$2:$E$10,5,0) -> Bin | M31: =J31/K31 -> 35 | O31: HR47G9416 | P31: 12505Q100114
A32: G/I/25-26/01605 | B32: 12N621026599AC5 | C32: 55402M58U00 | D32: =VLOOKUP($C32,Sheet1!$A$2:$D$10,2,0) -> 141150-91211 | E32: CALIPER ASSY,REAR BRAKE,L | F32: 46034 | G32: 0.5625 | H32: CA-21 | I32: AC5 | J32: 70 | K32: =VLOOKUP($C32,Sheet1!$A$2:$D$10,4,0) -> 2 | L32: =VLOOKUP($C32,Sheet1!$A$2:$E$10,5,0) -> Bin | M32: =J32/K32 -> 35 | O32: HR47G9416 | P32: 12505Q100114
A33: G/I/25-26/01605 | B33: 12N621030529AC5 | C33: 55611M58U00 | D33: =VLOOKUP($C33,Sheet1!$A$2:$D$10,2,0) -> 141186-74360 | E33: DISC,REAR BRAKE | F33: 46034 | G33: 0.5625 | H33: CA-21 | I33: AC5 | J33: 80 | K33: =VLOOKUP($C33,Sheet1!$A$2:$D$10,4,0) -> 40 | L33: =VLOOKUP($C33,Sheet1!$A$2:$E$10,5,0) -> Trolley | N33: =J33/K33 -> 2 | O33: HR47G9416 | P33: 910105502
A34: G/I/25-26/01606 | B34: 12N621030561AC5 | C34: 56110M58UA1 | D34: =VLOOKUP($C34,Sheet1!$A$2:$D$10,2,0) -> 116040-92240 | E34: ACTUATOR ASSY,NO VARIANT ESP | F34: 46034 | G34: 0.5625 | H34: CA-01 | I34: AC5 | J34: 72 | K34: =VLOOKUP($C34,Sheet1!$A$2:$D$10,4,0) -> 6 | L34: =VLOOKUP($C34,Sheet1!$A$2:$E$10,5,0) -> Bin | M34: =J34/K34 -> 12 | O34: HR47G9416 | P34: 12506Q100055
A35: G/I/25-26/01606 | B35: 12N621030600AC5 | C35: 5A120M58U01 | D35: =VLOOKUP($C35,Sheet1!$A$2:$D$10,2,0) -> 114010-50820 | E35: CYLINDER ASSY,BK MASTER W/ECU | F35: 46034 | G35: 0.5625 | H35: CA-01 | I35: AC5 | J35: 11 | K35: =VLOOKUP($C35,Sheet1!$A$2:$D$10,4,0) -> 1 | L35: =VLOOKUP($C35,Sheet1!$A$2:$E$10,5,0) -> Bin | M35: =J35/K35 -> 11 | O35: HR47G9416 | P35: 12505Q100031
A36: G/I/25-26/01606 | B36: 12N621030642AC5 | C36: 5A120M58U50 | D36: =VLOOKUP($C36,Sheet1!$A$2:$D$10,2,0) -> 114010-50830 | E36: CYLINDER ASSY,BK MASTER W/ECU | F36: 46034 | G36: 0.5625 | H36: CA-01 | I36: AC5 | J36: 59 | K36: =VLOOKUP($C36,Sheet1!$A$2:$D$10,4,0) -> 1 | L36: =VLOOKUP($C36,Sheet1!$A$2:$E$10,5,0) -> Bin | M36: =J36/K36 -> 59 | O36: HR47G9416 | P36: 12505Q100114 -52 Qty / 12505Q100125-7 Qty
M37: 152 | N37: 7
A38: G/I/25-26/01607 | B38: 12N621026432AC5 | C38: 55101M58U10 | D38: =VLOOKUP($C38,Sheet1!$A$2:$D$10,2,0) -> 141110-14600 | E38: CALIPER ASSY,FRONT BRAKE,R | F38: 46034 | G38: 0.5625 | H38: CA-07 | I38: AC5 | J38: 18 | K38: =VLOOKUP($C38,Sheet1!$A$2:$D$10,4,0) -> 18 | L38: =VLOOKUP($C38,Sheet1!$A$2:$E$10,5,0) -> Trolley (H) | N38: 1 | O38: HR47E2937 | P38: AN0250011438
A39: G/I/25-26/01607 | B39: 12N621026475AC5 | C39: 55102M58U10 | D39: =VLOOKUP($C39,Sheet1!$A$2:$D$10,2,0) -> 141120-14600 | E39: CALIPER ASSY,FRONT BRAKE,L | F39: 46034 | G39: 0.5625 | H39: CA-07 | I39: AC5 | J39: 18 | K39: =VLOOKUP($C39,Sheet1!$A$2:$D$10,4,0) -> 18 | L39: =VLOOKUP($C39,Sheet1!$A$2:$E$10,5,0) -> Trolley (H) | O39: HR47E2937 | P39: AN0250011438
A40: G/I/25-26/01607 | B40: 12N621026513AC5 | C40: 55311M58U00 | D40: =VLOOKUP($C40,Sheet1!$A$2:$D$10,2,0) -> 141185-74670 | E40: DISC,FRONT BRAKE | F40: 46034 | G40: 0.5625 | H40: CA-07 | I40: AC5 | J40: 80 | K40: =VLOOKUP($C40,Sheet1!$A$2:$D$10,4,0) -> 40 | L40: =VLOOKUP($C40,Sheet1!$A$2:$E$10,5,0) -> Trolley | N40: =J40/K40 -> 2 | O40: HR47E2937 | P40: 910105502-24 Qty / 910105503-56 Qty
A41: G/I/25-26/01607 | B41: 12N621030529AC5 | C41: 55611M58U00 | D41: =VLOOKUP($C41,Sheet1!$A$2:$D$10,2,0) -> 141186-74360 | E41: DISC,REAR BRAKE | F41: 46034 | G41: 0.5625 | H41: CA-21 | I41: AC5 | J41: 80 | K41: =VLOOKUP($C41,Sheet1!$A$2:$D$10,4,0) -> 40 | L41: =VLOOKUP($C41,Sheet1!$A$2:$E$10,5,0) -> Trolley | N41: =J41/K41 -> 2 | O41: HR47E2937 | P41: 910105502
A42: G/I/25-26/01608 | B42: 12N621030570AC5 | C42: 56110M58UA1 | D42: =VLOOKUP($C42,Sheet1!$A$2:$D$10,2,0) -> 116040-92240 | E42: ACTUATOR ASSY,NO VARIANT ESP | F42: 46034 | G42: 0.77083333 | H42: CA-01 | I42: AC5 | J42: 60 | K42: =VLOOKUP($C42,Sheet1!$A$2:$D$10,4,0) -> 6 | L42: =VLOOKUP($C42,Sheet1!$A$2:$E$10,5,0) -> Bin | M42: =J42/K42 -> 10 | O42: HR47E2937 | P42: 12506Q100055
A43: G/I/25-26/01608 | B43: 12N621030618AC5 | C43: 5A120M58U01 | D43: =VLOOKUP($C43,Sheet1!$A$2:$D$10,2,0) -> 114010-50820 | E43: CYLINDER ASSY,BK MASTER W/ECU | F43: 46034 | G43: 0.77083333 | H43: CA-01 | I43: AC5 | J43: 10 | K43: =VLOOKUP($C43,Sheet1!$A$2:$D$10,4,0) -> 1 | L43: =VLOOKUP($C43,Sheet1!$A$2:$E$10,5,0) -> Bin | M43: =J43/K43 -> 10 | O43: HR47E2937 | P43: 12505Q100031-7 Qty /12505Q100043-3 Qty
A44: G/I/25-26/01608 | B44: 12N621030650AC5 | C44: 5A120M58U50 | D44: =VLOOKUP($C44,Sheet1!$A$2:$D$10,2,0) -> 114010-50830 | E44: CYLINDER ASSY,BK MASTER W/ECU | F44: 46034 | G44: 0.77083333 | H44: CA-01 | I44: AC5 | J44: 52 | K44: =VLOOKUP($C44,Sheet1!$A$2:$D$10,4,0) -> 1 | L44: =VLOOKUP($C44,Sheet1!$A$2:$E$10,5,0) -> Bin | M44: =J44/K44 -> 52 | O44: HR47E2937 | P44: 12505Q100125
M45: 1
A46: G/I/25-26/01615 | B46: AR452702415AD2 | C46: 56110M58UA1 | D46: 116040-92910 | F46: 46034 | G46: DI | H46: DA-01 | J46: 27 | K46: =VLOOKUP($C46,Sheet1!$A$2:$D$10,4,0) -> 6 | L46: =VLOOKUP($C46,Sheet1!$A$2:$E$10,5,0) -> Bin | M46: 5 | O46: HR47E8635 | P46: 12510Q100171 | Q46: YMC
A47: G/I/25-26/01609 | B47: 12N621026440AC5 | C47: 55101M58U10 | D47: =VLOOKUP($C47,Sheet1!$A$2:$D$10,2,0) -> 141110-14600 | E47: CALIPER ASSY,FRONT BRAKE,R | F47: 46034 | G47: 0.77083333 | H47: CA-07 | I47: AC5 | J47: 54 | K47: =VLOOKUP($C47,Sheet1!$A$2:$D$10,4,0) -> 18 | L47: =VLOOKUP($C47,Sheet1!$A$2:$E$10,5,0) -> Trolley (H) | N47: 3 | O47: HR47E8635 | P47: AN0250011438
A48: G/I/25-26/01609 | B48: 12N621026483AC5 | C48: 55102M58U10 | D48: =VLOOKUP($C48,Sheet1!$A$2:$D$10,2,0) -> 141120-14600 | E48: CALIPER ASSY,FRONT BRAKE,L | F48: 46034 | G48: 0.77083333 | H48: CA-07 | I48: AC5 | J48: 54 | K48: =VLOOKUP($C48,Sheet1!$A$2:$D$10,4,0) -> 18 | L48: =VLOOKUP($C48,Sheet1!$A$2:$E$10,5,0) -> Trolley (H) | O48: HR47E8635 | P48: AN0250011438
A49: G/I/25-26/01609 | B49: 12N621026521AC5 | C49: 55311M58U00 | D49: =VLOOKUP($C49,Sheet1!$A$2:$D$10,2,0) -> 141185-74670 | E49: DISC,FRONT BRAKE | F49: 46034 | G49: 0.77083333 | H49: CA-07 | I49: AC5 | J49: 120 | K49: =VLOOKUP($C49,Sheet1!$A$2:$D$10,4,0) -> 40 | L49: =VLOOKUP($C49,Sheet1!$A$2:$E$10,5,0) -> Trolley | N49: =J49/K49 -> 3 | O49: HR47E8635 | P49: 910105765
A50: G/I/25-26/01609 | B50: 12N621026564AC5 | C50: 55401M58U00 | D50: =VLOOKUP($C50,Sheet1!$A$2:$D$10,2,0) -> 141140-91211 | E50: CALIPER ASSY,REAR BRAKE,R | F50: 46034 | G50: 0.77083333 | H50: CA-21 | I50: AC5 | J50: 62 | K50: =VLOOKUP($C50,Sheet1!$A$2:$D$10,4,0) -> 2 | L50: =VLOOKUP($C50,Sheet1!$A$2:$E$10,5,0) -> Bin | M50: =J50/K50 -> 31 | O50: HR47E8635 | P50: 12505Q100114
A51: G/I/25-26/01609 | B51: 12N621026602AC5 | C51: 55402M58U00 | D51: =VLOOKUP($C51,Sheet1!$A$2:$D$10,2,0) -> 141150-91211 | E51: CALIPER ASSY,REAR BRAKE,L | F51: 46034 | G51: 0.77083333 | H51: CA-21 | I51: AC5 | J51: 62 | K51: =VLOOKUP($C51,Sheet1!$A$2:$D$10,4,0) -> 2 | L51: =VLOOKUP($C51,Sheet1!$A$2:$E$10,5,0) -> Bin | M51: =J51/K51 -> 31 | O51: HR47E8635 | P51: 12505Q100114
A52: G/I/25-26/01609 | B52: 12N621030537AC5 | C52: 55611M58U00 | D52: =VLOOKUP($C52,Sheet1!$A$2:$D$10,2,0) -> 141186-74360 | E52: DISC,REAR BRAKE | F52: 46034 | G52: 0.77083333 | H52: CA-21 | I52: AC5 | J52: 120 | K52: =VLOOKUP($C52,Sheet1!$A$2:$D$10,4,0) -> 40 | L52: =VLOOKUP($C52,Sheet1!$A$2:$E$10,5,0) -> Trolley | N52: =J52/K52 -> 3 | O52: HR47E8635 | P52: 910105502
M53: 67 | N53: 9
A54: G/I/25-26/01610 | B54: 12N621026459AC5 | C54: 55101M58U10 | D54: =VLOOKUP($C54,Sheet1!$A$2:$D$10,2,0) -> 141110-14600 | E54: CALIPER ASSY,FRONT BRAKE,R | F54: 46034 | G54: 0.97916667 | H54: CA-07 | I54: AC5 | J54: 54 | K54: =VLOOKUP($C54,Sheet1!$A$2:$D$10,4,0) -> 18 | L54: =VLOOKUP($C54,Sheet1!$A$2:$E$10,5,0) -> Trolley (H) | N54: 3 | O54: HR47H5465 | P54: AN0250011438
A55: G/I/25-26/01610 | B55: 12N621026491AC5 | C55: 55102M58U10 | D55: =VLOOKUP($C55,Sheet1!$A$2:$D$10,2,0) -> 141120-14600 | E55: CALIPER ASSY,FRONT BRAKE,L | F55: 46034 | G55: 0.97916667 | H55: CA-07 | I55: AC5 | J55: 54 | K55: =VLOOKUP($C55,Sheet1!$A$2:$D$10,4,0) -> 18 | L55: =VLOOKUP($C55,Sheet1!$A$2:$E$10,5,0) -> Trolley (H) | O55: HR47H5465 | P55: AN0250011438-42 Qty / AN0250011367 -12 Qty
A56: G/I/25-26/01610 | B56: 12N621026530AC5 | C56: 55311M58U00 | D56: =VLOOKUP($C56,Sheet1!$A$2:$D$10,2,0) -> 141185-74670 | E56: DISC,FRONT BRAKE | F56: 46034 | G56: 0.97916667 | H56: CA-07 | I56: AC5 | J56: 80 | K56: =VLOOKUP($C56,Sheet1!$A$2:$D$10,4,0) -> 40 | L56: =VLOOKUP($C56,Sheet1!$A$2:$E$10,5,0) -> Trolley | N56: =J56/K56 -> 2 | O56: HR47H5465 | P56: 910105765
A57: G/I/25-26/01610 | B57: 12N621026572AC5 | C57: 55401M58U00 | D57: =VLOOKUP($C57,Sheet1!$A$2:$D$10,2,0) -> 141140-91211 | E57: CALIPER ASSY,REAR BRAKE,R | F57: 46034 | G57: 0.97916667 | H57: CA-21 | I57: AC5 | J57: 54 | K57: =VLOOKUP($C57,Sheet1!$A$2:$D$10,4,0) -> 2 | L57: =VLOOKUP($C57,Sheet1!$A$2:$E$10,5,0) -> Bin | M57: =J57/K57 -> 27 | O57: HR47H5465 | P57: 12505Q100114
A58: G/I/25-26/01610 | B58: 12N621026610AC5 | C58: 55402M58U00 | D58: =VLOOKUP($C58,Sheet1!$A$2:$D$10,2,0) -> 141150-91211 | E58: CALIPER ASSY,REAR BRAKE,L | F58: 46034 | G58: 0.97916667 | H58: CA-21 | I58: AC5 | J58: 54 | K58: =VLOOKUP($C58,Sheet1!$A$2:$D$10,4,0) -> 2 | L58: =VLOOKUP($C58,Sheet1!$A$2:$E$10,5,0) -> Bin | M58: =J58/K58 -> 27 | O58: HR47H5465 | P58: 12505Q100114
A59: G/I/25-26/01610 | B59: 12N621030545AC5 | C59: 55611M58U00 | D59: =VLOOKUP($C59,Sheet1!$A$2:$D$10,2,0) -> 141186-74360 | E59: DISC,REAR BRAKE | F59: 46034 | G59: 0.97916667 | H59: CA-21 | I59: AC5 | J59: 80 | K59: =VLOOKUP($C59,Sheet1!$A$2:$D$10,4,0) -> 40 | L59: =VLOOKUP($C59,Sheet1!$A$2:$E$10,5,0) -> Trolley | N59: =J59/K59 -> 2 | O59: HR47H5465 | P59: 910105502
A60: G/I/25-26/01611 | B60: 12N621030588AC5 | C60: 56110M58UA1 | D60: =VLOOKUP($C60,Sheet1!$A$2:$D$10,2,0) -> 116040-92240 | E60: ACTUATOR ASSY,NO VARIANT ESP | F60: 46034 | G60: 0.97916667 | H60: CA-01 | I60: AC5 | J60: 54 | K60: =VLOOKUP($C60,Sheet1!$A$2:$D$10,4,0) -> 6 | L60: =VLOOKUP($C60,Sheet1!$A$2:$E$10,5,0) -> Bin | M60: =J60/K60 -> 9 | O60: HR47H5465 | P60: 12506Q100055
A61: G/I/25-26/01611 | B61: 12N621030626AC5 | C61: 5A120M58U01 | D61: =VLOOKUP($C61,Sheet1!$A$2:$D$10,2,0) -> 114010-50820 | E61: CYLINDER ASSY,BK MASTER W/ECU | F61: 46034 | G61: 0.97916667 | H61: CA-01 | I61: AC5 | J61: 7 | K61: =VLOOKUP($C61,Sheet1!$A$2:$D$10,4,0) -> 1 | L61: =VLOOKUP($C61,Sheet1!$A$2:$E$10,5,0) -> Bin | M61: =J61/K61 -> 7 | O61: HR47H5465 | P61: 12505Q100043
A62: G/I/25-26/01611 | B62: 12N621030669AC5 | C62: 5A120M58U50 | D62: =VLOOKUP($C62,Sheet1!$A$2:$D$10,2,0) -> 114010-50830 | E62: CYLINDER ASSY,BK MASTER W/ECU | F62: 46034 | G62: 0.97916667 | H62: CA-01 | I62: AC5 | J62: 46 | K62: =VLOOKUP($C62,Sheet1!$A$2:$D$10,4,0) -> 1 | L62: =VLOOKUP($C62,Sheet1!$A$2:$E$10,5,0) -> Bin | M62: =J62/K62 -> 46 | O62: HR47H5465 | P62: 12505Q100125
M63: 116 | N63: 7
B64: Download : X539_eNagare_2026111.txt

Sheet 13-01-2026
J1: 24AACCN5739J1ZA
A2: Supply Month | B2: 46035 | L2: Vehicle No
A3: INVOICE NO | B3: KANBAN NO | C3: PART NUMBER | D3: Material Code | E3: PART NAME | F3: SUPPLY DATE | G3: SUPPLY TIME | H3: UNLOADING LOC | I3: Line | J3: Qty Req | K3: Packing Standerd | L3: Packed in | M3: TTL Bin | N3: TORLLY | O3: Vehicle No | P3: INV NO
A4: G/I/25-26/01616 | B4: 13N621826897AC5 | C4: 55101M58U10 | D4: =VLOOKUP($C4,Sheet1!$A$2:$D$10,2,0) -> 141110-14600 | E4: CALIPER ASSY,FRONT BRAKE,R | F4: 46035 | G4: 0.35416667 | H4: CA-07 | I4: AC5 | J4: 54 | K4: =VLOOKUP($C4,Sheet1!$A$2:$D$10,4,0) -> 18 | L4: =VLOOKUP($C4,Sheet1!$A$2:$E$10,5,0) -> Trolley (H) | N4: 3 | O4: HR47G9416 | P4: AN0250011438
A5: G/I/25-26/01616 | B5: 13N621826935AC5 | C5: 55102M58U10 | D5: =VLOOKUP($C5,Sheet1!$A$2:$D$10,2,0) -> 141120-14600 | E5: CALIPER ASSY,FRONT BRAKE,L | F5: 46035 | G5: 0.35416667 | H5: CA-07 | I5: AC5 | J5: 54 | K5: =VLOOKUP($C5,Sheet1!$A$2:$D$10,4,0) -> 18 | L5: =VLOOKUP($C5,Sheet1!$A$2:$E$10,5,0) -> Trolley (H) | O5: HR47G9416 | P5: AN0250011438-36 Qty / AN0250011367 -18 Qty
A6: G/I/25-26/01616 | B6: 13N621826978AC5 | C6: 55311M58U00 | D6: =VLOOKUP($C6,Sheet1!$A$2:$D$10,2,0) -> 141185-74670 | E6: DISC,FRONT BRAKE | F6: 46035 | G6: 0.35416667 | H6: CA-07 | I6: AC5 | J6: 80 | K6: =VLOOKUP($C6,Sheet1!$A$2:$D$10,4,0) -> 40 | L6: =VLOOKUP($C6,Sheet1!$A$2:$E$10,5,0) -> Trolley | N6: =J6/K6 -> 2 | O6: HR47G9416 | P6: 910105765
A7: G/I/25-26/01616 | B7: 13N621879117AC5 | C7: 55311M58U00 | D7: =VLOOKUP($C7,Sheet1!$A$2:$D$10,2,0) -> 141185-74670 | E7: DISC,FRONT BRAKE | F7: 46035 | G7: 0.35416667 | H7: CA-07 | I7: AC5 | J7: 40 | K7: =VLOOKUP($C7,Sheet1!$A$2:$D$10,4,0) -> 40 | L7: =VLOOKUP($C7,Sheet1!$A$2:$E$10,5,0) -> Trolley | N7: =J7/K7 -> 1 | O7: HR47G9416 | P7: 910105765
A8: G/I/25-26/01616 | B8: 13N621827010AC5 | C8: 55401M58U00 | D8: =VLOOKUP($C8,Sheet1!$A$2:$D$10,2,0) -> 141140-91211 | E8: CALIPER ASSY,REAR BRAKE,R | F8: 46035 | G8: 0.35416667 | H8: CA-21 | I8: AC5 | J8: 48 | K8: =VLOOKUP($C8,Sheet1!$A$2:$D$10,4,0) -> 2 | L8: =VLOOKUP($C8,Sheet1!$A$2:$E$10,5,0) -> Bin | M8: =J8/K8 -> 24 | O8: HR47G9416 | P8: 12505Q100114
A9: G/I/25-26/01616 | B9: 13N621827052AC5 | C9: 55402M58U00 | D9: =VLOOKUP($C9,Sheet1!$A$2:$D$10,2,0) -> 141150-91211 | E9: CALIPER ASSY,REAR BRAKE,L | F9: 46035 | G9: 0.35416667 | H9: CA-21 | I9: AC5 | J9: 48 | K9: =VLOOKUP($C9,Sheet1!$A$2:$D$10,4,0) -> 2 | L9: =VLOOKUP($C9,Sheet1!$A$2:$E$10,5,0) -> Bin | M9: =J9/K9 -> 24 | O9: HR47G9416 | P9: 12505Q100114
A10: G/I/25-26/01616 | B10: 13N621830258AC5 | C10: 55611M58U00 | D10: =VLOOKUP($C10,Sheet1!$A$2:$D$10,2,0) -> 141186-74360 | E10: DISC,REAR BRAKE | F10: 46035 | G10: 0.35416667 | H10: CA-21 | I10: AC5 | J10: 80 | K10: =VLOOKUP($C10,Sheet1!$A$2:$D$10,4,0) -> 40 | L10: =VLOOKUP($C10,Sheet1!$A$2:$E$10,5,0) -> Trolley | N10: =J10/K10 -> 2 | O10: HR47G9416 | P10: 910105502
A11: G/I/25-26/01616 | B11: 13N621878404AC5 | C11: 55611M58U00 | D11: =VLOOKUP($C11,Sheet1!$A$2:$D$10,2,0) -> 141186-74360 | E11: DISC,REAR BRAKE | F11: 46035 | G11: 0.35416667 | H11: CA-21 | I11: AC5 | J11: 40 | K11: =VLOOKUP($C11,Sheet1!$A$2:$D$10,4,0) -> 40 | L11: =VLOOKUP($C11,Sheet1!$A$2:$E$10,5,0) -> Trolley | N11: =J11/K11 -> 1 | O11: HR47G9416 | P11: 910105502
A12: G/I/25-26/01617 | B12: 13N621830290AC5 | C12: 56110M58UA1 | D12: =VLOOKUP($C12,Sheet1!$A$2:$D$10,2,0) -> 116040-92240 | E12: ACTUATOR ASSY,NO VARIANT ESP | F12: 46035 | G12: 0.35416667 | H12: CA-01 | I12: AC5 | J12: 96 | K12: =VLOOKUP($C12,Sheet1!$A$2:$D$10,4,0) -> 6 | L12: =VLOOKUP($C12,Sheet1!$A$2:$E$10,5,0) -> Bin | M12: =J12/K12 -> 16 | O12: HR47G9416 | P12: 12506Q100055-15 Qty / 12505Q100174-81 Qty.
A13: G/I/25-26/01617 | B13: 13N621830363AC5 | C13: 5A120M58U01 | D13: =VLOOKUP($C13,Sheet1!$A$2:$D$10,2,0) -> 114010-50820 | E13: CYLINDER ASSY,BK MASTER W/ECU | F13: 46035 | G13: 0.35416667 | H13: CA-01 | I13: AC5 | J13: 18 | K13: =VLOOKUP($C13,Sheet1!$A$2:$D$10,4,0) -> 1 | L13: =VLOOKUP($C13,Sheet1!$A$2:$E$10,5,0) -> Bin | M13: =J13/K13 -> 18 | O13: HR47G9416 | P13: 12505Q100043
A14: G/I/25-26/01617 | B14: 13N621830371AC5 | C14: 5A120M58U50 | D14: =VLOOKUP($C14,Sheet1!$A$2:$D$10,2,0) -> 114010-50830 | E14: CYLINDER ASSY,BK MASTER W/ECU | F14: 46035 | G14: 0.35416667 | H14: CA-01 | I14: AC5 | J14: 22 | K14: =VLOOKUP($C14,Sheet1!$A$2:$D$10,4,0) -> 1 | L14: =VLOOKUP($C14,Sheet1!$A$2:$E$10,5,0) -> Bin | M14: =J14/K14 -> 22 | O14: HR47G9416 | P14: 12505Q100125
M15: 104 | N15: 9
A16: G/I/25-26/01618 | B16: 13N621826897AC5 | C16: 55101M58U10 | D16: =VLOOKUP($C16,Sheet1!$A$2:$D$10,2,0) -> 141110-14600 | E16: CALIPER ASSY,FRONT BRAKE,R | F16: 46035 | G16: 0.35416667 | H16: CA-07 | I16: AC5 | J16: 54 | K16: =VLOOKUP($C16,Sheet1!$A$2:$D$10,4,0) -> 18 | L16: =VLOOKUP($C16,Sheet1!$A$2:$E$10,5,0) -> Trolley (H) | N16: 3 | O16: HR47E2937 | P16: AN0250011438-47 Qty /AN0250011439-7 Qty.
A17: G/I/25-26/01618 | B17: 13N621826935AC5 | C17: 55102M58U10 | D17: =VLOOKUP($C17,Sheet1!$A$2:$D$10,2,0) -> 141120-14600 | E17: CALIPER ASSY,FRONT BRAKE,L | F17: 46035 | G17: 0.35416667 | H17: CA-07 | I17: AC5 | J17: 54 | K17: =VLOOKUP($C17,Sheet1!$A$2:$D$10,4,0) -> 18 | L17: =VLOOKUP($C17,Sheet1!$A$2:$E$10,5,0) -> Trolley (H) | O17: HR47E2937 | P17: AN0250011367-43 Qty /AN0250011439-11 Qty.
A18: G/I/25-26/01618 | B18: 13N621826978AC5 | C18: 55311M58U00 | D18: =VLOOKUP($C18,Sheet1!$A$2:$D$10,2,0) -> 141185-74670 | E18: DISC,FRONT BRAKE | F18: 46035 | G18: 0.35416667 | H18: CA-07 | I18: AC5 | J18: 80 | K18: =VLOOKUP($C18,Sheet1!$A$2:$D$10,4,0) -> 40 | L18: =VLOOKUP($C18,Sheet1!$A$2:$E$10,5,0) -> Trolley | N18: =J18/K18 -> 2 | O18: HR47E2937 | P18: 910105765
A19: G/I/25-26/01618 | B19: 13N621827010AC5 | C19: 55401M58U00 | D19: =VLOOKUP($C19,Sheet1!$A$2:$D$10,2,0) -> 141140-91211 | E19: CALIPER ASSY,REAR BRAKE,R | F19: 46035 | G19: 0.35416667 | H19: CA-21 | I19: AC5 | J19: 50 | K19: =VLOOKUP($C19,Sheet1!$A$2:$D$10,4,0) -> 2 | L19: =VLOOKUP($C19,Sheet1!$A$2:$E$10,5,0) -> Bin | M19: =J19/K19 -> 25 | O19: HR47E2937 | P19: 12505Q100114
A20: G/I/25-26/01618 | B20: 13N621881006AC5 | C20: 55401M58U00 | D20: =VLOOKUP($C20,Sheet1!$A$2:$D$10,2,0) -> 141140-91211 | E20: CALIPER ASSY,REAR BRAKE,R | F20: 46035 | G20: 0.35416667 | H20: CA-21 | I20: AC5 | J20: 6 | K20: =VLOOKUP($C20,Sheet1!$A$2:$D$10,4,0) -> 2 | L20: =VLOOKUP($C20,Sheet1!$A$2:$E$10,5,0) -> Bin | M20: =J20/K20 -> 3 | O20: HR47E2937 | P20: 12505Q100114
A21: G/I/25-26/01618 | B21: 13N621882720AC5 | C21: 55402M58U00 | D21: =VLOOKUP($C21,Sheet1!$A$2:$D$10,2,0) -> 141150-91211 | E21: CALIPER ASSY,REAR BRAKE,L | F21: 46035 | G21: 0.35416667 | H21: CA-21 | I21: AC5 | J21: 6 | K21: =VLOOKUP($C21,Sheet1!$A$2:$D$10,4,0) -> 2 | L21: =VLOOKUP($C21,Sheet1!$A$2:$E$10,5,0) -> Bin | M21: =J21/K21 -> 3 | O21: HR47E2937 | P21: 12505Q100114
A22: G/I/25-26/01618 | B22: 13N621827052AC5 | C22: 55402M58U00 | D22: =VLOOKUP($C22,Sheet1!$A$2:$D$10,2,0) -> 141150-91211 | E22: CALIPER ASSY,REAR BRAKE,L | F22: 46035 | G22: 0.35416667 | H22: CA-21 | I22: AC5 | J22: 50 | K22: =VLOOKUP($C22,Sheet1!$A$2:$D$10,4,0) -> 2 | L22: =VLOOKUP($C22,Sheet1!$A$2:$E$10,5,0) -> Bin | M22: =J22/K22 -> 25 | O22: HR47E2937 | P22: 12505Q100114
A23: G/I/25-26/01618 | B23: 13N621830258AC5 | C23: 55611M58U00 | D23: =VLOOKUP($C23,Sheet1!$A$2:$D$10,2,0) -> 141186-74360 | E23: DISC,REAR BRAKE | F23: 46035 | G23: 0.35416667 | H23: CA-21 | I23: AC5 | J23: 120 | K23: =VLOOKUP($C23,Sheet1!$A$2:$D$10,4,0) -> 40 | L23: =VLOOKUP($C23,Sheet1!$A$2:$E$10,5,0) -> Trolley | N23: =J23/K23 -> 3 | O23: HR47E2937 | P23: 910105502-8 Qty / 910105765-40 Qty / 910105503-48 Qty
A24: G/I/25-26/01619 | B24: 13N621879842AC5 | C24: 56110M58UA1 | D24: =VLOOKUP($C24,Sheet1!$A$2:$D$10,2,0) -> 116040-92240 | E24: ACTUATOR ASSY,NO VARIANT ESP | F24: 46035 | G24: 0.35416667 | H24: CA-01 | I24: AC5 | J24: 6 | K24: =VLOOKUP($C24,Sheet1!$A$2:$D$10,4,0) -> 6 | L24: =VLOOKUP($C24,Sheet1!$A$2:$E$10,5,0) -> Bin | M24: =J24/K24 -> 1 | O24: HR47E2937 | P24: 12505Q100174
A25: G/I/25-26/01619 | B25: 13N621880301AC5 | C25: 5A120M58U01 | D25: =VLOOKUP($C25,Sheet1!$A$2:$D$10,2,0) -> 114010-50820 | E25: CYLINDER ASSY,BK MASTER W/ECU | F25: 46035 | G25: 0.35416667 | H25: CA-01 | I25: AC5 | J25: 3 | K25: =VLOOKUP($C25,Sheet1!$A$2:$D$10,4,0) -> 1 | L25: =VLOOKUP($C25,Sheet1!$A$2:$E$10,5,0) -> Bin | M25: =J25/K25 -> 3 | O25: HR47E2937 | P25: 12505Q100043
A26: G/I/25-26/01619 | B26: 13N621830363AC5 | C26: 5A120M58U01 | D26: =VLOOKUP($C26,Sheet1!$A$2:$D$10,2,0) -> 114010-50820 | E26: CYLINDER ASSY,BK MASTER W/ECU | F26: 46035 | G26: 0.35416667 | H26: CA-01 | I26: AC5 | J26: 5 | K26: =VLOOKUP($C26,Sheet1!$A$2:$D$10,4,0) -> 1 | L26: =VLOOKUP($C26,Sheet1!$A$2:$E$10,5,0) -> Bin | M26: =J26/K26 -> 5 | O26: HR47E2937 | P26: 12505Q100043
A27: G/I/25-26/01619 | B27: 13N621830371AC5 | C27: 5A120M58U50 | D27: =VLOOKUP($C27,Sheet1!$A$2:$D$10,2,0) -> 114010-50830 | E27: CYLINDER ASSY,BK MASTER W/ECU | F27: 46035 | G27: 0.35416667 | H27: CA-01 | I27: AC5 | J27: 55 | K27: =VLOOKUP($C27,Sheet1!$A$2:$D$10,4,0) -> 1 | L27: =VLOOKUP($C27,Sheet1!$A$2:$E$10,5,0) -> Bin | M27: =J27/K27 -> 55 | O27: HR47E2937 | P27: 12505Q100125
A28: G/I/25-26/01619 | B28: 13N621877068AC5 | C28: 5A120M58U50 | D28: =VLOOKUP($C28,Sheet1!$A$2:$D$10,2,0) -> 114010-50830 | E28: CYLINDER ASSY,BK MASTER W/ECU | F28: 46035 | G28: 0.35416667 | H28: CA-01 | I28: AC5 | J28: 4 | K28: =VLOOKUP($C28,Sheet1!$A$2:$D$10,4,0) -> 1 | L28: =VLOOKUP($C28,Sheet1!$A$2:$E$10,5,0) -> Bin | M28: =J28/K28 -> 4 | O28: HR47E2937 | P28: 12505Q100125
M29: 124 | N29: 8
A30: G/I/25-26/01620 | B30: 13N621826900AC5 | C30: 55101M58U10 | D30: =VLOOKUP($C30,Sheet1!$A$2:$D$10,2,0) -> 141110-14600 | E30: CALIPER ASSY,FRONT BRAKE,R | F30: 46035 | G30: 0.5625 | H30: CA-07 | I30: AC5 | J30: 54 | K30: =VLOOKUP($C30,Sheet1!$A$2:$D$10,4,0) -> 18 | L30: =VLOOKUP($C30,Sheet1!$A$2:$E$10,5,0) -> Trolley (H) | N30: 3 | O30: HR47E8635 | P30: AN0250011439
A31: G/I/25-26/01620 | B31: 13N621826943AC5 | C31: 55102M58U10 | D31: =VLOOKUP($C31,Sheet1!$A$2:$D$10,2,0) -> 141120-14600 | E31: CALIPER ASSY,FRONT BRAKE,L | F31: 46035 | G31: 0.5625 | H31: CA-07 | I31: AC5 | J31: 54 | K31: =VLOOKUP($C31,Sheet1!$A$2:$D$10,4,0) -> 18 | L31: =VLOOKUP($C31,Sheet1!$A$2:$E$10,5,0) -> Trolley (H) | O31: HR47E8635 | P31: AN0250011439
A32: G/I/25-26/01620 | B32: 13N621826986AC5 | C32: 55311M58U00 | D32: =VLOOKUP($C32,Sheet1!$A$2:$D$10,2,0) -> 141185-74670 | E32: DISC,FRONT BRAKE | F32: 46035 | G32: 0.5625 | H32: CA-07 | I32: AC5 | J32: 80 | K32: =VLOOKUP($C32,Sheet1!$A$2:$D$10,4,0) -> 40 | L32: =VLOOKUP($C32,Sheet1!$A$2:$E$10,5,0) -> Trolley | N32: =J32/K32 -> 2 | O32: HR47E8635 | P32: 910105765
A33: G/I/25-26/01620 | B33: 13N621827028AC5 | C33: 55401M58U00 | D33: =VLOOKUP($C33,Sheet1!$A$2:$D$10,2,0) -> 141140-91211 | E33: CALIPER ASSY,REAR BRAKE,R | F33: 46035 | G33: 0.5625 | H33: CA-21 | I33: AC5 | J33: 68 | K33: =VLOOKUP($C33,Sheet1!$A$2:$D$10,4,0) -> 2 | L33: =VLOOKUP($C33,Sheet1!$A$2:$E$10,5,0) -> Bin | M33: =J33/K33 -> 34 | O33: HR47E8635 | P33: 12505Q100114
A34: G/I/25-26/01620 | B34: 13N621830223AC5 | C34: 55402M58U00 | D34: =VLOOKUP($C34,Sheet1!$A$2:$D$10,2,0) -> 141150-91211 | E34: CALIPER ASSY,REAR BRAKE,L | F34: 46035 | G34: 0.5625 | H34: CA-21 | I34: AC5 | J34: 68 | K34: =VLOOKUP($C34,Sheet1!$A$2:$D$10,4,0) -> 2 | L34: =VLOOKUP($C34,Sheet1!$A$2:$E$10,5,0) -> Bin | M34: =J34/K34 -> 34 | O34: HR47E8635 | P34: 12505Q100114 -56 Qty / 12507Q100188-12 Qty.
A35: G/I/25-26/01620 | B35: 13N621830266AC5 | C35: 55611M58U00 | D35: =VLOOKUP($C35,Sheet1!$A$2:$D$10,2,0) -> 141186-74360 | E35: DISC,REAR BRAKE | F35: 46035 | G35: 0.5625 | H35: CA-21 | I35: AC5 | J35: 80 | K35: =VLOOKUP($C35,Sheet1!$A$2:$D$10,4,0) -> 40 | L35: =VLOOKUP($C35,Sheet1!$A$2:$E$10,5,0) -> Trolley | N35: =J35/K35 -> 2 | O35: HR47E8635 | P35: 910105765
A36: G/I/25-26/01628 | B36: 13N621830304AC5 | C36: 56110M58UA1 | D36: =VLOOKUP($C36,Sheet1!$A$2:$D$10,2,0) -> 116040-92240 | E36: ACTUATOR ASSY,NO VARIANT ESP | F36: 46035 | G36: 0.5625 | H36: CA-01 | I36: AC5 | J36: 66 | K36: =VLOOKUP($C36,Sheet1!$A$2:$D$10,4,0) -> 6 | L36: =VLOOKUP($C36,Sheet1!$A$2:$E$10,5,0) -> Bin | M36: =J36/K36 -> 11 | O36: HR47E8635 | P36: 12505Q100174
A37: G/I/25-26/01628 | B37: 13N621830339AC5 | C37: 5A120M58U01 | D37: =VLOOKUP($C37,Sheet1!$A$2:$D$10,2,0) -> 114010-50820 | E37: CYLINDER ASSY,BK MASTER W/ECU | F37: 46035 | G37: 0.5625 | H37: CA-01 | I37: AC5 | J37: 21 | K37: =VLOOKUP($C37,Sheet1!$A$2:$D$10,4,0) -> 1 | L37: =VLOOKUP($C37,Sheet1!$A$2:$E$10,5,0) -> Bin | M37: =J37/K37 -> 21 | O37: HR47E8635 | P37: 12505Q100043
A38: G/I/25-26/01628 | B38: 13N621830380AC5 | C38: 5A120M58U50 | D38: =VLOOKUP($C38,Sheet1!$A$2:$D$10,2,0) -> 114010-50830 | E38: CYLINDER ASSY,BK MASTER W/ECU | F38: 46035 | G38: 0.5625 | H38: CA-01 | I38: AC5 | J38: 57 | K38: =VLOOKUP($C38,Sheet1!$A$2:$D$10,4,0) -> 1 | L38: =VLOOKUP($C38,Sheet1!$A$2:$E$10,5,0) -> Bin | M38: =J38/K38 -> 57 | O38: HR47E8635 | P38: 12505Q100125-11 Qty / 12505Q100152-46 Qty.
M39: 157 | N39: 7
A40: G/I/25-26/01622 | B40: 13N621826986AC5 | C40: 55311M58U00 | D40: =VLOOKUP($C40,Sheet1!$A$2:$D$10,2,0) -> 141185-74670 | E40: DISC,FRONT BRAKE | F40: 46035 | G40: 0.5625 | H40: CA-07 | I40: AC5 | J40: 80 | K40: =VLOOKUP($C40,Sheet1!$A$2:$D$10,4,0) -> 40 | L40: =VLOOKUP($C40,Sheet1!$A$2:$E$10,5,0) -> Trolley | N40: =J40/K40 -> 2 | O40: HR47H5465 | P40: 910105765
A41: G/I/25-26/01622 | B41: 13N621830266AC5 | C41: 55611M58U00 | D41: =VLOOKUP($C41,Sheet1!$A$2:$D$10,2,0) -> 141186-74360 | E41: DISC,REAR BRAKE | F41: 46035 | G41: 0.5625 | H41: CA-21 | I41: AC5 | J41: 80 | K41: =VLOOKUP($C41,Sheet1!$A$2:$D$10,4,0) -> 40 | L41: =VLOOKUP($C41,Sheet1!$A$2:$E$10,5,0) -> Trolley | N41: =J41/K41 -> 2 | O41: HR47H5465 | P41: 910105765
A42: G/I/25-26/01623 | B42: 13N621826919AC5 | C42: 55101M58U10 | D42: =VLOOKUP($C42,Sheet1!$A$2:$D$10,2,0) -> 141110-14600 | E42: CALIPER ASSY,FRONT BRAKE,R | F42: 46035 | G42: 0.77083333 | H42: CA-07 | I42: AC5 | J42: 18 | K42: =VLOOKUP($C42,Sheet1!$A$2:$D$10,4,0) -> 18 | L42: =VLOOKUP($C42,Sheet1!$A$2:$E$10,5,0) -> Trolley (H) | N42: 1 | O42: HR47H5465 | P42: AN0250011439
A43: G/I/25-26/01623 | B43: 13N621826951AC5 | C43: 55102M58U10 | D43: =VLOOKUP($C43,Sheet1!$A$2:$D$10,2,0) -> 141120-14600 | E43: CALIPER ASSY,FRONT BRAKE,L | F43: 46035 | G43: 0.77083333 | H43: CA-07 | I43: AC5 | J43: 18 | K43: =VLOOKUP($C43,Sheet1!$A$2:$D$10,4,0) -> 18 | L43: =VLOOKUP($C43,Sheet1!$A$2:$E$10,5,0) -> Trolley (H) | O43: HR47H5465 | P43: AN0250011439
A44: G/I/25-26/01624 | B44: 13N621830312AC5 | C44: 56110M58UA1 | D44: =VLOOKUP($C44,Sheet1!$A$2:$D$10,2,0) -> 116040-92240 | E44: ACTUATOR ASSY,NO VARIANT ESP | F44: 46035 | G44: 0.77083333 | H44: CA-01 | I44: AC5 | J44: 60 | K44: =VLOOKUP($C44,Sheet1!$A$2:$D$10,4,0) -> 6 | L44: =VLOOKUP($C44,Sheet1!$A$2:$E$10,5,0) -> Bin | M44: =J44/K44 -> 10 | O44: HR47H5465 | P44: 12505Q100174
A45: G/I/25-26/01624 | B45: 13N621830355AC5 | C45: 5A120M58U01 | D45: =VLOOKUP($C45,Sheet1!$A$2:$D$10,2,0) -> 114010-50820 | E45: CYLINDER ASSY,BK MASTER W/ECU | F45: 46035 | G45: 0.77083333 | H45: CA-01 | I45: AC5 | J45: 15 | K45: =VLOOKUP($C45,Sheet1!$A$2:$D$10,4,0) -> 1 | L45: =VLOOKUP($C45,Sheet1!$A$2:$E$10,5,0) -> Bin | M45: =J45/K45 -> 15 | O45: HR47H5465 | P45: 12505Q100043
A46: G/I/25-26/01624 | B46: 13N621830398AC5 | C46: 5A120M58U50 | D46: =VLOOKUP($C46,Sheet1!$A$2:$D$10,2,0) -> 114010-50830 | E46: CYLINDER ASSY,BK MASTER W/ECU | F46: 46035 | G46: 0.77083333 | H46: CA-01 | I46: AC5 | J46: 42 | K46: =VLOOKUP($C46,Sheet1!$A$2:$D$10,4,0) -> 1 | L46: =VLOOKUP($C46,Sheet1!$A$2:$E$10,5,0) -> Bin | M46: =J46/K46 -> 42 | O46: HR47H5465 | P46: 12505Q100152
M47: 67 | N47: 5
A48: G/I/25-26/01625 | B48: 13N621826919AC5 | C48: 55101M58U10 | D48: =VLOOKUP($C48,Sheet1!$A$2:$D$10,2,0) -> 141110-14600 | E48: CALIPER ASSY,FRONT BRAKE,R | F48: 46035 | G48: 0.77083333 | H48: CA-07 | I48: AC5 | J48: 54 | K48: =VLOOKUP($C48,Sheet1!$A$2:$D$10,4,0) -> 18 | L48: =VLOOKUP($C48,Sheet1!$A$2:$E$10,5,0) -> Trolley (H) | N48: 3 | O48: HR47G9416 | P48: AN0250011439
A49: G/I/25-26/01625 | B49: 13N621826951AC5 | C49: 55102M58U10 | D49: =VLOOKUP($C49,Sheet1!$A$2:$D$10,2,0) -> 141120-14600 | E49: CALIPER ASSY,FRONT BRAKE,L | F49: 46035 | G49: 0.77083333 | H49: CA-07 | I49: AC5 | J49: 54 | K49: =VLOOKUP($C49,Sheet1!$A$2:$D$10,4,0) -> 18 | L49: =VLOOKUP($C49,Sheet1!$A$2:$E$10,5,0) -> Trolley (H) | O49: HR47G9416 | P49: AN0250011439
A50: G/I/25-26/01625 | B50: 13N621826994AC5 | C50: 55311M58U00 | D50: =VLOOKUP($C50,Sheet1!$A$2:$D$10,2,0) -> 141185-74670 | E50: DISC,FRONT BRAKE | F50: 46035 | G50: 0.77083333 | H50: CA-07 | I50: AC5 | J50: 120 | K50: =VLOOKUP($C50,Sheet1!$A$2:$D$10,4,0) -> 40 | L50: =VLOOKUP($C50,Sheet1!$A$2:$E$10,5,0) -> Trolley | N50: =J50/K50 -> 3 | O50: HR47G9416 | P50: 910105765
A51: G/I/25-26/01625 | B51: 13N621827036AC5 | C51: 55401M58U00 | D51: =VLOOKUP($C51,Sheet1!$A$2:$D$10,2,0) -> 141140-91211 | E51: CALIPER ASSY,REAR BRAKE,R | F51: 46035 | G51: 0.77083333 | H51: CA-21 | I51: AC5 | J51: 58 | K51: =VLOOKUP($C51,Sheet1!$A$2:$D$10,4,0) -> 2 | L51: =VLOOKUP($C51,Sheet1!$A$2:$E$10,5,0) -> Bin | M51: =J51/K51 -> 29 | O51: HR47G9416 | P51: 12505Q100114
A52: G/I/25-26/01625 | B52: 13N621830231AC5 | C52: 55402M58U00 | D52: =VLOOKUP($C52,Sheet1!$A$2:$D$10,2,0) -> 141150-91211 | E52: CALIPER ASSY,REAR BRAKE,L | F52: 46035 | G52: 0.77083333 | H52: CA-21 | I52: AC5 | J52: 58 | K52: =VLOOKUP($C52,Sheet1!$A$2:$D$10,4,0) -> 2 | L52: =VLOOKUP($C52,Sheet1!$A$2:$E$10,5,0) -> Bin | M52: =J52/K52 -> 29 | O52: HR47G9416 | P52: 12507Q100188
A53: G/I/25-26/01625 | B53: 13N621830274AC5 | C53: 55611M58U00 | D53: =VLOOKUP($C53,Sheet1!$A$2:$D$10,2,0) -> 141186-74360 | E53: DISC,REAR BRAKE | F53: 46035 | G53: 0.77083333 | H53: CA-21 | I53: AC5 | J53: 120 | K53: =VLOOKUP($C53,Sheet1!$A$2:$D$10,4,0) -> 40 | L53: =VLOOKUP($C53,Sheet1!$A$2:$E$10,5,0) -> Trolley | N53: =J53/K53 -> 3 | O53: HR47G9416 | P53: 910105765
M54: 58 | N54: 9
A55: G/I/25-26/01626 | B55: 13N621826927AC5 | C55: 55101M58U10 | D55: =VLOOKUP($C55,Sheet1!$A$2:$D$10,2,0) -> 141110-14600 | E55: CALIPER ASSY,FRONT BRAKE,R | F55: 46035 | G55: 0.97916667 | H55: CA-07 | I55: AC5 | J55: 54 | K55: =VLOOKUP($C55,Sheet1!$A$2:$D$10,4,0) -> 18 | L55: =VLOOKUP($C55,Sheet1!$A$2:$E$10,5,0) -> Trolley (H) | N55: 3 | O55: HR47E2937 | P55: AN0250011439
A56: G/I/25-26/01626 | B56: 13N621826960AC5 | C56: 55102M58U10 | D56: =VLOOKUP($C56,Sheet1!$A$2:$D$10,2,0) -> 141120-14600 | E56: CALIPER ASSY,FRONT BRAKE,L | F56: 46035 | G56: 0.97916667 | H56: CA-07 | I56: AC5 | J56: 54 | K56: =VLOOKUP($C56,Sheet1!$A$2:$D$10,4,0) -> 18 | L56: =VLOOKUP($C56,Sheet1!$A$2:$E$10,5,0) -> Trolley (H) | O56: HR47E2937 | P56: AN0250011439
A57: G/I/25-26/01626 | B57: 13N621827001AC5 | C57: 55311M58U00 | D57: =VLOOKUP($C57,Sheet1!$A$2:$D$10,2,0) -> 141185-74670 | E57: DISC,FRONT BRAKE | F57: 46035 | G57: 0.97916667 | H57: CA-07 | I57: AC5 | J57: 80 | K57: =VLOOKUP($C57,Sheet1!$A$2:$D$10,4,0) -> 40 | L57: =VLOOKUP($C57,Sheet1!$A$2:$E$10,5,0) -> Trolley | N57: =J57/K57 -> 2 | O57: HR47E2937 | P57: 910105765
A58: G/I/25-26/01626 | B58: 13N621827044AC5 | C58: 55401M58U00 | D58: =VLOOKUP($C58,Sheet1!$A$2:$D$10,2,0) -> 141140-91211 | E58: CALIPER ASSY,REAR BRAKE,R | F58: 46035 | G58: 0.97916667 | H58: CA-21 | I58: AC5 | J58: 56 | K58: =VLOOKUP($C58,Sheet1!$A$2:$D$10,4,0) -> 2 | L58: =VLOOKUP($C58,Sheet1!$A$2:$E$10,5,0) -> Bin | M58: =J58/K58 -> 28 | O58: HR47E2937 | P58: 12505Q100022
A59: G/I/25-26/01626 | B59: 13N621830240AC5 | C59: 55402M58U00 | D59: =VLOOKUP($C59,Sheet1!$A$2:$D$10,2,0) -> 141150-91211 | E59: CALIPER ASSY,REAR BRAKE,L | F59: 46035 | G59: 0.97916667 | H59: CA-21 | I59: AC5 | J59: 56 | K59: =VLOOKUP($C59,Sheet1!$A$2:$D$10,4,0) -> 2 | L59: =VLOOKUP($C59,Sheet1!$A$2:$E$10,5,0) -> Bin | M59: =J59/K59 -> 28 | O59: HR47E2937 | P59: 12507Q100188
A60: G/I/25-26/01626 | B60: 13N621830282AC5 | C60: 55611M58U00 | D60: =VLOOKUP($C60,Sheet1!$A$2:$D$10,2,0) -> 141186-74360 | E60: DISC,REAR BRAKE | F60: 46035 | G60: 0.97916667 | H60: CA-21 | I60: AC5 | J60: 80 | K60: =VLOOKUP($C60,Sheet1!$A$2:$D$10,4,0) -> 40 | L60: =VLOOKUP($C60,Sheet1!$A$2:$E$10,5,0) -> Trolley | N60: =J60/K60 -> 2 | O60: HR47E2937 | P60: 910105765
A61: G/I/25-26/01627 | B61: 13N621830320AC5 | C61: 56110M58UA1 | D61: =VLOOKUP($C61,Sheet1!$A$2:$D$10,2,0) -> 116040-92240 | E61: ACTUATOR ASSY,NO VARIANT ESP | F61: 46035 | G61: 0.97916667 | H61: CA-01 | I61: AC5 | J61: 54 | K61: =VLOOKUP($C61,Sheet1!$A$2:$D$10,4,0) -> 6 | L61: =VLOOKUP($C61,Sheet1!$A$2:$E$10,5,0) -> Bin | M61: =J61/K61 -> 9 | O61: HR47E2937 | P61: 12505Q100174
A62: G/I/25-26/01627 | B62: 13N621830347AC5 | C62: 5A120M58U01 | D62: =VLOOKUP($C62,Sheet1!$A$2:$D$10,2,0) -> 114010-50820 | E62: CYLINDER ASSY,BK MASTER W/ECU | F62: 46035 | G62: 0.97916667 | H62: CA-01 | I62: AC5 | J62: 11 | K62: =VLOOKUP($C62,Sheet1!$A$2:$D$10,4,0) -> 1 | L62: =VLOOKUP($C62,Sheet1!$A$2:$E$10,5,0) -> Bin | M62: =J62/K62 -> 11 | O62: HR47E2937 | P62: 12505Q100043
A63: G/I/25-26/01627 | B63: 13N621830401AC5 | C63: 5A120M58U50 | D63: =VLOOKUP($C63,Sheet1!$A$2:$D$10,2,0) -> 114010-50830 | E63: CYLINDER ASSY,BK MASTER W/ECU | F63: 46035 | G63: 0.97916667 | H63: CA-01 | I63: AC5 | J63: 33 | K63: =VLOOKUP($C63,Sheet1!$A$2:$D$10,4,0) -> 1 | L63: =VLOOKUP($C63,Sheet1!$A$2:$E$10,5,0) -> Bin | M63: =J63/K63 -> 33 | O63: HR47E2937 | P63: 12505Q100152
M64: 109 | N64: 7
B65: Download : X539_eNagare_2026112.txt

Sheet 16-01-2026
J1: 24AACCN5739J1ZA
A2: Supply Month | B2: 46038 | L2: Vehicle No
A3: INVOICE NO | B3: KANBAN NO | C3: PART NUMBER | D3: Material Code | E3: PART NAME | F3: SUPPLY DATE | G3: SUPPLY TIME | H3: UNLOADING LOC | I3: Line | J3: Qty Req | K3: Packing Standerd | L3: Packed in | M3: TTL Bin | N3: TORLLY | O3: Vehicle No | P3: INV NO
A4: G/I/25-26/01629 | B4: 16N622374132AC5 | C4: 55101M58U10 | D4: =VLOOKUP($C4,Sheet1!$A$2:$D$10,2,0) -> 141110-14600 | E4: CALIPER ASSY,FRONT BRAKE,R | F4: 46038 | G4: 0.35416667 | H4: CA-07 | I4: AC5 | J4: 54 | K4: =VLOOKUP($C4,Sheet1!$A$2:$D$10,4,0) -> 18 | L4: =VLOOKUP($C4,Sheet1!$A$2:$E$10,5,0) -> Trolley (H) | N4: 3 | O4: HR47E8635 | P4: AN0250011439
A5: G/I/25-26/01629 | B5: 16N622374175AC5 | C5: 55102M58U10 | D5: =VLOOKUP($C5,Sheet1!$A$2:$D$10,2,0) -> 141120-14600 | E5: CALIPER ASSY,FRONT BRAKE,L | F5: 46038 | G5: 0.35416667 | H5: CA-07 | I5: AC5 | J5: 54 | K5: =VLOOKUP($C5,Sheet1!$A$2:$D$10,4,0) -> 18 | L5: =VLOOKUP($C5,Sheet1!$A$2:$E$10,5,0) -> Trolley (H) | O5: HR47E8635 | P5: AN0250011439
A6: G/I/25-26/01629 | B6: 16N622374213AC5 | C6: 55311M58U00 | D6: =VLOOKUP($C6,Sheet1!$A$2:$D$10,2,0) -> 141185-74670 | E6: DISC,FRONT BRAKE | F6: 46038 | G6: 0.35416667 | H6: CA-07 | I6: AC5 | J6: 80 | K6: =VLOOKUP($C6,Sheet1!$A$2:$D$10,4,0) -> 40 | L6: =VLOOKUP($C6,Sheet1!$A$2:$E$10,5,0) -> Trolley | N6: =J6/K6 -> 2 | O6: HR47E8635 | P6: 910105765
A7: G/I/25-26/01629 | B7: 16N622374256AC5 | C7: 55401M58U00 | D7: =VLOOKUP($C7,Sheet1!$A$2:$D$10,2,0) -> 141140-91211 | E7: CALIPER ASSY,REAR BRAKE,R | F7: 46038 | G7: 0.35416667 | H7: CA-21 | I7: AC5 | J7: 44 | K7: =VLOOKUP($C7,Sheet1!$A$2:$D$10,4,0) -> 2 | L7: =VLOOKUP($C7,Sheet1!$A$2:$E$10,5,0) -> Bin | M7: =J7/K7 -> 22 | O7: HR47E8635 | P7: 12505Q100022-35 Qty /12507Q100188-9 Qty.
A8: G/I/25-26/01629 | B8: 16N622592202AC5 | C8: 55401M58U00 | D8: =VLOOKUP($C8,Sheet1!$A$2:$D$10,2,0) -> 141140-91211 | E8: CALIPER ASSY,REAR BRAKE,R | F8: 46038 | G8: 0.35416667 | H8: CA-21 | I8: AC5 | J8: 2 | K8: =VLOOKUP($C8,Sheet1!$A$2:$D$10,4,0) -> 2 | L8: =VLOOKUP($C8,Sheet1!$A$2:$E$10,5,0) -> Bin | M8: =J8/K8 -> 1 | O8: HR47E8635 | P8: 12507Q100188
A9: G/I/25-26/01629 | B9: 16N622374299AC5 | C9: 55402M58U00 | D9: =VLOOKUP($C9,Sheet1!$A$2:$D$10,2,0) -> 141150-91211 | E9: CALIPER ASSY,REAR BRAKE,L | F9: 46038 | G9: 0.35416667 | H9: CA-21 | I9: AC5 | J9: 44 | K9: =VLOOKUP($C9,Sheet1!$A$2:$D$10,4,0) -> 2 | L9: =VLOOKUP($C9,Sheet1!$A$2:$E$10,5,0) -> Bin | M9: =J9/K9 -> 22 | O9: HR47E8635 | P9: 12507Q100188
A10: G/I/25-26/01629 | B10: 16N622592997AC5 | C10: 55402M58U00 | D10: =VLOOKUP($C10,Sheet1!$A$2:$D$10,2,0) -> 141150-91211 | E10: CALIPER ASSY,REAR BRAKE,L | F10: 46038 | G10: 0.35416667 | H10: CA-21 | I10: AC5 | J10: 2 | K10: =VLOOKUP($C10,Sheet1!$A$2:$D$10,4,0) -> 2 | L10: =VLOOKUP($C10,Sheet1!$A$2:$E$10,5,0) -> Bin | M10: =J10/K10 -> 1 | O10: HR47E8635 | P10: 12507Q100188
A11: G/I/25-26/01629 | B11: 16N622374337AC5 | C11: 55611M58U00 | D11: =VLOOKUP($C11,Sheet1!$A$2:$D$10,2,0) -> 141186-74360 | E11: DISC,REAR BRAKE | F11: 46038 | G11: 0.35416667 | H11: CA-21 | I11: AC5 | J11: 80 | K11: =VLOOKUP($C11,Sheet1!$A$2:$D$10,4,0) -> 40 | L11: =VLOOKUP($C11,Sheet1!$A$2:$E$10,5,0) -> Trolley | N11: =J11/K11 -> 2 | O11: HR47E8635 | P11: 910105765
A12: G/I/25-26/01630 | B12: 16N622374370AC5 | C12: 56110M58UA1 | D12: =VLOOKUP($C12,Sheet1!$A$2:$D$10,2,0) -> 116040-92240 | E12: ACTUATOR ASSY,NO VARIANT ESP | F12: 46038 | G12: 0.35416667 | H12: CA-01 | I12: AC5 | J12: 84 | K12: =VLOOKUP($C12,Sheet1!$A$2:$D$10,4,0) -> 6 | L12: =VLOOKUP($C12,Sheet1!$A$2:$E$10,5,0) -> Bin | M12: =J12/K12 -> 14 | O12: HR47E8635 | P12: 12505Q100174
A13: G/I/25-26/01630 | B13: 16N622374418AC5 | C13: 5A120M58U01 | D13: =VLOOKUP($C13,Sheet1!$A$2:$D$10,2,0) -> 114010-50820 | E13: CYLINDER ASSY,BK MASTER W/ECU | F13: 46038 | G13: 0.35416667 | H13: CA-01 | I13: AC5 | J13: 15 | K13: =VLOOKUP($C13,Sheet1!$A$2:$D$10,4,0) -> 1 | L13: =VLOOKUP($C13,Sheet1!$A$2:$E$10,5,0) -> Bin | M13: =J13/K13 -> 15 | O13: HR47E8635 | P13: 12505Q100043
A14: G/I/25-26/01630 | B14: 16N622590668AC5 | C14: 5A120M58U01 | D14: =VLOOKUP($C14,Sheet1!$A$2:$D$10,2,0) -> 114010-50820 | E14: CYLINDER ASSY,BK MASTER W/ECU | F14: 46038 | G14: 0.35416667 | H14: CA-01 | I14: AC5 | J14: 3 | K14: =VLOOKUP($C14,Sheet1!$A$2:$D$10,4,0) -> 1 | L14: =VLOOKUP($C14,Sheet1!$A$2:$E$10,5,0) -> Bin | M14: =J14/K14 -> 3 | O14: HR47E8635 | P14: 12505Q100043
A15: G/I/25-26/01630 | B15: 16N622398325AC5 | C15: 5A120M58U50 | D15: =VLOOKUP($C15,Sheet1!$A$2:$D$10,2,0) -> 114010-50830 | E15: CYLINDER ASSY,BK MASTER W/ECU | F15: 46038 | G15: 0.35416667 | H15: CA-01 | I15: AC5 | J15: 40 | K15: =VLOOKUP($C15,Sheet1!$A$2:$D$10,4,0) -> 1 | L15: =VLOOKUP($C15,Sheet1!$A$2:$E$10,5,0) -> Bin | M15: =J15/K15 -> 40 | O15: HR47E8635 | P15: 12505Q100152
M16: 118 | N16: 7
A17: G/I/25-26/01631 | B17: 16N622374132AC5 | C17: 55101M58U10 | D17: =VLOOKUP($C17,Sheet1!$A$2:$D$10,2,0) -> 141110-14600 | E17: CALIPER ASSY,FRONT BRAKE,R | F17: 46038 | G17: 0.35416667 | H17: CA-07 | I17: AC5 | J17: 36 | K17: =VLOOKUP($C17,Sheet1!$A$2:$D$10,4,0) -> 18 | L17: =VLOOKUP($C17,Sheet1!$A$2:$E$10,5,0) -> Trolley (H) | N17: 2 | O17: HR47H5465 | P17: AN0250011439
A18: G/I/25-26/01631 | B18: 16N622374175AC5 | C18: 55102M58U10 | D18: =VLOOKUP($C18,Sheet1!$A$2:$D$10,2,0) -> 141120-14600 | E18: CALIPER ASSY,FRONT BRAKE,L | F18: 46038 | G18: 0.35416667 | H18: CA-07 | I18: AC5 | J18: 36 | K18: =VLOOKUP($C18,Sheet1!$A$2:$D$10,4,0) -> 18 | L18: =VLOOKUP($C18,Sheet1!$A$2:$E$10,5,0) -> Trolley (H) | O18: HR47H5465 | P18: AN0250011439
A19: G/I/25-26/01631 | B19: 16N622374213AC5 | C19: 55311M58U00 | D19: =VLOOKUP($C19,Sheet1!$A$2:$D$10,2,0) -> 141185-74670 | E19: DISC,FRONT BRAKE | F19: 46038 | G19: 0.35416667 | H19: CA-07 | I19: AC5 | J19: 80 | K19: =VLOOKUP($C19,Sheet1!$A$2:$D$10,4,0) -> 40 | L19: =VLOOKUP($C19,Sheet1!$A$2:$E$10,5,0) -> Trolley | N19: =J19/K19 -> 2 | O19: HR47H5465 | P19: 910105765
A20: G/I/25-26/01631 | B20: 16N622374256AC5 | C20: 55401M58U00 | D20: =VLOOKUP($C20,Sheet1!$A$2:$D$10,2,0) -> 141140-91211 | E20: CALIPER ASSY,REAR BRAKE,R | F20: 46038 | G20: 0.35416667 | H20: CA-21 | I20: AC5 | J20: 42 | K20: =VLOOKUP($C20,Sheet1!$A$2:$D$10,4,0) -> 2 | L20: =VLOOKUP($C20,Sheet1!$A$2:$E$10,5,0) -> Bin | M20: =J20/K20 -> 21 | O20: HR47H5465 | P20: 12505Q100022-02 Qty /12505Q100125-39 Qty.
A21: G/I/25-26/01631 | B21: 16N622374299AC5 | C21: 55402M58U00 | D21: =VLOOKUP($C21,Sheet1!$A$2:$D$10,2,0) -> 141150-91211 | E21: CALIPER ASSY,REAR BRAKE,L | F21: 46038 | G21: 0.35416667 | H21: CA-21 | I21: AC5 | J21: 42 | K21: =VLOOKUP($C21,Sheet1!$A$2:$D$10,4,0) -> 2 | L21: =VLOOKUP($C21,Sheet1!$A$2:$E$10,5,0) -> Bin | M21: =J21/K21 -> 21 | O21: HR47H5465 | P21: 12505Q100022
A22: G/I/25-26/01631 | B22: 16N622374337AC5 | C22: 55611M58U00 | D22: =VLOOKUP($C22,Sheet1!$A$2:$D$10,2,0) -> 141186-74360 | E22: DISC,REAR BRAKE | F22: 46038 | G22: 0.35416667 | H22: CA-21 | I22: AC5 | J22: 80 | K22: =VLOOKUP($C22,Sheet1!$A$2:$D$10,4,0) -> 40 | L22: =VLOOKUP($C22,Sheet1!$A$2:$E$10,5,0) -> Trolley | N22: =J22/K22 -> 2 | O22: HR47H5465 | P22: 910105765
A23: G/I/25-26/01632 | B23: 16N622374418AC5 | C23: 5A120M58U01 | D23: =VLOOKUP($C23,Sheet1!$A$2:$D$10,2,0) -> 114010-50820 | E23: CYLINDER ASSY,BK MASTER W/ECU | F23: 46038 | G23: 0.35416667 | H23: CA-01 | I23: AC5 | J23: 15 | K23: =VLOOKUP($C23,Sheet1!$A$2:$D$10,4,0) -> 1 | L23: =VLOOKUP($C23,Sheet1!$A$2:$E$10,5,0) -> Bin | M23: =J23/K23 -> 15 | O23: HR47H5465 | P23: 12505Q100043
A24: G/I/25-26/01632 | B24: 16N622398325AC5 | C24: 5A120M58U50 | D24: =VLOOKUP($C24,Sheet1!$A$2:$D$10,2,0) -> 114010-50830 | E24: CYLINDER ASSY,BK MASTER W/ECU | F24: 46038 | G24: 0.35416667 | H24: CA-01 | I24: AC5 | J24: 16 | K24: =VLOOKUP($C24,Sheet1!$A$2:$D$10,4,0) -> 1 | L24: =VLOOKUP($C24,Sheet1!$A$2:$E$10,5,0) -> Bin | M24: =J24/K24 -> 16 | O24: HR47H5465 | P24: 12505Q100152
A25: G/I/25-26/01633 | B25: 16N622398333AC5 | C25: 5A120M58U50 | D25: =VLOOKUP($C25,Sheet1!$A$2:$D$10,2,0) -> 114010-50830 | E25: CYLINDER ASSY,BK MASTER W/ECU | F25: 46038 | G25: 0.5625 | H25: CA-01 | I25: AC5 | J25: 48 | K25: =VLOOKUP($C25,Sheet1!$A$2:$D$10,4,0) -> 1 | L25: =VLOOKUP($C25,Sheet1!$A$2:$E$10,5,0) -> Bin | M25: =J25/K25 -> 48 | O25: HR47H5465 | P25: 12505Q100152
M26: 121 | N26: 6
A27: G/I/25-26/01634 | B27: 16N622374140AC5 | C27: 55101M58U10 | D27: =VLOOKUP($C27,Sheet1!$A$2:$D$10,2,0) -> 141110-14600 | E27: CALIPER ASSY,FRONT BRAKE,R | F27: 46038 | G27: 0.5625 | H27: CA-07 | I27: AC5 | J27: 54 | K27: =VLOOKUP($C27,Sheet1!$A$2:$D$10,4,0) -> 18 | L27: =VLOOKUP($C27,Sheet1!$A$2:$E$10,5,0) -> Trolley (H) | N27: 3 | O27: HR47E2937 | P27: AN0250011439
A28: G/I/25-26/01634 | B28: 16N622374183AC5 | C28: 55102M58U10 | D28: =VLOOKUP($C28,Sheet1!$A$2:$D$10,2,0) -> 141120-14600 | E28: CALIPER ASSY,FRONT BRAKE,L | F28: 46038 | G28: 0.5625 | H28: CA-07 | I28: AC5 | J28: 54 | K28: =VLOOKUP($C28,Sheet1!$A$2:$D$10,4,0) -> 18 | L28: =VLOOKUP($C28,Sheet1!$A$2:$E$10,5,0) -> Trolley (H) | O28: HR47E2937 | P28: AN0250011439
A29: G/I/25-26/01634 | B29: 16N622374221AC5 | C29: 55311M58U00 | D29: =VLOOKUP($C29,Sheet1!$A$2:$D$10,2,0) -> 141185-74670 | E29: DISC,FRONT BRAKE | F29: 46038 | G29: 0.5625 | H29: CA-07 | I29: AC5 | J29: 120 | K29: =VLOOKUP($C29,Sheet1!$A$2:$D$10,4,0) -> 40 | L29: =VLOOKUP($C29,Sheet1!$A$2:$E$10,5,0) -> Trolley | N29: =J29/K29 -> 3 | O29: HR47E2937 | P29: 910105765-40 Qty /910106059-80 Qty.
A30: G/I/25-26/01634 | B30: 16N622374264AC5 | C30: 55401M58U00 | D30: =VLOOKUP($C30,Sheet1!$A$2:$D$10,2,0) -> 141140-91211 | E30: CALIPER ASSY,REAR BRAKE,R | F30: 46038 | G30: 0.5625 | H30: CA-21 | I30: AC5 | J30: 60 | K30: =VLOOKUP($C30,Sheet1!$A$2:$D$10,4,0) -> 2 | L30: =VLOOKUP($C30,Sheet1!$A$2:$E$10,5,0) -> Bin | M30: =J30/K30 -> 30 | O30: HR47E2937 | P30: 12505Q100125
A31: G/I/25-26/01634 | B31: 16N622374302AC5 | C31: 55402M58U00 | D31: =VLOOKUP($C31,Sheet1!$A$2:$D$10,2,0) -> 141150-91211 | E31: CALIPER ASSY,REAR BRAKE,L | F31: 46038 | G31: 0.5625 | H31: CA-21 | I31: AC5 | J31: 60 | K31: =VLOOKUP($C31,Sheet1!$A$2:$D$10,4,0) -> 2 | L31: =VLOOKUP($C31,Sheet1!$A$2:$E$10,5,0) -> Bin | M31: =J31/K31 -> 30 | O31: HR47E2937 | P31: 12507Q100188
A32: G/I/25-26/01634 | B32: 16N622374345AC5 | C32: 55611M58U00 | D32: =VLOOKUP($C32,Sheet1!$A$2:$D$10,2,0) -> 141186-74360 | E32: DISC,REAR BRAKE | F32: 46038 | G32: 0.5625 | H32: CA-21 | I32: AC5 | J32: 120 | K32: =VLOOKUP($C32,Sheet1!$A$2:$D$10,4,0) -> 40 | L32: =VLOOKUP($C32,Sheet1!$A$2:$E$10,5,0) -> Trolley | N32: =J32/K32 -> 3 | O32: HR47E2937 | P32: 910105765
A33: G/I/25-26/01635 | B33: 16N622374388AC5 | C33: 56110M58UA1 | D33: =VLOOKUP($C33,Sheet1!$A$2:$D$10,2,0) -> 116040-92240 | E33: ACTUATOR ASSY,NO VARIANT ESP | F33: 46038 | G33: 0.5625 | H33: CA-01 | I33: AC5 | J33: 60 | K33: =VLOOKUP($C33,Sheet1!$A$2:$D$10,4,0) -> 6 | L33: =VLOOKUP($C33,Sheet1!$A$2:$E$10,5,0) -> Bin | M33: =J33/K33 -> 10 | O33: HR47E2937 | P33: 12505Q100174 -9 Qty / 12506Q100031 -51 Qty.
A34: G/I/25-26/01635 | B34: 16N622374434AC5 | C34: 5A120M58U01 | D34: =VLOOKUP($C34,Sheet1!$A$2:$D$10,2,0) -> 114010-50820 | E34: CYLINDER ASSY,BK MASTER W/ECU | F34: 46038 | G34: 0.5625 | H34: CA-01 | I34: AC5 | J34: 19 | K34: =VLOOKUP($C34,Sheet1!$A$2:$D$10,4,0) -> 1 | L34: =VLOOKUP($C34,Sheet1!$A$2:$E$10,5,0) -> Bin | M34: =J34/K34 -> 19 | O34: HR47E2937 | P34: 12505Q100043
M35: 89 | N35: 9
A36: G/I/25-26/01636 | B36: 16N622374159AC5 | C36: 55101M58U10 | D36: =VLOOKUP($C36,Sheet1!$A$2:$D$10,2,0) -> 141110-14600 | E36: CALIPER ASSY,FRONT BRAKE,R | F36: 46038 | G36: 0.77083333 | H36: CA-07 | I36: AC5 | J36: 54 | K36: =VLOOKUP($C36,Sheet1!$A$2:$D$10,4,0) -> 18 | L36: =VLOOKUP($C36,Sheet1!$A$2:$E$10,5,0) -> Trolley (H) | N36: 3 | O36: HR47G9416 | P36: AN0250011439-04 PCS / AN250011627-18+18+14 PCS
A37: G/I/25-26/01636 | B37: 16N622374191AC5 | C37: 55102M58U10 | D37: =VLOOKUP($C37,Sheet1!$A$2:$D$10,2,0) -> 141120-14600 | E37: CALIPER ASSY,FRONT BRAKE,L | F37: 46038 | G37: 0.77083333 | H37: CA-07 | I37: AC5 | J37: 54 | K37: =VLOOKUP($C37,Sheet1!$A$2:$D$10,4,0) -> 18 | L37: =VLOOKUP($C37,Sheet1!$A$2:$E$10,5,0) -> Trolley (H) | O37: HR47G9416 | P37: AN0250011439-18+18+09 PCS / AN250011627-09 PCS
A38: G/I/25-26/01636 | B38: 16N622374230AC5 | C38: 55311M58U00 | D38: =VLOOKUP($C38,Sheet1!$A$2:$D$10,2,0) -> 141185-74670 | E38: DISC,FRONT BRAKE | F38: 46038 | G38: 0.77083333 | H38: CA-07 | I38: AC5 | J38: 120 | K38: =VLOOKUP($C38,Sheet1!$A$2:$D$10,4,0) -> 40 | L38: =VLOOKUP($C38,Sheet1!$A$2:$E$10,5,0) -> Trolley | N38: =J38/K38 -> 3 | O38: HR47G9416 | P38: 910106059
A39: G/I/25-26/01636 | B39: 16N622374272AC5 | C39: 55401M58U00 | D39: =VLOOKUP($C39,Sheet1!$A$2:$D$10,2,0) -> 141140-91211 | E39: CALIPER ASSY,REAR BRAKE,R | F39: 46038 | G39: 0.77083333 | H39: CA-21 | I39: AC5 | J39: 52 | K39: =VLOOKUP($C39,Sheet1!$A$2:$D$10,4,0) -> 2 | L39: =VLOOKUP($C39,Sheet1!$A$2:$E$10,5,0) -> Bin | M39: =J39/K39 -> 26 | O39: HR47G9416 | P39: 12505Q100125
A40: G/I/25-26/01636 | B40: 16N622374310AC5 | C40: 55402M58U00 | D40: =VLOOKUP($C40,Sheet1!$A$2:$D$10,2,0) -> 141150-91211 | E40: CALIPER ASSY,REAR BRAKE,L | F40: 46038 | G40: 0.77083333 | H40: CA-21 | I40: AC5 | J40: 52 | K40: =VLOOKUP($C40,Sheet1!$A$2:$D$10,4,0) -> 2 | L40: =VLOOKUP($C40,Sheet1!$A$2:$E$10,5,0) -> Bin | M40: =J40/K40 -> 26 | O40: HR47G9416 | P40: 12504Q100256
A41: G/I/25-26/01636 | B41: 16N622374353AC5 | C41: 55611M58U00 | D41: =VLOOKUP($C41,Sheet1!$A$2:$D$10,2,0) -> 141186-74360 | E41: DISC,REAR BRAKE | F41: 46038 | G41: 0.77083333 | H41: CA-21 | I41: AC5 | J41: 120 | K41: =VLOOKUP($C41,Sheet1!$A$2:$D$10,4,0) -> 40 | L41: =VLOOKUP($C41,Sheet1!$A$2:$E$10,5,0) -> Trolley | N41: =J41/K41 -> 3 | O41: HR47G9416 | P41: 910105765
A42: G/I/25-26/01637 | B42: 16N622374396AC5 | C42: 56110M58UA1 | D42: =VLOOKUP($C42,Sheet1!$A$2:$D$10,2,0) -> 116040-92240 | E42: ACTUATOR ASSY,NO VARIANT ESP | F42: 46038 | G42: 0.77083333 | H42: CA-01 | I42: AC5 | J42: 54 | K42: =VLOOKUP($C42,Sheet1!$A$2:$D$10,4,0) -> 6 | L42: =VLOOKUP($C42,Sheet1!$A$2:$E$10,5,0) -> Bin | M42: =J42/K42 -> 9 | O42: HR47G9416 | P42: 12506Q100031
A43: G/I/25-26/01637 | B43: 16N622398317AC5 | C43: 5A120M58U01 | D43: =VLOOKUP($C43,Sheet1!$A$2:$D$10,2,0) -> 114010-50820 | E43: CYLINDER ASSY,BK MASTER W/ECU | F43: 46038 | G43: 0.77083333 | H43: CA-01 | I43: AC5 | J43: 17 | K43: =VLOOKUP($C43,Sheet1!$A$2:$D$10,4,0) -> 1 | L43: =VLOOKUP($C43,Sheet1!$A$2:$E$10,5,0) -> Bin | M43: =J43/K43 -> 17 | O43: HR47G9416 | P43: 12505Q100043
A44: G/I/25-26/01637 | B44: 16N622398341AC5 | C44: 5A120M58U50 | D44: =VLOOKUP($C44,Sheet1!$A$2:$D$10,2,0) -> 114010-50830 | E44: CYLINDER ASSY,BK MASTER W/ECU | F44: 46038 | G44: 0.77083333 | H44: CA-01 | I44: AC5 | J44: 32 | K44: =VLOOKUP($C44,Sheet1!$A$2:$D$10,4,0) -> 1 | L44: =VLOOKUP($C44,Sheet1!$A$2:$E$10,5,0) -> Bin | M44: =J44/K44 -> 32 | O44: HR47G9416 | P44: 12505Q100152
M45: 110 | N45: 9
A46: G/I/25-26/01640 | B46: 17N624183695AC5 | C46: 55101M58U10 | D46: =VLOOKUP($C46,Sheet1!$A$2:$D$10,2,0) -> 141110-14600 | E46: CALIPER ASSY,FRONT BRAKE,R | F46: 46038 | G46: 0.78125 | H46: CA-07 | I46: AC5 | J46: 18 | K46: =VLOOKUP($C46,Sheet1!$A$2:$D$10,4,0) -> 18 | L46: =VLOOKUP($C46,Sheet1!$A$2:$E$10,5,0) -> Trolley (H) | N46: 1 | O46: HR47E8635 | P46: AN0250011439
A47: G/I/25-26/01640 | B47: 17N624184365AC5 | C47: 55102M58U10 | D47: =VLOOKUP($C47,Sheet1!$A$2:$D$10,2,0) -> 141120-14600 | E47: CALIPER ASSY,FRONT BRAKE,L | F47: 46038 | G47: 0.78125 | H47: CA-07 | I47: AC5 | J47: 18 | K47: =VLOOKUP($C47,Sheet1!$A$2:$D$10,4,0) -> 18 | L47: =VLOOKUP($C47,Sheet1!$A$2:$E$10,5,0) -> Trolley (H) | O47: HR47E8635 | P47: AN0250011439
A48: G/I/25-26/01640 | B48: 17N624185744AC5 | C48: 55311M58U00 | D48: =VLOOKUP($C48,Sheet1!$A$2:$D$10,2,0) -> 141185-74670 | E48: DISC,FRONT BRAKE | F48: 46038 | G48: 0.78125 | H48: CA-07 | I48: AC5 | J48: 40 | K48: =VLOOKUP($C48,Sheet1!$A$2:$D$10,4,0) -> 40 | L48: =VLOOKUP($C48,Sheet1!$A$2:$E$10,5,0) -> Trolley | N48: =J48/K48 -> 1 | O48: HR47E8635 | P48: 910106059
A49: G/I/25-26/01640 | B49: 17N624186163AC5 | C49: 55401M58U00 | D49: =VLOOKUP($C49,Sheet1!$A$2:$D$10,2,0) -> 141140-91211 | E49: CALIPER ASSY,REAR BRAKE,R | F49: 46038 | G49: 0.78125 | H49: CA-21 | I49: AC5 | J49: 14 | K49: =VLOOKUP($C49,Sheet1!$A$2:$D$10,4,0) -> 2 | L49: =VLOOKUP($C49,Sheet1!$A$2:$E$10,5,0) -> Bin | M49: =J49/K49 -> 7 | O49: HR47E8635 | P49: 12505Q100125
A50: G/I/25-26/01640 | B50: 17N624187038AC5 | C50: 55402M58U00 | D50: =VLOOKUP($C50,Sheet1!$A$2:$D$10,2,0) -> 141150-91211 | E50: CALIPER ASSY,REAR BRAKE,L | F50: 46038 | G50: 0.78125 | H50: CA-21 | I50: AC5 | J50: 14 | K50: =VLOOKUP($C50,Sheet1!$A$2:$D$10,4,0) -> 2 | L50: =VLOOKUP($C50,Sheet1!$A$2:$E$10,5,0) -> Bin | M50: =J50/K50 -> 7 | O50: HR47E8635 | P50: 12504Q100256
A51: G/I/25-26/01640 | B51: 17N624184152AC5 | C51: 55611M58U00 | D51: =VLOOKUP($C51,Sheet1!$A$2:$D$10,2,0) -> 141186-74360 | E51: DISC,REAR BRAKE | F51: 46038 | G51: 0.78125 | H51: CA-21 | I51: AC5 | J51: 40 | K51: =VLOOKUP($C51,Sheet1!$A$2:$D$10,4,0) -> 40 | L51: =VLOOKUP($C51,Sheet1!$A$2:$E$10,5,0) -> Trolley | N51: =J51/K51 -> 1 | O51: HR47E8635 | P51: 910105765
A52: G/I/25-26/01641 | B52: 17N624186341AC5 | C52: 56110M58UA1 | D52: =VLOOKUP($C52,Sheet1!$A$2:$D$10,2,0) -> 116040-92240 | E52: ACTUATOR ASSY,NO VARIANT ESP | F52: 46038 | G52: 0.78125 | H52: CA-01 | I52: AC5 | J52: 18 | K52: =VLOOKUP($C52,Sheet1!$A$2:$D$10,4,0) -> 6 | L52: =VLOOKUP($C52,Sheet1!$A$2:$E$10,5,0) -> Bin | M52: =J52/K52 -> 3 | O52: HR47E8635 | P52: 12506Q100031
A53: G/I/25-26/01641 | B53: 17N624187011AC5 | C53: 5A120M58U01 | D53: =VLOOKUP($C53,Sheet1!$A$2:$D$10,2,0) -> 114010-50820 | E53: CYLINDER ASSY,BK MASTER W/ECU | F53: 46038 | G53: 0.78125 | H53: CA-01 | I53: AC5 | J53: 4 | K53: =VLOOKUP($C53,Sheet1!$A$2:$D$10,4,0) -> 1 | L53: =VLOOKUP($C53,Sheet1!$A$2:$E$10,5,0) -> Bin | M53: =J53/K53 -> 4 | O53: HR47E8635 | P53: 12505Q100043
